#include "dungeon_bg_tiles.h"

const uint16_t g_dungeon_bg_palette[DUNGEON_BG_PALETTE_SIZE] __attribute__((aligned(4))) = {
0x0000, 0x8421, 0x8422, 0x8442, 0x8842, 0x8843, 0x8863, 0x8864, 0x8865, 0x8C43, 0x8C63, 0x8C64, 0x8C65, 0x8C84, 0x8C85, 0x8C86,
0x9063, 0x9064, 0x9084, 0x9085, 0x9086, 0x90A5, 0x90A6, 0x90A7, 0x90C6, 0x90C7, 0x9483, 0x9484, 0x9485, 0x94A4, 0x94A5, 0x94A6,
0x94A7, 0x94C6, 0x94C7, 0x94C8, 0x94E8, 0x9883, 0x9884, 0x98A4, 0x98A5, 0x98A6, 0x98C5, 0x98C6, 0x98C7, 0x98C8, 0x98E7, 0x98E8,
0x98E9, 0x98EB, 0x98EC, 0x9CA4, 0x9CC5, 0x9CC6, 0x9CC7, 0x9CC8, 0x9CE6, 0x9CE7, 0x9CE8, 0x9CE9, 0x9CEA, 0x9CEB, 0x9CEC, 0x9CED,
0x9CEE, 0x9CEF, 0x9CF0, 0x9CF1, 0x9D08, 0x9D09, 0x9D0A, 0x9D2A, 0x9D2B, 0x9D4C, 0xA0C4, 0xA0E7, 0xA0E8, 0xA0EF, 0xA0F0, 0xA0F1,
0xA0F2, 0xA108, 0xA109, 0xA10A, 0xA10C, 0xA111, 0xA112, 0xA114, 0xA129, 0xA12A, 0xA12B, 0xA14B, 0xA14C, 0xA14D, 0xA16D, 0xA16E,
0xA4E5, 0xA508, 0xA509, 0xA50A, 0xA510, 0xA529, 0xA52A, 0xA52B, 0xA52C, 0xA530, 0xA531, 0xA532, 0xA533, 0xA534, 0xA54A, 0xA54B,
0xA54C, 0xA54D, 0xA56C, 0xA56D, 0xA56E, 0xA58F, 0xA5B0, 0xA5D1, 0xA929, 0xA92A, 0xA92B, 0xA935, 0xA94A, 0xA94B, 0xA94C, 0xA94F,
0xA951, 0xA952, 0xA953, 0xA96B, 0xA96C, 0xA96D, 0xA96E, 0xA972, 0xA98D, 0xA98E, 0xA98F, 0xA9B0, 0xA9D0, 0xA9D2, 0xA9F2, 0xAA15,
0xAD4A, 0xAD4B, 0xAD6B, 0xAD6C, 0xAD6D, 0xAD6E, 0xAD71, 0xAD72, 0xAD73, 0xAD74, 0xAD8D, 0xAD8E, 0xAD8F, 0xADAE, 0xADAF, 0xADB0,
0xAE14, 0xAE15, 0xB16B, 0xB16C, 0xB18C, 0xB18D, 0xB18E, 0xB18F, 0xB1AE, 0xB1AF, 0xB1B0, 0xB1CE, 0xB1CF, 0xB1D0, 0xB1D1, 0xB1F1,
0xB214, 0xB234, 0xB235, 0xB256, 0xB257, 0xB58C, 0xB58D, 0xB58E, 0xB5AD, 0xB5AE, 0xB5AF, 0xB5B0, 0xB5CE, 0xB5CF, 0xB5D0, 0xB5D1,
0xB5EF, 0xB5F1, 0xB612, 0xB613, 0xB614, 0xB655, 0xB656, 0xB677, 0xB678, 0xB698, 0xB9AE, 0xB9AF, 0xB9CE, 0xB9CF, 0xB9D0, 0xB9D1,
0xB9EF, 0xB9F0, 0xB9F1, 0xB9F2, 0xBA34, 0xBA55, 0xBA56, 0xBA98, 0xBAB9, 0xBE97, 0xBE98, 0xBEB8, 0xBEB9, 0xBEDA, 0xC2DA, 0xC2DB,
0xC6DA, 0xC6FB, 0xCAFA, 0xCAFB, 0xCAFC, 0xCB1C, 0xCEFB, 0x0000, 0x0000, 0x0000, 0x0000, 0x0000, 0x0000, 0x0000, 0x0000, 0x0000,
0x0000, 0x0000, 0x0000, 0x0000, 0x0000, 0x0000, 0x0000, 0x0000, 0x0000, 0x0000, 0x0000, 0x0000, 0x0000, 0x0000, 0x0000, 0x0000,
};

const uint8_t g_dungeon_bg_tiles[DUNGEON_BG_NUM_TILES][64] __attribute__((aligned(4))) = {
    // Tile 0
    {
        0x00, 0x00, 0x00, 0x00, 0x00, 0x00, 0x00, 0x00, 0x00, 0x00, 0x00, 0x00, 0x00, 0x00, 0x00, 0x00,
        0x00, 0x00, 0x00, 0x00, 0x00, 0x00, 0x00, 0x00, 0x00, 0x00, 0x00, 0x00, 0x00, 0x00, 0x00, 0x00,
        0x00, 0x00, 0x00, 0x00, 0x00, 0x00, 0x00, 0x00, 0x00, 0x00, 0x00, 0x00, 0x00, 0x00, 0x00, 0x00,
        0x00, 0x00, 0x00, 0x00, 0x00, 0x00, 0x00, 0x00, 0x00, 0x00, 0x00, 0x00, 0x00, 0x00, 0x00, 0x00,
    },
    // Tile 1
    {
        0x00, 0x00, 0x00, 0x00, 0x00, 0x00, 0x00, 0x00, 0x00, 0x00, 0x00, 0x00, 0x00, 0x00, 0x00, 0x00,
        0x00, 0x00, 0x00, 0x00, 0x00, 0x00, 0x00, 0x00, 0x00, 0x00, 0x00, 0x00, 0x00, 0x00, 0x00, 0x00,
        0x00, 0x00, 0x00, 0x00, 0x00, 0x00, 0x00, 0x00, 0x00, 0x00, 0x00, 0x00, 0x00, 0x00, 0x00, 0x00,
        0x00, 0x00, 0x00, 0x00, 0x00, 0x00, 0x00, 0x00, 0x00, 0x00, 0x00, 0x00, 0x00, 0x00, 0x00, 0xBD,
    },
    // Tile 2
    {
        0x00, 0x00, 0x00, 0x00, 0x00, 0x00, 0x00, 0x00, 0x00, 0x00, 0x00, 0x00, 0x00, 0x00, 0x00, 0x00,
        0x00, 0x00, 0x00, 0x00, 0x00, 0x00, 0x00, 0x00, 0x00, 0x00, 0x00, 0x00, 0x00, 0x00, 0x00, 0x00,
        0x00, 0x00, 0x00, 0x00, 0x00, 0xA9, 0xA8, 0xA9, 0x00, 0x00, 0x00, 0xBD, 0xBD, 0xBA, 0xBA, 0xBA,
        0x00, 0xBD, 0xBD, 0xBA, 0xB9, 0xA9, 0xAC, 0xAD, 0xBE, 0xBA, 0xBA, 0xBA, 0xBD, 0xBE, 0xAD, 0xAD,
    },
    // Tile 3
    {
        0x00, 0x00, 0x00, 0x00, 0x00, 0x00, 0x00, 0x00, 0x00, 0x00, 0x00, 0x00, 0x00, 0x00, 0x00, 0x00,
        0x00, 0x00, 0x00, 0x00, 0x00, 0x00, 0x00, 0x00, 0x00, 0x00, 0x00, 0x00, 0x00, 0x00, 0x00, 0x00,
        0x00, 0x00, 0x00, 0x00, 0x00, 0x00, 0x00, 0x00, 0xAA, 0x00, 0x00, 0x00, 0x00, 0x00, 0x00, 0x00,
        0xAD, 0x00, 0x00, 0x00, 0x00, 0x00, 0x00, 0x00, 0xAD, 0x00, 0x00, 0x00, 0x00, 0x00, 0x00, 0x00,
    },
    // Tile 4
    {
        0x00, 0x00, 0x00, 0x00, 0x00, 0x00, 0x00, 0x00, 0x00, 0x00, 0x00, 0x00, 0x00, 0x00, 0x00, 0x00,
        0x00, 0x00, 0x00, 0x00, 0x00, 0x00, 0x00, 0x00, 0x00, 0x00, 0x00, 0x00, 0x00, 0x00, 0x00, 0xD1,
        0x00, 0x00, 0x00, 0x00, 0x00, 0xA9, 0xA8, 0xA9, 0x00, 0x00, 0x00, 0xBD, 0xBD, 0xBA, 0xBA, 0xBA,
        0x00, 0xBD, 0xBD, 0xBA, 0xB9, 0xA9, 0xAC, 0xAD, 0xBE, 0xBA, 0xBA, 0xBA, 0xBD, 0xBE, 0xAD, 0xAD,
    },
    // Tile 5
    {
        0x00, 0x00, 0x00, 0x00, 0x00, 0xA8, 0xBD, 0xBB, 0x00, 0x00, 0x00, 0xC0, 0xBD, 0xBA, 0xBA, 0xA9,
        0x00, 0xBD, 0xBD, 0xBA, 0xBA, 0xBD, 0xAC, 0xBE, 0xBD, 0xBA, 0xBD, 0xBA, 0xBD, 0xBE, 0xA9, 0x9C,
        0xBA, 0xBD, 0xAD, 0xBE, 0xAD, 0x9C, 0x72, 0x5A, 0xAA, 0xBA, 0xA9, 0x89, 0x70, 0x59, 0x53, 0x53,
        0xAD, 0x84, 0x70, 0x53, 0x46, 0x45, 0x45, 0x45, 0xAD, 0x53, 0x46, 0x45, 0x45, 0x45, 0x45, 0x46,
    },
    // Tile 6
    {
        0xBA, 0xA9, 0xAC, 0xBE, 0xBE, 0xAD, 0xAD, 0xBE, 0xBD, 0xAC, 0xAD, 0xAD, 0xAD, 0xAD, 0xAD, 0xAD,
        0xAD, 0xAD, 0xAD, 0xAD, 0xAD, 0xAD, 0xAD, 0xAD, 0x85, 0x9E, 0xAD, 0xAD, 0xA9, 0xA9, 0xAA, 0xAD,
        0x5A, 0x9C, 0x9E, 0x9E, 0x9E, 0xAA, 0xAD, 0xAD, 0x59, 0x85, 0x9B, 0x73, 0x5B, 0x9E, 0xAD, 0xBE,
        0x45, 0x5A, 0x59, 0x53, 0x59, 0x9C, 0x9E, 0xA8, 0x53, 0x53, 0x46, 0x46, 0x59, 0x89, 0x89, 0xA4,
    },
    // Tile 7
    {
        0x9F, 0x00, 0x00, 0x00, 0x00, 0x00, 0x00, 0x00, 0x9E, 0x00, 0x00, 0x00, 0x00, 0x00, 0x00, 0x00,
        0x9E, 0x00, 0x00, 0x00, 0x00, 0x00, 0x00, 0x00, 0x9F, 0x00, 0x00, 0x00, 0x00, 0x00, 0x00, 0x00,
        0x94, 0x9A, 0x94, 0x00, 0x00, 0x00, 0x00, 0x00, 0xBA, 0xB9, 0xB9, 0xCB, 0xBA, 0x00, 0x00, 0x00,
        0xB9, 0xCD, 0xBA, 0xBA, 0xA9, 0xB9, 0xA6, 0x00, 0xA3, 0xA5, 0xB9, 0xBA, 0xBA, 0xB9, 0xB9, 0xB9,
    },
    // Tile 8
    {
        0x00, 0x00, 0x00, 0x00, 0x00, 0x00, 0x00, 0x00, 0x00, 0x00, 0x00, 0x00, 0x00, 0x00, 0x00, 0x00,
        0x00, 0x00, 0x00, 0x00, 0x00, 0x00, 0x00, 0x00, 0x00, 0x00, 0x00, 0x00, 0x00, 0x00, 0x00, 0x00,
        0x00, 0x00, 0x00, 0x00, 0x00, 0x00, 0x00, 0x00, 0x00, 0x00, 0x00, 0x00, 0x00, 0x00, 0x00, 0x00,
        0x00, 0x00, 0x00, 0x00, 0x00, 0x00, 0x00, 0x00, 0xA9, 0x00, 0x00, 0x00, 0x00, 0x00, 0x00, 0x00,
    },
    // Tile 9
    {
        0xBA, 0xA9, 0xAC, 0xBE, 0xBE, 0xAD, 0xAD, 0xBE, 0xBD, 0xAC, 0xAD, 0xAD, 0xAD, 0xAD, 0xAD, 0xAD,
        0xAD, 0xAD, 0xAD, 0xAD, 0xAD, 0xAD, 0xAD, 0xAD, 0x85, 0x9E, 0xAD, 0xAD, 0xA9, 0xA9, 0xAA, 0xAD,
        0x5A, 0x9C, 0x9E, 0x9E, 0x9E, 0xAA, 0xAD, 0xAD, 0x59, 0x85, 0x9B, 0x73, 0x5B, 0x9E, 0xAD, 0xAA,
        0x45, 0x5A, 0x59, 0x53, 0x59, 0x9C, 0x9E, 0xA9, 0x53, 0x53, 0x46, 0x46, 0x59, 0x89, 0x89, 0x88,
    },
    // Tile 10
    {
        0x9F, 0x52, 0x46, 0x45, 0x45, 0x45, 0x59, 0x53, 0x9E, 0x52, 0x53, 0x59, 0x59, 0x45, 0x53, 0x46,
        0x9E, 0x52, 0x59, 0x59, 0x59, 0x45, 0x46, 0x45, 0x9F, 0x52, 0x59, 0x46, 0x46, 0x3B, 0x45, 0x53,
        0x9F, 0x52, 0x45, 0x45, 0x3B, 0x45, 0x53, 0x53, 0x9F, 0x52, 0x46, 0x46, 0x53, 0x53, 0x46, 0x53,
        0x9C, 0x52, 0x53, 0x59, 0x46, 0x45, 0x45, 0x45, 0x5C, 0x58, 0x46, 0x45, 0x45, 0x45, 0x45, 0x45,
    },
    // Tile 11
    {
        0x46, 0x46, 0x45, 0x45, 0x45, 0x70, 0x5A, 0xB6, 0x45, 0x45, 0x45, 0x53, 0x59, 0x53, 0x59, 0xB6,
        0x45, 0x46, 0x59, 0x53, 0x45, 0x46, 0x45, 0xB6, 0x59, 0x45, 0x53, 0x45, 0x45, 0x45, 0x45, 0xCA,
        0x53, 0x45, 0x46, 0x45, 0x45, 0x53, 0x59, 0xB6, 0x46, 0x3B, 0x45, 0x45, 0x59, 0x53, 0x53, 0xB6,
        0x45, 0x53, 0x59, 0x59, 0x59, 0x52, 0x46, 0x92, 0x59, 0x59, 0x53, 0x46, 0x46, 0x3B, 0x46, 0x62,
    },
    // Tile 12
    {
        0xA4, 0xA5, 0xA5, 0xA5, 0xB9, 0xBD, 0xBD, 0xB9, 0xA5, 0xA5, 0xA4, 0xA4, 0xA4, 0xB6, 0xB9, 0xBD,
        0xA5, 0xA4, 0xB5, 0xA5, 0xA4, 0xA4, 0xA4, 0xA5, 0xB6, 0xB6, 0xA4, 0xA4, 0xB6, 0xA5, 0xA4, 0x79,
        0xB6, 0xB7, 0xB6, 0x91, 0xA3, 0xA4, 0xA5, 0x4C, 0xA5, 0xA5, 0xA4, 0x62, 0x79, 0x93, 0x93, 0x3A,
        0xA3, 0xA5, 0xA5, 0x52, 0x4C, 0x51, 0x65, 0x3A, 0x79, 0x93, 0x93, 0x52, 0x4C, 0x4C, 0x4C, 0x51,
    },
    // Tile 13
    {
        0xB9, 0xB9, 0xA8, 0x00, 0x00, 0x00, 0x00, 0x00, 0xB9, 0xB9, 0xB9, 0xB9, 0xBA, 0x00, 0x00, 0x00,
        0xBA, 0xCD, 0xBD, 0xBA, 0xB9, 0xB9, 0xA9, 0x00, 0x92, 0xA5, 0xB9, 0xCD, 0xBA, 0xA8, 0xBA, 0xBA,
        0x4C, 0x62, 0x90, 0xB6, 0xCD, 0xCD, 0xBE, 0xBE, 0x39, 0x4B, 0x4B, 0x62, 0x93, 0xA8, 0xBE, 0xBE,
        0x39, 0x39, 0x4B, 0x39, 0x4B, 0x79, 0x94, 0xA8, 0x51, 0x4C, 0x39, 0x39, 0x39, 0x4C, 0x52, 0xA4,
    },
    // Tile 14
    {
        0x00, 0x00, 0x00, 0x00, 0x00, 0x00, 0x00, 0x00, 0x00, 0x00, 0x00, 0x00, 0x00, 0x00, 0x00, 0x00,
        0x00, 0x00, 0x00, 0x00, 0x00, 0x00, 0x00, 0x00, 0x9E, 0x00, 0x00, 0x00, 0x00, 0x00, 0x00, 0x00,
        0x94, 0x9A, 0x94, 0x00, 0x00, 0x00, 0x00, 0x00, 0xBA, 0xB9, 0xB9, 0xCB, 0xBA, 0x00, 0x00, 0x00,
        0xB9, 0xCD, 0xBA, 0xBA, 0xA9, 0xB9, 0xA6, 0x00, 0xA3, 0xA5, 0xB9, 0xBA, 0xBA, 0xB9, 0xB9, 0xB9,
    },
    // Tile 15
    {
        0x00, 0x00, 0x00, 0x00, 0x00, 0x00, 0x00, 0x00, 0x00, 0x00, 0x00, 0x00, 0x00, 0x00, 0x00, 0x00,
        0x00, 0x00, 0x00, 0x00, 0x00, 0x00, 0x00, 0x00, 0x00, 0x00, 0x00, 0x00, 0x00, 0x00, 0x00, 0xD1,
        0x00, 0x00, 0x00, 0x00, 0x00, 0xA9, 0xA8, 0xAD, 0x00, 0x00, 0x00, 0x00, 0xA9, 0xBD, 0xBA, 0xBA,
        0x00, 0xA8, 0xA9, 0xBA, 0xBA, 0xA9, 0xBD, 0xBE, 0xBD, 0xBD, 0xBA, 0xBA, 0xBA, 0xBE, 0xBE, 0xAD,
    },
    // Tile 16
    {
        0x00, 0x00, 0x00, 0x00, 0x00, 0xA8, 0xBD, 0xBB, 0x00, 0x00, 0x00, 0xC0, 0xBD, 0xBA, 0xBA, 0xA9,
        0x00, 0xBD, 0xBD, 0xBA, 0xBA, 0xBD, 0xAC, 0xBE, 0xBD, 0xBA, 0xBD, 0xBA, 0xBD, 0xBE, 0xA9, 0x9C,
        0xBA, 0xBD, 0xAD, 0xBE, 0xAD, 0x9C, 0x72, 0x5A, 0xBE, 0x9A, 0xA9, 0x89, 0x70, 0x59, 0x53, 0x53,
        0xBE, 0x9B, 0x70, 0x53, 0x46, 0x45, 0x45, 0x45, 0x9E, 0x89, 0x46, 0x45, 0x45, 0x45, 0x45, 0x46,
    },
    // Tile 17
    {
        0x46, 0x46, 0x45, 0x45, 0x45, 0x70, 0x5A, 0x59, 0x45, 0x45, 0x45, 0x53, 0x59, 0x53, 0x59, 0x53,
        0x45, 0x46, 0x59, 0x53, 0x45, 0x46, 0x45, 0x53, 0x59, 0x45, 0x53, 0x45, 0x45, 0x45, 0x45, 0x53,
        0x53, 0x45, 0x46, 0x45, 0x45, 0x53, 0x59, 0x53, 0x46, 0x3B, 0x45, 0x45, 0x59, 0x53, 0x53, 0x45,
        0x45, 0x53, 0x59, 0x59, 0x59, 0x52, 0x46, 0x45, 0x59, 0x59, 0x53, 0x46, 0x46, 0x3B, 0x46, 0x46,
    },
    // Tile 18
    {
        0x46, 0x52, 0x45, 0x45, 0x45, 0x45, 0x46, 0x53, 0x46, 0x52, 0x46, 0x53, 0x59, 0x45, 0x53, 0x45,
        0x46, 0x53, 0x59, 0x59, 0x53, 0x45, 0x46, 0x45, 0x47, 0x52, 0x53, 0x45, 0x45, 0x3B, 0x53, 0x85,
        0x46, 0x52, 0x45, 0x45, 0x45, 0x70, 0x9E, 0xAD, 0x45, 0x45, 0x53, 0x70, 0x9E, 0xAD, 0xAD, 0xAD,
        0x45, 0x84, 0x9C, 0xAD, 0xAD, 0xAD, 0x9E, 0x9E, 0x46, 0xA9, 0xAD, 0xAD, 0xAA, 0xA9, 0x9C, 0x73,
    },
    // Tile 19
    {
        0x53, 0x45, 0x45, 0x45, 0x46, 0x53, 0x59, 0x4C, 0x45, 0x45, 0x45, 0x45, 0x53, 0x53, 0x53, 0x39,
        0x45, 0x46, 0x59, 0x59, 0x53, 0x45, 0x45, 0x4C, 0xA9, 0x59, 0x46, 0x45, 0x45, 0x45, 0x3B, 0x62,
        0xAD, 0x45, 0x45, 0x45, 0x45, 0x2F, 0x22, 0x61, 0x9E, 0x45, 0x45, 0x2F, 0x22, 0x20, 0x16, 0x4C,
        0x89, 0x45, 0x22, 0x20, 0x20, 0x16, 0x0A, 0x39, 0x45, 0x22, 0x16, 0x16, 0x12, 0x0A, 0x0B, 0x51,
    },
    // Tile 20
    {
        0x4C, 0x52, 0x66, 0x4C, 0x39, 0x4B, 0x4B, 0x4C, 0x4C, 0x4C, 0x4C, 0x52, 0x3A, 0x4B, 0x39, 0x4B,
        0x4B, 0x4B, 0x4C, 0x3A, 0x3A, 0x62, 0x62, 0x4C, 0x4C, 0x39, 0x39, 0x39, 0x4C, 0x4C, 0x51, 0x52,
        0x61, 0x51, 0x4C, 0x39, 0x39, 0x3A, 0x3A, 0x3A, 0x4B, 0x4C, 0x51, 0x3A, 0x39, 0x39, 0x39, 0x39,
        0x39, 0x4B, 0x4C, 0x4C, 0x4C, 0x51, 0x4C, 0x39, 0x4C, 0x39, 0x36, 0x4C, 0x4C, 0x4C, 0x61, 0x52,
    },
    // Tile 21
    {
        0x4C, 0x51, 0x51, 0x39, 0x39, 0x39, 0x52, 0xB6, 0x4C, 0x4C, 0x51, 0x51, 0x4C, 0x39, 0x45, 0xB6,
        0x39, 0x39, 0x45, 0x4C, 0x3A, 0x52, 0x59, 0xB6, 0x51, 0x4C, 0x3A, 0x3A, 0x4C, 0x4C, 0x53, 0xCA,
        0x4C, 0x62, 0x52, 0x4C, 0x39, 0x4C, 0x53, 0xB6, 0x3A, 0x4C, 0x51, 0x61, 0x51, 0x4C, 0x45, 0xB6,
        0x39, 0x4C, 0x4C, 0x4C, 0x4C, 0x62, 0x59, 0x92, 0x4C, 0x39, 0x39, 0x4C, 0x4C, 0x51, 0x52, 0x62,
    },
    // Tile 22
    {
        0x00, 0x00, 0x00, 0x00, 0x00, 0x00, 0x00, 0x00, 0x00, 0x00, 0x00, 0x00, 0x00, 0x00, 0x00, 0x00,
        0x00, 0x00, 0x00, 0x00, 0x00, 0x00, 0x00, 0x00, 0x9E, 0x00, 0x00, 0x00, 0x00, 0x00, 0x00, 0x00,
        0x9A, 0xA5, 0x9A, 0x9B, 0x00, 0x00, 0x00, 0x00, 0xCD, 0xB9, 0xB9, 0xB9, 0xB9, 0xA7, 0x00, 0x00,
        0xB8, 0xBA, 0xCD, 0xBD, 0xBA, 0xBA, 0xA6, 0x9B, 0xA4, 0xA5, 0xB9, 0xCD, 0xCD, 0xBA, 0xB9, 0xB9,
    },
    // Tile 23
    {
        0x00, 0x00, 0x00, 0x00, 0x00, 0x00, 0x00, 0x00, 0x00, 0x00, 0x00, 0x00, 0x00, 0x00, 0x00, 0x00,
        0x00, 0x00, 0x00, 0x00, 0x00, 0x00, 0x00, 0x00, 0x00, 0x00, 0x00, 0x00, 0x00, 0x00, 0x00, 0x00,
        0x00, 0x00, 0x00, 0x00, 0x00, 0x00, 0x00, 0x00, 0x00, 0x00, 0x00, 0x00, 0x00, 0x00, 0x00, 0x00,
        0x00, 0x00, 0x00, 0x00, 0x00, 0x00, 0x00, 0x00, 0xBA, 0xA9, 0x00, 0x00, 0x00, 0x00, 0x00, 0x00,
    },
    // Tile 24
    {
        0x00, 0x00, 0x00, 0x00, 0x00, 0x00, 0xBD, 0xBE, 0x00, 0x00, 0x00, 0x00, 0xCD, 0xCD, 0xBA, 0xA9,
        0x00, 0xCD, 0xBD, 0xBD, 0xBA, 0xBA, 0xBA, 0xBD, 0xBA, 0xBA, 0xBD, 0xBA, 0xBA, 0xBD, 0xAC, 0xAD,
        0xBA, 0xBD, 0xBD, 0xBD, 0xBE, 0x9E, 0x88, 0x70, 0xAA, 0xCD, 0xBE, 0x9E, 0x89, 0x5A, 0x59, 0x53,
        0xAD, 0xA3, 0x85, 0x5A, 0x2F, 0x3B, 0x45, 0x45, 0xAD, 0x52, 0x52, 0x2C, 0x1F, 0x2F, 0x45, 0x45,
    },
    // Tile 25
    {
        0xBA, 0xA9, 0xAC, 0xBD, 0xBE, 0xBF, 0xBF, 0x9E, 0xBA, 0xBD, 0xBE, 0xAD, 0xAD, 0xAD, 0xAD, 0x59,
        0xBE, 0xBE, 0xAD, 0xAD, 0xAD, 0xAA, 0xAD, 0x45, 0x9B, 0x9B, 0xAD, 0xAD, 0xAA, 0xA9, 0xA9, 0x3A,
        0x59, 0x85, 0xA9, 0xA9, 0x9E, 0xA9, 0xAD, 0x2E, 0x59, 0x72, 0x9E, 0x9B, 0x70, 0x9B, 0xBF, 0x2E,
        0x45, 0x5A, 0x6F, 0x59, 0x59, 0x85, 0xAD, 0x2E, 0x59, 0x59, 0x53, 0x46, 0x46, 0x70, 0xA9, 0x2E,
    },
    // Tile 26
    {
        0x73, 0x52, 0x46, 0x45, 0x45, 0x45, 0x59, 0x53, 0x22, 0x52, 0x53, 0x59, 0x59, 0x45, 0x53, 0x46,
        0x16, 0x52, 0x59, 0x59, 0x59, 0x45, 0x46, 0x45, 0x1F, 0x52, 0x59, 0x46, 0x46, 0x3B, 0x45, 0x53,
        0x20, 0x16, 0x45, 0x45, 0x3B, 0x45, 0x53, 0x53, 0x1F, 0x16, 0x46, 0x46, 0x53, 0x53, 0x46, 0x53,
        0x1F, 0x52, 0x53, 0x59, 0x46, 0x45, 0x45, 0x45, 0x1F, 0x16, 0x46, 0x45, 0x45, 0x45, 0x45, 0x45,
    },
    // Tile 27
    {
        0x53, 0x45, 0x45, 0x45, 0x46, 0x53, 0x59, 0x53, 0x45, 0x45, 0x45, 0x45, 0x53, 0x53, 0x53, 0x53,
        0x45, 0x46, 0x59, 0x59, 0x53, 0x45, 0x45, 0x45, 0xA9, 0x59, 0x46, 0x45, 0x45, 0x45, 0x3B, 0x2F,
        0xAD, 0x45, 0x45, 0x45, 0x45, 0x2F, 0x22, 0x22, 0x9E, 0x45, 0x45, 0x2F, 0x22, 0x20, 0x16, 0x16,
        0x89, 0x45, 0x22, 0x20, 0x20, 0x16, 0x2B, 0x39, 0x45, 0x22, 0x16, 0x16, 0x2B, 0x39, 0x3A, 0x39,
    },
    // Tile 28
    {
        0x46, 0xA8, 0x9E, 0xA9, 0x9E, 0x85, 0x3B, 0x22, 0x45, 0xA6, 0x9B, 0x85, 0x46, 0x22, 0x16, 0x13,
        0x45, 0x6F, 0x46, 0x23, 0x22, 0x16, 0x2B, 0x39, 0x22, 0x22, 0x1F, 0x16, 0x2C, 0x39, 0x3A, 0x39,
        0x16, 0x1C, 0x2C, 0x39, 0x39, 0x3A, 0x3A, 0x3A, 0x2C, 0x36, 0x36, 0x39, 0x3A, 0x3A, 0x3A, 0x3A,
        0x39, 0x39, 0x3A, 0x39, 0x3A, 0x3A, 0x4C, 0x3A, 0x39, 0x39, 0x39, 0x3A, 0x39, 0x3A, 0x36, 0x3A,
    },
    // Tile 29
    {
        0x16, 0x16, 0x2B, 0x39, 0x2C, 0x12, 0x0B, 0x4C, 0x2B, 0x3A, 0x3A, 0x3A, 0x3A, 0x1F, 0x0B, 0x4C,
        0x3A, 0x3A, 0x3A, 0x3A, 0x3A, 0x2C, 0x12, 0x39, 0x3A, 0x3A, 0x3A, 0x3A, 0x3A, 0x3A, 0x1E, 0x29,
        0x3A, 0x3A, 0x3A, 0x3A, 0x3A, 0x3A, 0x2B, 0x1E, 0x3A, 0x3A, 0x51, 0x51, 0x3B, 0x3A, 0x3A, 0x2B,
        0x51, 0x52, 0x45, 0x39, 0x3A, 0x3A, 0x3A, 0x3A, 0x3A, 0x3A, 0x2E, 0x39, 0x39, 0x39, 0x3A, 0x3A,
    },
    // Tile 30
    {
        0x4C, 0x51, 0x4C, 0x39, 0x39, 0x39, 0x4B, 0x4C, 0x4C, 0x51, 0x52, 0x51, 0x3A, 0x39, 0x39, 0x4B,
        0x3A, 0x4C, 0x4C, 0x4C, 0x51, 0x51, 0x51, 0x4B, 0x36, 0x4B, 0x4B, 0x4B, 0x4B, 0x4B, 0x65, 0xA5,
        0x1F, 0x2B, 0x39, 0x39, 0x39, 0x4B, 0x52, 0xA5, 0x13, 0x1F, 0x21, 0x2B, 0x39, 0x39, 0x51, 0xA5,
        0x3A, 0x2C, 0x1C, 0x1E, 0x1F, 0x1F, 0x39, 0x92, 0x3A, 0x39, 0x3A, 0x2C, 0x1E, 0x1F, 0x2B, 0x39,
    },
    // Tile 31
    {
        0x51, 0x51, 0x51, 0x4C, 0x39, 0x4C, 0x52, 0x4C, 0x4C, 0x4C, 0x52, 0x4C, 0x39, 0x39, 0x3A, 0x39,
        0x39, 0x39, 0x4C, 0x39, 0x4C, 0x4C, 0x52, 0x4C, 0x7D, 0x51, 0x3A, 0x4B, 0x4B, 0x4B, 0x52, 0x62,
        0xA6, 0xA5, 0x66, 0x4C, 0x4C, 0x39, 0x52, 0x61, 0xA5, 0xA5, 0xB6, 0xA4, 0x7C, 0x61, 0x52, 0x4C,
        0xA5, 0xB6, 0xB6, 0xB6, 0xB6, 0xB6, 0x94, 0x39, 0x66, 0xA3, 0xA4, 0xA4, 0xB6, 0xB8, 0xBE, 0x51,
    },
    // Tile 32
    {
        0x4C, 0x51, 0x51, 0x39, 0x39, 0x39, 0x52, 0x79, 0x4C, 0x4C, 0x51, 0x51, 0x4C, 0x39, 0x45, 0x2C,
        0x39, 0x39, 0x45, 0x4C, 0x3A, 0x52, 0x59, 0x1F, 0x51, 0x4C, 0x3A, 0x3A, 0x4C, 0x4C, 0x53, 0x1F,
        0x4C, 0x62, 0x52, 0x4C, 0x39, 0x4C, 0x53, 0x1F, 0x3A, 0x4C, 0x51, 0x61, 0x51, 0x4C, 0x1E, 0x1F,
        0x39, 0x4C, 0x4C, 0x4C, 0x4C, 0x62, 0x13, 0x1F, 0x4C, 0x39, 0x39, 0x4C, 0x4C, 0x51, 0x13, 0x1F,
    },
    // Tile 33
    {
        0x65, 0x92, 0xA3, 0xB6, 0xB9, 0xCD, 0xCD, 0xCD, 0x22, 0x7D, 0xA4, 0xA4, 0xB6, 0xA5, 0xB6, 0xBA,
        0x1F, 0x7D, 0xA4, 0xB6, 0xB6, 0xB6, 0xB6, 0xA5, 0x1F, 0x7A, 0xA3, 0xA3, 0xB6, 0xB6, 0xB6, 0x7D,
        0x22, 0x6F, 0x9A, 0x93, 0xA3, 0xA4, 0xA5, 0x66, 0x1F, 0x66, 0x94, 0x62, 0x65, 0x92, 0xA4, 0x66,
        0x1F, 0x66, 0x94, 0x62, 0x4B, 0x51, 0x65, 0x62, 0x1F, 0x45, 0x83, 0x62, 0x4B, 0x4C, 0x4C, 0x51,
    },
    // Tile 34
    {
        0xB9, 0xB9, 0xA8, 0x9E, 0x00, 0x00, 0x00, 0x00, 0xBD, 0xB9, 0xB9, 0xBA, 0xCB, 0xAC, 0x00, 0x00,
        0xA5, 0xCB, 0xCD, 0xCD, 0xBA, 0xBA, 0xBD, 0xA9, 0x7C, 0xA3, 0xA5, 0xCD, 0xCD, 0xBA, 0xBA, 0xBA,
        0x4C, 0x61, 0x79, 0xA3, 0xA5, 0xBD, 0xBE, 0xBE, 0x39, 0x39, 0x4B, 0x51, 0x79, 0x93, 0xA9, 0xBE,
        0x4C, 0x39, 0x39, 0x39, 0x39, 0x4C, 0x7D, 0xA8, 0x51, 0x39, 0x1E, 0x1F, 0x22, 0x36, 0x3A, 0xA4,
    },
    // Tile 35
    {
        0x00, 0x00, 0x00, 0x00, 0x00, 0x00, 0x00, 0x00, 0x00, 0x00, 0x00, 0x00, 0x00, 0x00, 0x00, 0x00,
        0x00, 0x00, 0x00, 0x00, 0x00, 0x00, 0x00, 0x00, 0xBF, 0xAD, 0x00, 0x00, 0x00, 0x00, 0x00, 0x00,
        0x94, 0x9A, 0x94, 0x00, 0x00, 0x00, 0x00, 0x00, 0xBA, 0xB9, 0xB9, 0xCB, 0xBA, 0x00, 0x00, 0x00,
        0xB9, 0xCD, 0xBA, 0xBA, 0xA9, 0xB9, 0xA6, 0x00, 0xA3, 0xA5, 0xB9, 0xBA, 0xBA, 0xB9, 0xB9, 0xB9,
    },
    // Tile 36
    {
        0x9F, 0x51, 0x45, 0x2F, 0x1F, 0x2F, 0x59, 0x59, 0x9E, 0x4C, 0x52, 0x2C, 0x1F, 0x2F, 0x46, 0x53,
        0x9E, 0x62, 0x53, 0x2C, 0x1F, 0x2F, 0x45, 0x45, 0x9F, 0x51, 0x53, 0x2C, 0x1F, 0x2F, 0x45, 0x53,
        0x9F, 0x52, 0x53, 0x2C, 0x1F, 0x2F, 0x59, 0x59, 0x9F, 0x44, 0x53, 0x2C, 0x1F, 0x2F, 0x46, 0x46,
        0x9C, 0x52, 0x46, 0x22, 0x16, 0x2F, 0x45, 0x45, 0x5C, 0x52, 0x52, 0x2C, 0x16, 0x2D, 0x45, 0x45,
    },
    // Tile 37
    {
        0x59, 0x46, 0x46, 0x45, 0x45, 0x67, 0x7E, 0x1F, 0x45, 0x45, 0x45, 0x45, 0x53, 0x59, 0x53, 0x1F,
        0x45, 0x45, 0x46, 0x46, 0x46, 0x53, 0x45, 0x1F, 0x53, 0x45, 0x46, 0x46, 0x45, 0x46, 0x45, 0x1E,
        0x59, 0x3B, 0x46, 0x45, 0x45, 0x53, 0x45, 0x1E, 0x53, 0x3A, 0x45, 0x45, 0x47, 0x46, 0x53, 0x15,
        0x46, 0x45, 0x59, 0x5A, 0x5A, 0x45, 0x52, 0x1F, 0x59, 0x59, 0x46, 0x46, 0x53, 0x45, 0x45, 0x1E,
    },
    // Tile 38
    {
        0x16, 0x16, 0x45, 0x45, 0x45, 0x45, 0x46, 0x53, 0x16, 0x16, 0x46, 0x53, 0x59, 0x45, 0x53, 0x45,
        0x1F, 0x15, 0x59, 0x59, 0x53, 0x45, 0x46, 0x45, 0x1F, 0x16, 0x53, 0x45, 0x45, 0x3B, 0x53, 0x85,
        0x16, 0x16, 0x45, 0x45, 0x45, 0x70, 0x9E, 0xAD, 0x1F, 0x15, 0x53, 0x70, 0x9E, 0xAD, 0xAD, 0xAD,
        0x16, 0x15, 0x9C, 0xAD, 0xAD, 0xAD, 0x9E, 0x9E, 0x16, 0x0E, 0xAD, 0xAD, 0xAA, 0xA9, 0x9C, 0x73,
    },
    // Tile 39
    {
        0x16, 0x16, 0x2B, 0x39, 0x3A, 0x39, 0x3A, 0x3A, 0x2B, 0x3A, 0x3A, 0x3A, 0x3A, 0x3A, 0x3A, 0x3A,
        0x3A, 0x3A, 0x3A, 0x3A, 0x3A, 0x3A, 0x3A, 0x3A, 0x3A, 0x3A, 0x3A, 0x3A, 0x3A, 0x3A, 0x3A, 0x3A,
        0x3A, 0x3A, 0x3A, 0x3A, 0x3A, 0x3A, 0x3A, 0x3A, 0x3A, 0x3A, 0x51, 0x51, 0x3B, 0x3A, 0x3A, 0x3A,
        0x51, 0x52, 0x45, 0x39, 0x3A, 0x3A, 0x3A, 0x3A, 0x3A, 0x3A, 0x2E, 0x39, 0x39, 0x39, 0x3A, 0x3A,
    },
    // Tile 40
    {
        0x3A, 0x3A, 0x3A, 0x3A, 0x3A, 0x3A, 0x3B, 0x85, 0x3A, 0x3A, 0x3A, 0x44, 0x3A, 0x94, 0x93, 0x9A,
        0x4C, 0x44, 0x3A, 0x84, 0x94, 0xA5, 0xA5, 0xA5, 0x3A, 0x7E, 0x93, 0x94, 0xA5, 0xA5, 0xA5, 0xA5,
        0x52, 0x84, 0x94, 0xA5, 0xA5, 0xA5, 0xA5, 0xA5, 0x3A, 0x52, 0x66, 0x93, 0xA5, 0xA5, 0xA5, 0xA6,
        0x3A, 0x3A, 0x3A, 0x52, 0x7D, 0x93, 0xA5, 0xA6, 0x3A, 0x39, 0x3A, 0x3A, 0x3A, 0x52, 0x7D, 0x9A,
    },
    // Tile 41
    {
        0x7E, 0x3A, 0x3A, 0x3A, 0x3A, 0x3A, 0x3A, 0x3A, 0x9A, 0x94, 0x85, 0x39, 0x3A, 0x3A, 0x3A, 0x3A,
        0xA5, 0xA5, 0xA6, 0xA5, 0xA6, 0x39, 0x3A, 0x3A, 0xA5, 0xA5, 0xA5, 0xA5, 0xA5, 0xB9, 0x9A, 0x39,
        0xA5, 0xA5, 0xA5, 0xA6, 0xA6, 0xA8, 0x94, 0x59, 0xA6, 0xA6, 0xA6, 0xA6, 0x9A, 0x6F, 0x45, 0x3A,
        0xA6, 0xA6, 0x9A, 0x7D, 0x52, 0x3A, 0x39, 0x39, 0x94, 0x6F, 0x52, 0x3A, 0x39, 0x39, 0x3A, 0x39,
    },
    // Tile 42
    {
        0x3A, 0x3A, 0x3A, 0x3A, 0x3A, 0x2B, 0x1E, 0x1F, 0x3A, 0x3A, 0x3A, 0x3A, 0x3A, 0x3A, 0x39, 0x2B,
        0x3A, 0x3A, 0x3A, 0x3A, 0x39, 0x39, 0x39, 0x39, 0x3A, 0x3A, 0x3A, 0x39, 0x3A, 0x39, 0x3A, 0x39,
        0x36, 0x36, 0x3A, 0x39, 0x39, 0x3A, 0x3A, 0x3A, 0x3A, 0x36, 0x36, 0x39, 0x3A, 0x3A, 0x3A, 0x3A,
        0x39, 0x39, 0x3A, 0x39, 0x3A, 0x3A, 0x4C, 0x3A, 0x39, 0x39, 0x39, 0x3A, 0x39, 0x3A, 0x36, 0x3A,
    },
    // Tile 43
    {
        0x1F, 0x3A, 0x7D, 0x92, 0xA4, 0xB6, 0xBD, 0x4C, 0x12, 0x1E, 0x2C, 0x3A, 0x7A, 0xA3, 0xA9, 0x4C,
        0x3A, 0x2C, 0x1C, 0x1E, 0x1F, 0x3A, 0x7E, 0x39, 0x3A, 0x3A, 0x3A, 0x2C, 0x12, 0x1E, 0x22, 0x29,
        0x3A, 0x3A, 0x3A, 0x3A, 0x2C, 0x2C, 0x13, 0x1E, 0x3A, 0x3A, 0x51, 0x51, 0x3B, 0x3A, 0x3A, 0x2B,
        0x51, 0x52, 0x45, 0x39, 0x3A, 0x3A, 0x3A, 0x3A, 0x3A, 0x3A, 0x2E, 0x39, 0x39, 0x39, 0x3A, 0x3A,
    },
    // Tile 44
    {
        0x51, 0x51, 0x51, 0x4C, 0x39, 0x4C, 0x13, 0x1F, 0x4C, 0x4C, 0x52, 0x4C, 0x39, 0x39, 0x13, 0x1E,
        0x39, 0x39, 0x4C, 0x39, 0x4C, 0x4C, 0x13, 0x1E, 0x7D, 0x51, 0x3A, 0x4B, 0x4B, 0x4B, 0x13, 0x1F,
        0xA6, 0xA5, 0x66, 0x4C, 0x4C, 0x39, 0x1E, 0x1E, 0xA5, 0xA5, 0xB6, 0xA4, 0x7C, 0x61, 0x1E, 0x1E,
        0xA5, 0xB6, 0xB6, 0xB6, 0xB6, 0xB6, 0x1E, 0x1E, 0x66, 0xA3, 0xA4, 0xA4, 0xB6, 0xB8, 0x1C, 0x1E,
    },
    // Tile 45
    {
        0x1F, 0x2E, 0x66, 0x52, 0x39, 0x39, 0x4B, 0x4C, 0x1F, 0x22, 0x3A, 0x52, 0x52, 0x51, 0x4B, 0x39,
        0x1F, 0x22, 0x39, 0x3A, 0x4C, 0x51, 0x62, 0x3A, 0x1F, 0x22, 0x39, 0x39, 0x4B, 0x4C, 0x51, 0x52,
        0x1F, 0x22, 0x3A, 0x39, 0x39, 0x39, 0x51, 0x3A, 0x16, 0x22, 0x3A, 0x51, 0x51, 0x51, 0x3A, 0x3A,
        0x1F, 0x22, 0x3A, 0x51, 0x3A, 0x52, 0x62, 0x3A, 0x1F, 0x20, 0x39, 0x39, 0x4B, 0x4B, 0x4C, 0x4C,
    },
    // Tile 46
    {
        0x39, 0x34, 0x1B, 0x1F, 0x22, 0x39, 0x3A, 0xB6, 0x39, 0x27, 0x1B, 0x1F, 0x22, 0x39, 0x52, 0xB6,
        0x36, 0x1B, 0x1B, 0x1F, 0x20, 0x3A, 0x66, 0xB6, 0x4C, 0x26, 0x12, 0x1F, 0x20, 0x39, 0x52, 0xCA,
        0x4B, 0x27, 0x12, 0x1F, 0x20, 0x39, 0x52, 0xB6, 0x39, 0x28, 0x12, 0x1F, 0x20, 0x39, 0x3A, 0xB6,
        0x35, 0x26, 0x1A, 0x1E, 0x20, 0x3A, 0x52, 0x92, 0x4B, 0x1B, 0x12, 0x1F, 0x16, 0x2C, 0x3A, 0x62,
    },
    // Tile 47
    {
        0x46, 0x52, 0x45, 0x21, 0x1F, 0x2D, 0x59, 0x59, 0x46, 0x3A, 0x45, 0x1F, 0x16, 0x2F, 0x46, 0x46,
        0x46, 0x52, 0x52, 0x1F, 0x16, 0x22, 0x45, 0x45, 0x47, 0x51, 0x53, 0x1F, 0x1F, 0x22, 0x45, 0x5A,
        0x46, 0x3A, 0x53, 0x1F, 0x16, 0x22, 0x89, 0xAD, 0x45, 0x3A, 0x45, 0x1F, 0x16, 0x46, 0xAD, 0xAD,
        0x45, 0x93, 0x84, 0x22, 0x16, 0x46, 0x9E, 0x9E, 0x46, 0xBD, 0xAD, 0x2E, 0x16, 0x46, 0x9C, 0x89,
    },
    // Tile 48
    {
        0x53, 0x46, 0x45, 0x45, 0x45, 0x45, 0x45, 0x15, 0x45, 0x45, 0x45, 0x45, 0x46, 0x59, 0x45, 0x13,
        0x45, 0x45, 0x59, 0x53, 0x59, 0x59, 0x45, 0x15, 0x9E, 0x5A, 0x53, 0x53, 0x45, 0x45, 0x2F, 0x15,
        0xBF, 0x5B, 0x46, 0x45, 0x45, 0x3B, 0x22, 0x15, 0xAD, 0x59, 0x45, 0x3A, 0x2F, 0x22, 0x1F, 0x13,
        0xA9, 0x59, 0x2F, 0x22, 0x19, 0x16, 0x16, 0x13, 0x6F, 0x2F, 0x16, 0x16, 0x16, 0x2B, 0x3A, 0x39,
    },
    // Tile 49
    {
        0x16, 0x0E, 0x9E, 0xA9, 0x9E, 0x85, 0x3B, 0x22, 0x16, 0x16, 0x9B, 0x85, 0x46, 0x22, 0x16, 0x13,
        0x16, 0x16, 0x46, 0x23, 0x22, 0x16, 0x2B, 0x39, 0x16, 0x0E, 0x1F, 0x16, 0x2C, 0x39, 0x3A, 0x39,
        0x16, 0x0E, 0x2C, 0x39, 0x39, 0x3A, 0x3A, 0x3A, 0x16, 0x0B, 0x36, 0x39, 0x3A, 0x3A, 0x3A, 0x3A,
        0x0E, 0x2B, 0x3A, 0x39, 0x3A, 0x3A, 0x4C, 0x3A, 0x39, 0x39, 0x39, 0x3A, 0x39, 0x3A, 0x36, 0x3A,
    },
    // Tile 50
    {
        0x3A, 0x3A, 0x3A, 0x3A, 0x3A, 0x3A, 0x3A, 0x44, 0x3A, 0x3A, 0x3A, 0x3A, 0x3A, 0x3A, 0x39, 0x39,
        0x3A, 0x3A, 0x3A, 0x3A, 0x39, 0x39, 0x39, 0x39, 0x3A, 0x3A, 0x3A, 0x39, 0x3A, 0x39, 0x3A, 0x39,
        0x36, 0x36, 0x3A, 0x39, 0x39, 0x3A, 0x3A, 0x3A, 0x3A, 0x36, 0x36, 0x39, 0x3A, 0x3A, 0x3A, 0x3A,
        0x39, 0x39, 0x3A, 0x39, 0x3A, 0x3A, 0x4C, 0x3A, 0x39, 0x39, 0x39, 0x3A, 0x39, 0x3A, 0x36, 0x3A,
    },
    // Tile 51
    {
        0x3A, 0x3A, 0x39, 0x39, 0x3A, 0x39, 0x3A, 0x3A, 0x39, 0x3A, 0x3A, 0x3A, 0x3A, 0x3A, 0x3A, 0x3A,
        0x3A, 0x3A, 0x3A, 0x3A, 0x3A, 0x3A, 0x3A, 0x3A, 0x3A, 0x3A, 0x3A, 0x3A, 0x3A, 0x3A, 0x3A, 0x3A,
        0x3A, 0x3A, 0x3A, 0x3A, 0x3A, 0x3A, 0x3A, 0x3A, 0x3A, 0x3A, 0x51, 0x51, 0x3B, 0x3A, 0x3A, 0x3A,
        0x51, 0x52, 0x45, 0x39, 0x3A, 0x3A, 0x3A, 0x3A, 0x3A, 0x3A, 0x2E, 0x39, 0x39, 0x39, 0x3A, 0x3A,
    },
    // Tile 52
    {
        0x1F, 0x3A, 0x7D, 0x92, 0xA4, 0xB6, 0x13, 0x1E, 0x12, 0x1E, 0x2C, 0x3A, 0x7A, 0xA3, 0x13, 0x1E,
        0x3A, 0x2C, 0x1C, 0x1E, 0x1F, 0x3A, 0x1C, 0x1E, 0x3A, 0x3A, 0x3A, 0x2C, 0x12, 0x1E, 0x1E, 0x1E,
        0x3A, 0x3A, 0x3A, 0x3A, 0x2C, 0x1F, 0x1E, 0x1E, 0x3A, 0x3A, 0x51, 0x51, 0x3B, 0x3A, 0x0D, 0x13,
        0x51, 0x52, 0x45, 0x39, 0x3A, 0x3A, 0x3A, 0x13, 0x3A, 0x3A, 0x2E, 0x39, 0x39, 0x39, 0x3A, 0x3A,
    },
    // Tile 53
    {
        0x16, 0x1F, 0x39, 0x39, 0x39, 0x39, 0x4C, 0x4C, 0x16, 0x22, 0x3A, 0x51, 0x52, 0x4C, 0x39, 0x4C,
        0x16, 0x22, 0x3A, 0x4C, 0x4C, 0x52, 0x4C, 0x4C, 0x16, 0x21, 0x39, 0x4B, 0x4B, 0x4C, 0x51, 0x93,
        0x1F, 0x1F, 0x2B, 0x39, 0x39, 0x4B, 0x3A, 0xA5, 0x1F, 0x1F, 0x15, 0x29, 0x2C, 0x4B, 0x39, 0xA4,
        0x15, 0x2C, 0x1E, 0x1E, 0x1F, 0x1F, 0x1F, 0x79, 0x3A, 0x39, 0x3A, 0x3A, 0x12, 0x1E, 0x29, 0x2C,
    },
    // Tile 54
    {
        0x39, 0x27, 0x1B, 0x1F, 0x1F, 0x2C, 0x52, 0x4C, 0x39, 0x25, 0x1B, 0x1E, 0x20, 0x22, 0x3A, 0x39,
        0x35, 0x1A, 0x1B, 0x1E, 0x20, 0x2F, 0x65, 0x4C, 0x92, 0x1A, 0x1B, 0x1F, 0x16, 0x2C, 0x3A, 0x62,
        0xA3, 0x33, 0x1B, 0x1E, 0x16, 0x22, 0x45, 0x61, 0xA2, 0x33, 0x1D, 0x15, 0x16, 0x2F, 0x3A, 0x4C,
        0x92, 0x60, 0x1E, 0x15, 0x16, 0x45, 0xA6, 0x39, 0x39, 0x4A, 0x1B, 0x15, 0x16, 0x52, 0xAC, 0x51,
    },
    // Tile 55
    {
        0x00, 0x00, 0x00, 0x00, 0x00, 0x00, 0x00, 0x00, 0x00, 0x00, 0x00, 0x00, 0x00, 0x00, 0x00, 0x00,
        0x00, 0x00, 0x00, 0x00, 0x00, 0x00, 0x00, 0x00, 0x00, 0x00, 0x00, 0x00, 0x00, 0x00, 0x00, 0x00,
        0x00, 0x00, 0x00, 0x00, 0x00, 0x00, 0x00, 0x00, 0x00, 0x00, 0x00, 0x00, 0x00, 0x00, 0x00, 0x00,
        0x00, 0x00, 0x00, 0x00, 0x00, 0x00, 0x00, 0x00, 0x00, 0x00, 0x00, 0x00, 0x00, 0x00, 0xBD, 0xBD,
    },
    // Tile 56
    {
        0x00, 0x00, 0x00, 0x00, 0x00, 0x00, 0x00, 0x00, 0x00, 0x00, 0x00, 0x00, 0x00, 0x00, 0x00, 0x00,
        0x00, 0x00, 0x00, 0x00, 0x00, 0x00, 0x00, 0x00, 0x00, 0x00, 0x00, 0x00, 0x00, 0x00, 0x00, 0xD1,
        0x00, 0x00, 0x00, 0x00, 0xA8, 0xAC, 0xBA, 0xA9, 0x00, 0x00, 0xBD, 0xBD, 0xA9, 0xA9, 0xA9, 0xBD,
        0xBD, 0xBE, 0xBD, 0xA9, 0xBA, 0xBD, 0xBE, 0xAD, 0xBD, 0xA9, 0xA9, 0xAC, 0xBE, 0xBE, 0xAD, 0xAD,
    },
    // Tile 57
    {
        0x46, 0xA8, 0xA9, 0x2C, 0x1F, 0x2F, 0x5A, 0x2F, 0x45, 0xA6, 0x9B, 0x1F, 0x16, 0x17, 0x19, 0x16,
        0x45, 0x7D, 0x70, 0x16, 0x1F, 0x16, 0x16, 0x2B, 0x22, 0x1F, 0x22, 0x1F, 0x16, 0x16, 0x3A, 0x39,
        0x16, 0x13, 0x16, 0x15, 0x16, 0x3A, 0x3A, 0x3A, 0x2C, 0x36, 0x36, 0x39, 0x3A, 0x3A, 0x3A, 0x3A,
        0x39, 0x39, 0x3A, 0x39, 0x3A, 0x3A, 0x4C, 0x3A, 0x39, 0x39, 0x39, 0x3A, 0x39, 0x3A, 0x36, 0x3A,
    },
    // Tile 58
    {
        0x16, 0x16, 0x16, 0x2B, 0x3A, 0x39, 0x3A, 0x3A, 0x16, 0x2C, 0x3A, 0x3A, 0x3A, 0x3A, 0x3A, 0x3A,
        0x3A, 0x3A, 0x3A, 0x3A, 0x3A, 0x3A, 0x3A, 0x3A, 0x3A, 0x3A, 0x3A, 0x3A, 0x3A, 0x3A, 0x3A, 0x3A,
        0x3A, 0x3A, 0x3A, 0x3A, 0x3A, 0x3A, 0x3A, 0x39, 0x3A, 0x3A, 0x51, 0x51, 0x3B, 0x3A, 0x3A, 0x4C,
        0x51, 0x52, 0x45, 0x39, 0x3A, 0x3A, 0x3A, 0x3A, 0x3A, 0x3A, 0x3A, 0x3A, 0x3A, 0x3A, 0x3A, 0x3A,
    },
    // Tile 59
    {
        0x3A, 0x3A, 0x3A, 0x3A, 0x3A, 0x3A, 0x3B, 0x73, 0x3A, 0x3A, 0x3A, 0x44, 0x3A, 0xA5, 0x9A, 0xA5,
        0x4C, 0x44, 0x3A, 0x39, 0x66, 0xA5, 0xA5, 0xA6, 0x3A, 0x39, 0x3A, 0x3A, 0x51, 0x52, 0x7D, 0xA5,
        0x39, 0x3A, 0x4C, 0x4C, 0x51, 0x4C, 0x51, 0x52, 0x3A, 0x3A, 0x3A, 0x3A, 0x3A, 0x3A, 0x3A, 0x3A,
        0x3A, 0x3A, 0x3A, 0x39, 0x39, 0x39, 0x3A, 0x3A, 0x3A, 0x3A, 0x3A, 0x3A, 0x3A, 0x3A, 0x3A, 0x3A,
    },
    // Tile 60
    {
        0x7E, 0x3A, 0x3A, 0x3A, 0x3A, 0x3A, 0x3A, 0x3A, 0x9A, 0xA5, 0x85, 0x39, 0x3A, 0x3A, 0x3A, 0x3A,
        0xA8, 0xB9, 0xA8, 0x66, 0x3A, 0x39, 0x3A, 0x3A, 0xA5, 0x7D, 0x52, 0x3A, 0x3A, 0x3A, 0x2C, 0x39,
        0x52, 0x4C, 0x3A, 0x51, 0x3A, 0x3A, 0x3A, 0x2C, 0x3A, 0x3A, 0x3A, 0x3A, 0x3A, 0x39, 0x3A, 0x3A,
        0x3A, 0x3A, 0x3A, 0x39, 0x39, 0x3A, 0x3A, 0x3A, 0x3A, 0x3A, 0x3A, 0x3A, 0x3A, 0x3A, 0x3A, 0x3A,
    },
    // Tile 61
    {
        0x3A, 0x3A, 0x3A, 0x3A, 0x3A, 0x3A, 0x3A, 0x44, 0x3A, 0x3A, 0x3A, 0x3A, 0x3A, 0x3A, 0x39, 0x39,
        0x3A, 0x3A, 0x3A, 0x3A, 0x39, 0x39, 0x39, 0x39, 0x3A, 0x3A, 0x3A, 0x39, 0x3A, 0x39, 0x3A, 0x39,
        0x2C, 0x36, 0x3A, 0x39, 0x39, 0x3A, 0x3A, 0x3A, 0x3A, 0x39, 0x36, 0x39, 0x3A, 0x3A, 0x3A, 0x3A,
        0x3A, 0x3A, 0x3A, 0x39, 0x3A, 0x3A, 0x4C, 0x3A, 0x3A, 0x3A, 0x3A, 0x3A, 0x39, 0x3A, 0x36, 0x3A,
    },
    // Tile 62
    {
        0x1E, 0x1A, 0x12, 0x1E, 0x16, 0x52, 0xA8, 0x4C, 0x2B, 0x11, 0x13, 0x1E, 0x16, 0x3B, 0x93, 0x4C,
        0x3A, 0x1F, 0x1E, 0x1E, 0x1F, 0x22, 0x45, 0x39, 0x3A, 0x2C, 0x13, 0x1E, 0x16, 0x1F, 0x1F, 0x29,
        0x3A, 0x3A, 0x2C, 0x1E, 0x0E, 0x2C, 0x1F, 0x1E, 0x3A, 0x3A, 0x51, 0x51, 0x3B, 0x3A, 0x3A, 0x2B,
        0x51, 0x52, 0x45, 0x39, 0x3A, 0x3A, 0x3A, 0x3A, 0x3A, 0x3A, 0x2E, 0x39, 0x39, 0x39, 0x3A, 0x3A,
    },
    // Tile 63
    {
        0xB9, 0xB9, 0xA8, 0x00, 0x00, 0x00, 0x00, 0x00, 0xB9, 0xB9, 0xB9, 0xB9, 0xBA, 0x00, 0x00, 0x00,
        0xBA, 0xCD, 0xBD, 0xBA, 0xB9, 0xB9, 0xA9, 0x00, 0x92, 0xA5, 0xB9, 0xCD, 0xBA, 0xA8, 0xBA, 0xBA,
        0x4C, 0x62, 0x90, 0xB6, 0xCD, 0xCD, 0xBE, 0xBE, 0x39, 0x4B, 0x4B, 0x62, 0x93, 0xA8, 0xCC, 0xBD,
        0x39, 0x39, 0x4B, 0x39, 0x4B, 0x79, 0xB9, 0xBA, 0x51, 0x4C, 0x39, 0x39, 0x39, 0x4C, 0xB8, 0xA5,
    },
    // Tile 64
    {
        0x00, 0x00, 0x00, 0x00, 0x00, 0x00, 0x00, 0x00, 0x00, 0x00, 0x00, 0x00, 0x00, 0x00, 0x00, 0x00,
        0x00, 0x00, 0x00, 0x00, 0x00, 0x00, 0x00, 0x00, 0x9E, 0x00, 0x00, 0x00, 0x00, 0x00, 0x00, 0x00,
        0x94, 0x84, 0x00, 0x00, 0x00, 0x00, 0x00, 0x00, 0xBA, 0xBA, 0xB9, 0xBA, 0x00, 0x00, 0x00, 0x00,
        0xCD, 0xCE, 0xBA, 0xBA, 0xBA, 0xA9, 0x00, 0x00, 0xB6, 0xCB, 0xCD, 0xCD, 0xBA, 0xBA, 0xBA, 0xBA,
    },
    // Tile 65
    {
        0x00, 0x00, 0x00, 0x00, 0x00, 0x00, 0x00, 0x00, 0x00, 0x00, 0x00, 0x00, 0x00, 0x00, 0x00, 0x00,
        0x00, 0x00, 0x00, 0x00, 0x00, 0x00, 0x00, 0x00, 0x00, 0x00, 0x00, 0x00, 0x00, 0x00, 0xD0, 0xCD,
        0x00, 0x00, 0x00, 0x00, 0x00, 0xA9, 0xA8, 0xAD, 0x00, 0x00, 0x00, 0x00, 0xA9, 0xBD, 0xBA, 0xBA,
        0x00, 0xA8, 0xA9, 0xBA, 0xBA, 0xA9, 0xBD, 0xBE, 0xBD, 0xBD, 0xBA, 0xBA, 0xBA, 0xBE, 0xBE, 0xAD,
    },
    // Tile 66
    {
        0x00, 0x00, 0x00, 0x00, 0xA8, 0xBA, 0xBD, 0xBA, 0x00, 0x00, 0xB9, 0xB9, 0xA9, 0xBA, 0xBA, 0xA9,
        0xBD, 0xCD, 0xBD, 0xBA, 0xBA, 0xAC, 0xBA, 0xA9, 0xBA, 0xBA, 0xBA, 0xBA, 0xAC, 0xA9, 0x9B, 0x85,
        0xBD, 0xBD, 0xAD, 0xA9, 0x9B, 0x70, 0x5A, 0x53, 0xBE, 0x9A, 0x9B, 0x70, 0x5A, 0x46, 0x46, 0x46,
        0xBE, 0x9B, 0x59, 0x46, 0x45, 0x45, 0x45, 0x46, 0x9E, 0x89, 0x45, 0x45, 0x45, 0x45, 0x53, 0x59,
    },
    // Tile 67
    {
        0xBA, 0xA9, 0xAC, 0xAD, 0xAD, 0xAE, 0xAD, 0xAD, 0xA9, 0xA9, 0xAD, 0xAD, 0xAD, 0xAD, 0xAD, 0xAD,
        0xA9, 0xAD, 0xAD, 0xAD, 0xAA, 0xAA, 0xAA, 0xAD, 0x73, 0xAD, 0xAD, 0xAA, 0xA9, 0xAA, 0xAD, 0xAD,
        0x70, 0xA9, 0x9E, 0x9E, 0x9E, 0xAD, 0xAD, 0xAD, 0x70, 0x9B, 0x85, 0x5A, 0x73, 0xC3, 0xDA, 0xC4,
        0x59, 0x5A, 0x59, 0x46, 0x70, 0xDB, 0xE4, 0xDC, 0x5C, 0x74, 0x48, 0x45, 0x74, 0xC7, 0xD8, 0xB3,
    },
    // Tile 68
    {
        0x9F, 0x52, 0x46, 0x45, 0x45, 0x45, 0x59, 0x53, 0x9E, 0x52, 0x53, 0x59, 0x59, 0x45, 0x53, 0x46,
        0xAD, 0x52, 0x59, 0x59, 0x59, 0x45, 0x46, 0x45, 0x9E, 0x52, 0x59, 0x46, 0x46, 0x3B, 0x45, 0x53,
        0x8A, 0x52, 0x45, 0x45, 0x3B, 0x45, 0x53, 0x53, 0x75, 0x52, 0x46, 0x46, 0x53, 0x53, 0x46, 0x53,
        0x75, 0x52, 0x53, 0x59, 0x46, 0x45, 0x45, 0x45, 0x5C, 0x58, 0x46, 0x45, 0x45, 0x45, 0x45, 0x45,
    },
    // Tile 69
    {
        0x7E, 0x3A, 0x3A, 0x3A, 0x3A, 0x3A, 0x52, 0x66, 0x9A, 0x94, 0x85, 0x3A, 0x52, 0x7D, 0x94, 0xA5,
        0xA5, 0xA5, 0xA6, 0xA5, 0xA6, 0x93, 0xA5, 0xA5, 0xA5, 0xA5, 0xA5, 0xA5, 0xA5, 0xB9, 0x9A, 0x93,
        0xA5, 0xA5, 0xA5, 0xA6, 0xA6, 0xA8, 0x94, 0x59, 0xA6, 0xA6, 0xA6, 0xA6, 0x9A, 0x6F, 0x45, 0x3A,
        0xA6, 0xA6, 0x9A, 0x7D, 0x52, 0x3A, 0x39, 0x39, 0x94, 0x6F, 0x52, 0x3A, 0x39, 0x39, 0x3A, 0x39,
    },
    // Tile 70
    {
        0x66, 0x52, 0x3A, 0x3A, 0x3A, 0x44, 0x52, 0x66, 0xA5, 0x94, 0x7D, 0x52, 0x52, 0x6F, 0x93, 0x9A,
        0xA5, 0xA5, 0x94, 0x66, 0x59, 0x93, 0x9A, 0xA6, 0x93, 0x6F, 0x52, 0x3A, 0x3A, 0x52, 0x7D, 0x94,
        0x36, 0x3A, 0x3A, 0x3A, 0x3A, 0x3A, 0x3A, 0x51, 0x3A, 0x36, 0x36, 0x3A, 0x44, 0x3A, 0x3A, 0x3A,
        0x39, 0x39, 0x3A, 0x39, 0x3A, 0x39, 0x3A, 0x3A, 0x39, 0x39, 0x39, 0x3A, 0x39, 0x3A, 0x36, 0x3A,
    },
    // Tile 71
    {
        0x66, 0x52, 0x3A, 0x3A, 0x3A, 0x3A, 0x52, 0x6F, 0x9A, 0x94, 0x7E, 0x52, 0x52, 0x7D, 0x93, 0x9A,
        0xA6, 0xA8, 0x9A, 0x67, 0x59, 0x84, 0xA5, 0xA5, 0x94, 0x7D, 0x52, 0x3A, 0x3A, 0x52, 0x7D, 0x94,
        0x3A, 0x3A, 0x3A, 0x3A, 0x3A, 0x44, 0x45, 0x3A, 0x3A, 0x3A, 0x3A, 0x44, 0x45, 0x3A, 0x3A, 0x3A,
        0x51, 0x52, 0x45, 0x39, 0x3A, 0x3A, 0x3A, 0x3A, 0x3A, 0x3A, 0x2E, 0x39, 0x39, 0x39, 0x3A, 0x3A,
    },
    // Tile 72
    {
        0x7D, 0x52, 0x3A, 0x3A, 0x3A, 0x3A, 0x3B, 0x85, 0x9A, 0x94, 0x7E, 0x59, 0x45, 0x94, 0x93, 0x9A,
        0xA6, 0xA6, 0x9B, 0x84, 0x94, 0xA5, 0xA5, 0xA5, 0x9B, 0x7E, 0x93, 0x94, 0xA5, 0xA5, 0xA5, 0xA5,
        0x52, 0x84, 0x94, 0xA5, 0xA5, 0xA5, 0xA5, 0xA5, 0x3A, 0x52, 0x66, 0x93, 0xA5, 0xA5, 0xA5, 0xA6,
        0x3A, 0x3A, 0x3A, 0x52, 0x7D, 0x93, 0xA5, 0xA6, 0x3A, 0x39, 0x3A, 0x3A, 0x3A, 0x52, 0x7D, 0x9A,
    },
    // Tile 73
    {
        0x4C, 0x51, 0x51, 0x39, 0x39, 0x39, 0xB9, 0xA5, 0x4C, 0x4C, 0x51, 0x51, 0x4C, 0x39, 0xB6, 0xA4,
        0x39, 0x39, 0x45, 0x4C, 0x3A, 0x52, 0xA5, 0xA4, 0x51, 0x4C, 0x3A, 0x3A, 0x4C, 0x4C, 0xB8, 0xB9,
        0x4C, 0x62, 0x52, 0x4C, 0x39, 0x4C, 0xB6, 0xB9, 0x3A, 0x4C, 0x51, 0x61, 0x51, 0x4C, 0xB6, 0xA5,
        0x39, 0x4C, 0x4C, 0x4C, 0x4C, 0x62, 0xA3, 0x93, 0x4C, 0x39, 0x39, 0x4C, 0x4C, 0x51, 0x52, 0x66,
    },
    // Tile 74
    {
        0xA5, 0xA5, 0xB8, 0xBA, 0xBD, 0xCD, 0xBA, 0xBA, 0xA4, 0xA4, 0xB5, 0xA4, 0xB6, 0xB9, 0xCD, 0xCD,
        0xA4, 0xA4, 0xB5, 0xA5, 0xB6, 0xB6, 0xA5, 0xCB, 0xB6, 0xA4, 0xA4, 0xA5, 0xB6, 0xB6, 0x7D, 0x91,
        0xB9, 0xA6, 0x94, 0xA3, 0xB6, 0xB6, 0x7D, 0x39, 0xB6, 0xB9, 0x83, 0x65, 0x91, 0x93, 0x7D, 0x39,
        0xA5, 0xA5, 0x66, 0x39, 0x4B, 0x62, 0x62, 0x39, 0x93, 0x93, 0x52, 0x4B, 0x4C, 0x4C, 0x51, 0x4C,
    },
    // Tile 75
    {
        0xBA, 0xA9, 0x00, 0x00, 0x00, 0x00, 0x00, 0x00, 0xBA, 0xB9, 0xCB, 0xBA, 0x00, 0x00, 0x00, 0x00,
        0xCD, 0xCD, 0xBA, 0xBA, 0xB9, 0xA6, 0x00, 0x00, 0xA5, 0xB9, 0xBD, 0xBD, 0xB9, 0xB7, 0xB7, 0x94,
        0x51, 0x91, 0xA5, 0xCD, 0xCD, 0xBD, 0xBA, 0xBA, 0x39, 0x4C, 0x62, 0x92, 0xA5, 0xBD, 0xAD, 0xBD,
        0x39, 0x4C, 0x4C, 0x4C, 0x62, 0x84, 0x88, 0xA5, 0x4C, 0x39, 0x39, 0x39, 0x3A, 0x52, 0x59, 0xB5,
    },
    // Tile 76
    {
        0x00, 0x00, 0x00, 0x00, 0x00, 0x00, 0x00, 0x00, 0x00, 0x00, 0x00, 0x00, 0x00, 0x00, 0x00, 0x00,
        0x00, 0x00, 0x00, 0x00, 0x00, 0x00, 0x00, 0x00, 0x00, 0x00, 0x00, 0x00, 0x00, 0x00, 0x00, 0x00,
        0x9A, 0xA5, 0x9A, 0x9B, 0x00, 0x00, 0x00, 0x00, 0xCD, 0xB9, 0xB9, 0xB9, 0xB9, 0xA7, 0x00, 0x00,
        0xB8, 0xBA, 0xCD, 0xBD, 0xBA, 0xBA, 0xA6, 0x9B, 0xA4, 0xA5, 0xB9, 0xCD, 0xCD, 0xBA, 0xB9, 0xB9,
    },
    // Tile 77
    {
        0x73, 0x59, 0x46, 0x46, 0x45, 0x59, 0x59, 0x73, 0x22, 0x53, 0x53, 0x59, 0x59, 0x45, 0x47, 0x75,
        0x16, 0x59, 0x53, 0x73, 0x8E, 0x49, 0x45, 0x48, 0x1F, 0x53, 0x5D, 0xDE, 0xE5, 0xB4, 0x53, 0x46,
        0x20, 0x16, 0x76, 0xDD, 0xDF, 0xA1, 0x59, 0x45, 0x1F, 0x16, 0x5C, 0xB3, 0xC8, 0x5F, 0x45, 0x45,
        0x1F, 0x53, 0x45, 0x59, 0x59, 0x45, 0x45, 0x45, 0x1F, 0x16, 0x45, 0x45, 0x45, 0x45, 0x45, 0x53,
    },
    // Tile 78
    {
        0xD7, 0xDE, 0xB4, 0x46, 0x5A, 0x76, 0xA0, 0x77, 0xD8, 0xDF, 0xC8, 0x5A, 0x59, 0x46, 0x47, 0x46,
        0x8F, 0xC9, 0xA0, 0x46, 0x45, 0x46, 0x45, 0x46, 0x48, 0x75, 0x47, 0x45, 0x45, 0x45, 0x46, 0x47,
        0x45, 0x45, 0x45, 0x45, 0x45, 0x53, 0x46, 0x53, 0x45, 0x45, 0x46, 0x59, 0x53, 0x45, 0x46, 0x46,
        0x47, 0x59, 0x59, 0x59, 0x45, 0x45, 0x46, 0x46, 0x46, 0x53, 0x46, 0x46, 0x45, 0x45, 0x59, 0x46,
    },
    // Tile 79
    {
        0x46, 0xA8, 0x9E, 0xA9, 0x9E, 0x85, 0x3B, 0x22, 0x45, 0xA6, 0x9B, 0x85, 0x46, 0x22, 0x16, 0x13,
        0x45, 0x6F, 0x46, 0x23, 0x22, 0x16, 0x2B, 0x39, 0x22, 0x22, 0x1F, 0x16, 0x2C, 0x39, 0x3A, 0x39,
        0x16, 0x1C, 0x2C, 0x39, 0x39, 0x3A, 0x3A, 0x3A, 0x2C, 0x2C, 0x2B, 0x39, 0x3A, 0x3A, 0x3A, 0x3A,
        0x3A, 0x3A, 0x3A, 0x2C, 0x2C, 0x3A, 0x4C, 0x3A, 0x39, 0x39, 0x3A, 0x3A, 0x3A, 0x3A, 0x2B, 0x3A,
    },
    // Tile 80
    {
        0x1F, 0x3A, 0x7D, 0x92, 0xA4, 0xB6, 0xBD, 0x4C, 0x12, 0x1E, 0x2C, 0x3A, 0x7A, 0xA3, 0xA9, 0x4C,
        0x3A, 0x2C, 0x1C, 0x1E, 0x1F, 0x3A, 0x7E, 0x39, 0x3A, 0x3A, 0x3A, 0x2C, 0x12, 0x1E, 0x22, 0x29,
        0x3A, 0x3A, 0x3A, 0x3A, 0x2C, 0x2C, 0x13, 0x1E, 0x3A, 0x3A, 0x51, 0x51, 0x3B, 0x2C, 0x2F, 0x2B,
        0x51, 0x52, 0x45, 0x2C, 0x2E, 0x3A, 0x3A, 0x3A, 0x3A, 0x2C, 0x2C, 0x39, 0x3A, 0x3A, 0x3A, 0x3A,
    },
    // Tile 81
    {
        0x51, 0x51, 0x51, 0x4C, 0x39, 0x4C, 0x4C, 0x4C, 0x4C, 0x4C, 0x52, 0x4C, 0x39, 0x39, 0x39, 0x3A,
        0x39, 0x39, 0x4C, 0x39, 0x4C, 0x4C, 0x52, 0x3A, 0x7D, 0x51, 0x3A, 0x4B, 0x4B, 0x4B, 0x4C, 0x51,
        0xA6, 0xA5, 0x66, 0x4C, 0x4C, 0x39, 0x51, 0x51, 0xA5, 0xA5, 0xB6, 0xA4, 0x7C, 0x61, 0x4C, 0x4C,
        0xA5, 0xB6, 0xB6, 0xB6, 0xB6, 0xB6, 0x62, 0x39, 0x66, 0xA3, 0xA4, 0xA4, 0xB6, 0xB8, 0xBE, 0x4C,
    },
    // Tile 82
    {
        0x62, 0x7A, 0x52, 0x39, 0x39, 0x4C, 0x4C, 0x4C, 0x4C, 0x4C, 0x51, 0x39, 0x39, 0x4B, 0x4B, 0x4C,
        0x4C, 0x4C, 0x4C, 0x3A, 0x3A, 0x4C, 0x4C, 0x39, 0x4C, 0x39, 0x4B, 0x4B, 0x4C, 0x4C, 0x52, 0x61,
        0x52, 0x51, 0x4C, 0x3A, 0x39, 0x51, 0x3A, 0x4C, 0x4C, 0x61, 0x4C, 0x4C, 0x4C, 0x39, 0x39, 0x4C,
        0x4C, 0x4C, 0x39, 0x62, 0x4C, 0x3A, 0x39, 0x39, 0x4C, 0x4B, 0x39, 0x4C, 0x4C, 0x51, 0x4C, 0x39,
    },
    // Tile 83
    {
        0x52, 0x51, 0x3A, 0x39, 0x39, 0x3A, 0x53, 0x79, 0x4C, 0x51, 0x4C, 0x4C, 0x39, 0x39, 0x45, 0x2C,
        0x3A, 0x4C, 0x39, 0x4C, 0x51, 0x52, 0x53, 0x1F, 0x4C, 0x39, 0x39, 0x4C, 0x4C, 0x4C, 0x53, 0x1F,
        0x62, 0x61, 0x4C, 0x4B, 0x4B, 0x4C, 0x45, 0x1F, 0x4C, 0x4C, 0x51, 0x61, 0x4C, 0x3A, 0x1E, 0x1F,
        0x4C, 0x4C, 0x4C, 0x4C, 0x61, 0x52, 0x13, 0x1F, 0x39, 0x4B, 0x4B, 0x4C, 0x51, 0x51, 0x13, 0x1F,
    },
    // Tile 84
    {
        0x16, 0x16, 0x45, 0x45, 0x45, 0x53, 0x59, 0x46, 0x16, 0x16, 0x53, 0x59, 0x53, 0x53, 0x46, 0x45,
        0x1F, 0x15, 0x59, 0x59, 0x45, 0x46, 0x45, 0x46, 0x1F, 0x16, 0x45, 0x46, 0x45, 0x45, 0x70, 0x9E,
        0x16, 0x16, 0x45, 0x45, 0x5A, 0x89, 0xAD, 0xAD, 0x1F, 0x15, 0x70, 0x9E, 0xBF, 0xAD, 0xAD, 0xAD,
        0x16, 0x15, 0xAD, 0xAD, 0xAD, 0x9E, 0x9E, 0x9B, 0x16, 0x0E, 0xAD, 0xAD, 0xA9, 0x9E, 0x73, 0x46,
    },
    // Tile 85
    {
        0x45, 0x45, 0x45, 0x45, 0x45, 0x59, 0x59, 0x53, 0x45, 0x45, 0x46, 0x59, 0x47, 0x53, 0x53, 0x46,
        0x45, 0x53, 0x53, 0x53, 0x46, 0x46, 0x45, 0x45, 0x89, 0x45, 0x45, 0x45, 0x45, 0x45, 0x2F, 0x22,
        0x89, 0x45, 0x45, 0x45, 0x2F, 0x22, 0x22, 0x22, 0x88, 0x3B, 0x2F, 0x22, 0x16, 0x16, 0x16, 0x2C,
        0x5A, 0x22, 0x17, 0x20, 0x16, 0x2C, 0x2B, 0x39, 0x22, 0x16, 0x13, 0x2C, 0x39, 0x39, 0x3A, 0x39,
    },
    // Tile 86
    {
        0x45, 0xA8, 0x9E, 0xA9, 0x9E, 0x85, 0x3B, 0x22, 0x3B, 0xA6, 0x9B, 0x85, 0x46, 0x22, 0x16, 0x13,
        0x2F, 0x6F, 0x46, 0x23, 0x22, 0x16, 0x2C, 0x3A, 0x22, 0x22, 0x1F, 0x16, 0x2C, 0x3A, 0x3A, 0x3A,
        0x16, 0x1E, 0x29, 0x3A, 0x3A, 0x3A, 0x3A, 0x3A, 0x3A, 0x36, 0x36, 0x2B, 0x39, 0x3A, 0x3A, 0x4C,
        0x39, 0x39, 0x3A, 0x39, 0x3A, 0x2C, 0x3A, 0x3A, 0x39, 0x39, 0x39, 0x3A, 0x39, 0x3A, 0x36, 0x2C,
    },
    // Tile 87
    {
        0x16, 0x16, 0x29, 0x2C, 0x39, 0x3A, 0x3A, 0x3A, 0x2B, 0x3A, 0x3A, 0x3A, 0x3A, 0x3A, 0x3A, 0x3A,
        0x3A, 0x3A, 0x3A, 0x3A, 0x3A, 0x3A, 0x4C, 0x51, 0x3A, 0x3A, 0x3A, 0x3A, 0x3A, 0x4C, 0x3A, 0x3A,
        0x3A, 0x3A, 0x3A, 0x3A, 0x4C, 0x39, 0x2B, 0x2C, 0x3A, 0x4C, 0x4C, 0x3A, 0x2C, 0x2C, 0x2F, 0x3A,
        0x51, 0x3A, 0x2C, 0x2C, 0x2E, 0x3A, 0x3A, 0x3A, 0x2C, 0x2C, 0x2C, 0x39, 0x3A, 0x3A, 0x3A, 0x3A,
    },
    // Tile 88
    {
        0x3A, 0x3A, 0x3A, 0x3A, 0x3A, 0x3A, 0x2C, 0x1F, 0x4C, 0x3A, 0x3A, 0x3A, 0x2C, 0x1F, 0x2C, 0x3A,
        0x4C, 0x3A, 0x2C, 0x21, 0x2C, 0x3A, 0x3A, 0x39, 0x2C, 0x2C, 0x2C, 0x3A, 0x3A, 0x3A, 0x3A, 0x3A,
        0x2C, 0x3A, 0x3A, 0x3A, 0x3A, 0x39, 0x3A, 0x3A, 0x3A, 0x3A, 0x3A, 0x3A, 0x3A, 0x3A, 0x39, 0x3A,
        0x3A, 0x3A, 0x39, 0x3A, 0x3A, 0x3A, 0x3A, 0x3A, 0x3A, 0x3A, 0x3A, 0x39, 0x39, 0x3A, 0x3A, 0x3A,
    },
    // Tile 89
    {
        0x13, 0x3A, 0x3A, 0x3A, 0x3A, 0x3A, 0x3A, 0x3A, 0x3A, 0x2C, 0x13, 0x39, 0x3A, 0x3A, 0x3A, 0x3A,
        0x2C, 0x3A, 0x3A, 0x2C, 0x1F, 0x39, 0x3A, 0x3A, 0x39, 0x2C, 0x2C, 0x39, 0x3A, 0x2C, 0x2B, 0x39,
        0x3A, 0x3A, 0x39, 0x39, 0x3A, 0x3A, 0x3A, 0x2B, 0x3A, 0x3A, 0x3A, 0x3A, 0x3A, 0x2E, 0x3A, 0x3A,
        0x3A, 0x3A, 0x3A, 0x3A, 0x3A, 0x39, 0x39, 0x39, 0x3A, 0x39, 0x39, 0x39, 0x3A, 0x3A, 0x3A, 0x36,
    },
    // Tile 90
    {
        0x3A, 0x3A, 0x3A, 0x3A, 0x3A, 0x3A, 0x3A, 0x44, 0x3A, 0x3A, 0x3A, 0x3A, 0x3A, 0x3A, 0x39, 0x39,
        0x3A, 0x3A, 0x3A, 0x3A, 0x39, 0x39, 0x39, 0x39, 0x3A, 0x3A, 0x3A, 0x39, 0x3A, 0x39, 0x3A, 0x39,
        0x1F, 0x36, 0x3A, 0x39, 0x39, 0x3A, 0x3A, 0x3A, 0x3A, 0x2C, 0x2B, 0x39, 0x3A, 0x3A, 0x3A, 0x3A,
        0x3A, 0x3A, 0x3A, 0x2C, 0x2C, 0x3A, 0x4C, 0x3A, 0x39, 0x39, 0x3A, 0x3A, 0x3A, 0x3A, 0x2B, 0x3A,
    },
    // Tile 91
    {
        0x3A, 0x3A, 0x39, 0x39, 0x3A, 0x39, 0x3A, 0x3A, 0x39, 0x3A, 0x3A, 0x3A, 0x3A, 0x3A, 0x3A, 0x3A,
        0x3A, 0x3A, 0x3A, 0x3A, 0x3A, 0x3A, 0x3A, 0x3A, 0x3A, 0x3A, 0x3A, 0x3A, 0x3A, 0x3A, 0x3A, 0x3A,
        0x3A, 0x3A, 0x3A, 0x3A, 0x3A, 0x3A, 0x3A, 0x39, 0x3A, 0x3A, 0x51, 0x51, 0x3B, 0x3A, 0x3A, 0x4C,
        0x51, 0x52, 0x45, 0x39, 0x3A, 0x3A, 0x3A, 0x3A, 0x3A, 0x3A, 0x3A, 0x3A, 0x3A, 0x3A, 0x3A, 0x3A,
    },
    // Tile 92
    {
        0x3A, 0x3A, 0x39, 0x39, 0x3A, 0x39, 0x3A, 0x3A, 0x39, 0x3A, 0x3A, 0x3A, 0x3A, 0x3A, 0x3A, 0x3A,
        0x3A, 0x3A, 0x3A, 0x3A, 0x3A, 0x3A, 0x3A, 0x3A, 0x3A, 0x3A, 0x3A, 0x3A, 0x3A, 0x3A, 0x3A, 0x3A,
        0x3A, 0x3A, 0x3A, 0x3A, 0x3A, 0x3A, 0x3A, 0x2C, 0x3A, 0x3A, 0x51, 0x51, 0x3B, 0x2C, 0x2F, 0x3A,
        0x51, 0x52, 0x45, 0x2C, 0x2E, 0x3A, 0x3A, 0x3A, 0x3A, 0x2C, 0x2C, 0x39, 0x3A, 0x3A, 0x3A, 0x3A,
    },
    // Tile 93
    {
        0x3A, 0x3A, 0x3A, 0x3A, 0x3A, 0x3A, 0x3B, 0x1F, 0x3A, 0x3A, 0x3A, 0x44, 0x3A, 0x1F, 0x2C, 0x3A,
        0x4C, 0x44, 0x3A, 0x21, 0x2C, 0x3A, 0x3A, 0x39, 0x3A, 0x2C, 0x2C, 0x3A, 0x3A, 0x3A, 0x3A, 0x3A,
        0x2C, 0x3A, 0x3A, 0x3A, 0x3A, 0x39, 0x3A, 0x3A, 0x3A, 0x3A, 0x3A, 0x3A, 0x3A, 0x3A, 0x39, 0x3A,
        0x3A, 0x3A, 0x39, 0x3A, 0x3A, 0x3A, 0x3A, 0x3A, 0x3A, 0x3A, 0x3A, 0x39, 0x39, 0x3A, 0x3A, 0x3A,
    },
    // Tile 94
    {
        0x13, 0x2C, 0x2C, 0x3A, 0x3A, 0x3A, 0x3A, 0x3A, 0x3A, 0x2C, 0x13, 0x2B, 0x39, 0x3A, 0x3A, 0x3A,
        0x2C, 0x3A, 0x3A, 0x2C, 0x1F, 0x2B, 0x39, 0x3A, 0x39, 0x2C, 0x2C, 0x39, 0x3A, 0x2C, 0x2B, 0x2B,
        0x3A, 0x3A, 0x39, 0x39, 0x3A, 0x3A, 0x3A, 0x2B, 0x3A, 0x3A, 0x3A, 0x3A, 0x3A, 0x2E, 0x3A, 0x3A,
        0x3A, 0x3A, 0x3A, 0x3A, 0x3A, 0x39, 0x39, 0x39, 0x3A, 0x39, 0x39, 0x39, 0x3A, 0x3A, 0x3A, 0x36,
    },
    // Tile 95
    {
        0x3A, 0x3A, 0x3A, 0x3A, 0x39, 0x2B, 0x1E, 0x1F, 0x3A, 0x3A, 0x3A, 0x3A, 0x3A, 0x3A, 0x2C, 0x2B,
        0x3A, 0x3A, 0x3A, 0x3A, 0x3A, 0x3A, 0x3A, 0x3A, 0x39, 0x3A, 0x3A, 0x3A, 0x3A, 0x3A, 0x3A, 0x3A,
        0x1F, 0x2B, 0x36, 0x3A, 0x3A, 0x3A, 0x3A, 0x3A, 0x3A, 0x2C, 0x2B, 0x2B, 0x39, 0x3A, 0x3A, 0x4C,
        0x3A, 0x3A, 0x3A, 0x2C, 0x2C, 0x2C, 0x3A, 0x3A, 0x39, 0x39, 0x3A, 0x3A, 0x3A, 0x3A, 0x2B, 0x2C,
    },
    // Tile 96
    {
        0x1F, 0x3A, 0x7D, 0x92, 0xA4, 0xB6, 0x4C, 0x4C, 0x12, 0x1E, 0x2C, 0x3A, 0x7A, 0xA3, 0x39, 0x3A,
        0x3A, 0x2C, 0x1C, 0x1E, 0x1F, 0x3A, 0x4C, 0x39, 0x3A, 0x3A, 0x3A, 0x2C, 0x12, 0x1E, 0x2C, 0x36,
        0x3A, 0x3A, 0x3A, 0x3A, 0x36, 0x1E, 0x1E, 0x1F, 0x3A, 0x4C, 0x4C, 0x3A, 0x2C, 0x3A, 0x2C, 0x1C,
        0x51, 0x3A, 0x2C, 0x39, 0x3A, 0x3A, 0x3A, 0x3A, 0x2C, 0x3A, 0x2E, 0x39, 0x39, 0x39, 0x3A, 0x3A,
    },
    // Tile 97
    {
        0x4C, 0x4C, 0x39, 0x39, 0x4C, 0x4C, 0x4C, 0x4C, 0x4C, 0x4C, 0x52, 0x4C, 0x39, 0x4C, 0x4B, 0x4C,
        0x4C, 0x4C, 0x3A, 0x52, 0x4C, 0x51, 0x4C, 0x39, 0x39, 0x4B, 0x4B, 0x4C, 0x4C, 0x4C, 0x79, 0x7D,
        0x21, 0x39, 0x3A, 0x4B, 0x4B, 0x4B, 0x7C, 0xB9, 0x1F, 0x29, 0x29, 0x39, 0x4C, 0x4C, 0x7C, 0xB6,
        0x2C, 0x13, 0x1E, 0x1F, 0x1F, 0x39, 0x79, 0xB6, 0x3A, 0x39, 0x2C, 0x13, 0x1F, 0x2B, 0x2C, 0x7C,
    },
    // Tile 98
    {
        0x51, 0x39, 0x39, 0x4B, 0x4C, 0x52, 0x13, 0x1F, 0x4C, 0x51, 0x39, 0x4C, 0x4B, 0x4C, 0x13, 0x1E,
        0x39, 0x4C, 0x4C, 0x4C, 0x51, 0x52, 0x13, 0x1E, 0x51, 0x39, 0x39, 0x4C, 0x4C, 0x61, 0x13, 0x1F,
        0xA5, 0x91, 0x62, 0x39, 0x4B, 0x4C, 0x1E, 0x1E, 0xB9, 0xB9, 0xB6, 0x7D, 0x4C, 0x4C, 0x1E, 0x1E,
        0xB6, 0xB6, 0xB8, 0xB6, 0xA5, 0x7D, 0x1E, 0x1E, 0xA3, 0xA4, 0xA4, 0xA5, 0xB6, 0xB9, 0x1C, 0x1E,
    },
    // Tile 99
    {
        0x16, 0x0E, 0x9E, 0x9E, 0x73, 0x45, 0x22, 0x22, 0x16, 0x16, 0x85, 0x46, 0x22, 0x22, 0x16, 0x2B,
        0x16, 0x16, 0x23, 0x19, 0x22, 0x2B, 0x39, 0x39, 0x16, 0x0E, 0x1F, 0x2B, 0x3A, 0x39, 0x3A, 0x39,
        0x16, 0x0E, 0x3A, 0x39, 0x39, 0x3A, 0x3A, 0x3A, 0x16, 0x0B, 0x36, 0x39, 0x3A, 0x3A, 0x3A, 0x3A,
        0x0E, 0x2B, 0x3A, 0x39, 0x3A, 0x3A, 0x4C, 0x3A, 0x39, 0x39, 0x39, 0x3A, 0x39, 0x3A, 0x36, 0x3A,
    },
    // Tile 100
    {
        0x16, 0x2C, 0x39, 0x39, 0x3A, 0x39, 0x3A, 0x3A, 0x39, 0x3A, 0x3A, 0x3A, 0x3A, 0x3A, 0x3A, 0x3A,
        0x3A, 0x3A, 0x3A, 0x3A, 0x3A, 0x3A, 0x3A, 0x3A, 0x3A, 0x3A, 0x3A, 0x3A, 0x3A, 0x3A, 0x3A, 0x3A,
        0x3A, 0x3A, 0x3A, 0x3A, 0x3A, 0x3A, 0x3A, 0x3A, 0x3A, 0x3A, 0x51, 0x51, 0x3B, 0x3A, 0x3A, 0x3A,
        0x51, 0x52, 0x45, 0x39, 0x3A, 0x3A, 0x3A, 0x3A, 0x3A, 0x3A, 0x2E, 0x39, 0x39, 0x39, 0x3A, 0x3A,
    },
    // Tile 101
    {
        0x7E, 0x2C, 0x2C, 0x3A, 0x3A, 0x3A, 0x3A, 0x3A, 0x9A, 0x94, 0x85, 0x2B, 0x39, 0x3A, 0x3A, 0x3A,
        0xA5, 0xA5, 0xA6, 0xA5, 0xA6, 0x2B, 0x39, 0x3A, 0xA5, 0xA5, 0xA5, 0xA5, 0xA5, 0xB9, 0x9A, 0x2B,
        0xA5, 0xA5, 0xA5, 0xA6, 0xA6, 0xA8, 0x94, 0x59, 0xA6, 0xA6, 0xA6, 0xA6, 0x9A, 0x6F, 0x45, 0x3A,
        0xA6, 0xA6, 0x9A, 0x7D, 0x52, 0x3A, 0x39, 0x39, 0x94, 0x6F, 0x52, 0x3A, 0x39, 0x39, 0x3A, 0x39,
    },
    // Tile 102
    {
        0x3A, 0x3A, 0x3A, 0x3A, 0x39, 0x3A, 0x3A, 0x3A, 0x3A, 0x3A, 0x3A, 0x3A, 0x3A, 0x3A, 0x2C, 0x39,
        0x3A, 0x3A, 0x3A, 0x3A, 0x3A, 0x3A, 0x3A, 0x3A, 0x39, 0x3A, 0x3A, 0x3A, 0x3A, 0x3A, 0x3A, 0x3A,
        0x36, 0x2B, 0x36, 0x3A, 0x3A, 0x3A, 0x3A, 0x3A, 0x3A, 0x36, 0x36, 0x2B, 0x39, 0x3A, 0x3A, 0x4C,
        0x39, 0x39, 0x3A, 0x39, 0x3A, 0x2C, 0x3A, 0x3A, 0x39, 0x39, 0x39, 0x3A, 0x39, 0x3A, 0x36, 0x2C,
    },
    // Tile 103
    {
        0x3A, 0x39, 0x36, 0x2C, 0x39, 0x3A, 0x3A, 0x3A, 0x39, 0x3A, 0x3A, 0x3A, 0x3A, 0x3A, 0x3A, 0x3A,
        0x3A, 0x3A, 0x3A, 0x3A, 0x3A, 0x3A, 0x4C, 0x51, 0x3A, 0x3A, 0x3A, 0x3A, 0x3A, 0x4C, 0x3A, 0x3A,
        0x3A, 0x3A, 0x3A, 0x3A, 0x4C, 0x39, 0x2B, 0x2C, 0x3A, 0x4C, 0x4C, 0x3A, 0x2C, 0x2C, 0x2F, 0x3A,
        0x51, 0x3A, 0x2C, 0x2C, 0x2E, 0x3A, 0x3A, 0x3A, 0x2C, 0x2C, 0x2C, 0x39, 0x3A, 0x3A, 0x3A, 0x3A,
    },
    // Tile 104
    {
        0x66, 0x52, 0x3A, 0x3A, 0x3A, 0x3A, 0x52, 0x6F, 0x9A, 0x94, 0x7E, 0x52, 0x52, 0x7D, 0x93, 0x9A,
        0xA6, 0xA8, 0x9A, 0x67, 0x59, 0x84, 0xA5, 0xA5, 0x94, 0x7D, 0x52, 0x3A, 0x3A, 0x52, 0x7D, 0x94,
        0x3A, 0x3A, 0x3A, 0x3A, 0x3A, 0x44, 0x45, 0x2C, 0x3A, 0x3A, 0x3A, 0x44, 0x45, 0x2C, 0x2F, 0x3A,
        0x51, 0x52, 0x45, 0x2C, 0x2E, 0x3A, 0x3A, 0x3A, 0x3A, 0x2C, 0x2C, 0x39, 0x3A, 0x3A, 0x3A, 0x3A,
    },
    // Tile 105
    {
        0x7D, 0x52, 0x3A, 0x3A, 0x3A, 0x3A, 0x3B, 0x1F, 0x9A, 0x94, 0x7E, 0x59, 0x45, 0x1F, 0x2C, 0x3A,
        0xA6, 0xA6, 0x9B, 0x21, 0x2C, 0x3A, 0x3A, 0x39, 0x9B, 0x2C, 0x2C, 0x3A, 0x3A, 0x3A, 0x3A, 0x3A,
        0x2C, 0x3A, 0x3A, 0x3A, 0x3A, 0x39, 0x3A, 0x3A, 0x3A, 0x3A, 0x3A, 0x3A, 0x3A, 0x3A, 0x39, 0x3A,
        0x3A, 0x3A, 0x39, 0x3A, 0x3A, 0x3A, 0x3A, 0x3A, 0x3A, 0x3A, 0x3A, 0x39, 0x39, 0x3A, 0x3A, 0x3A,
    },
    // Tile 106
    {
        0x3A, 0x3A, 0x3A, 0x3A, 0x39, 0x3A, 0x3A, 0x3A, 0x3A, 0x3A, 0x3A, 0x3A, 0x3A, 0x3A, 0x2C, 0x39,
        0x3A, 0x3A, 0x3A, 0x3A, 0x3A, 0x3A, 0x3A, 0x3A, 0x39, 0x3A, 0x3A, 0x3A, 0x3A, 0x3A, 0x3A, 0x3A,
        0x1F, 0x2B, 0x36, 0x3A, 0x3A, 0x3A, 0x3A, 0x3A, 0x3A, 0x2C, 0x2B, 0x2B, 0x39, 0x3A, 0x3A, 0x4C,
        0x3A, 0x3A, 0x3A, 0x2C, 0x2C, 0x2C, 0x3A, 0x3A, 0x39, 0x39, 0x3A, 0x3A, 0x3A, 0x3A, 0x2B, 0x2C,
    },
    // Tile 107
    {
        0x3A, 0x39, 0x36, 0x2C, 0x39, 0x3A, 0x3A, 0x3A, 0x39, 0x3A, 0x3A, 0x3A, 0x3A, 0x3A, 0x3A, 0x3A,
        0x3A, 0x3A, 0x3A, 0x3A, 0x3A, 0x3A, 0x4C, 0x51, 0x3A, 0x3A, 0x3A, 0x3A, 0x3A, 0x4C, 0x3A, 0x3A,
        0x3A, 0x3A, 0x3A, 0x3A, 0x4C, 0x39, 0x2B, 0x3A, 0x3A, 0x4C, 0x4C, 0x3A, 0x2C, 0x3A, 0x3A, 0x3A,
        0x51, 0x3A, 0x2C, 0x39, 0x3A, 0x3A, 0x3A, 0x3A, 0x2C, 0x3A, 0x2E, 0x39, 0x39, 0x39, 0x3A, 0x3A,
    },
    // Tile 108
    {
        0x3A, 0x3A, 0x3A, 0x3A, 0x3A, 0x3A, 0x2C, 0x85, 0x4C, 0x3A, 0x3A, 0x3A, 0x2C, 0x94, 0x93, 0x9A,
        0x4C, 0x3A, 0x2C, 0x84, 0x94, 0xA5, 0xA5, 0xA5, 0x2C, 0x7E, 0x93, 0x94, 0xA5, 0xA5, 0xA5, 0xA5,
        0x52, 0x84, 0x94, 0xA5, 0xA5, 0xA5, 0xA5, 0xA5, 0x3A, 0x52, 0x66, 0x93, 0xA5, 0xA5, 0xA5, 0xA6,
        0x3A, 0x3A, 0x3A, 0x52, 0x7D, 0x93, 0xA5, 0xA6, 0x3A, 0x39, 0x3A, 0x3A, 0x3A, 0x52, 0x7D, 0x9A,
    },
    // Tile 109
    {
        0x3A, 0x3A, 0x3A, 0x3A, 0x2C, 0x12, 0x1E, 0x1F, 0x3A, 0x3A, 0x3A, 0x3A, 0x3A, 0x3A, 0x2B, 0x1C,
        0x3A, 0x3A, 0x3A, 0x3A, 0x39, 0x39, 0x39, 0x39, 0x3A, 0x3A, 0x3A, 0x39, 0x3A, 0x39, 0x3A, 0x39,
        0x36, 0x36, 0x3A, 0x39, 0x39, 0x3A, 0x3A, 0x3A, 0x3A, 0x36, 0x36, 0x39, 0x3A, 0x3A, 0x3A, 0x3A,
        0x39, 0x39, 0x3A, 0x39, 0x3A, 0x3A, 0x4C, 0x3A, 0x39, 0x39, 0x39, 0x3A, 0x39, 0x3A, 0x36, 0x3A,
    },
    // Tile 110
    {
        0x39, 0x7D, 0x93, 0xA3, 0xB5, 0xB9, 0x13, 0x1E, 0x1E, 0x2B, 0x4C, 0x7C, 0x92, 0xB6, 0x13, 0x1E,
        0x2C, 0x12, 0x1E, 0x2B, 0x39, 0x7D, 0x1C, 0x1E, 0x3A, 0x3A, 0x2C, 0x1E, 0x1E, 0x2B, 0x1E, 0x1E,
        0x3A, 0x3A, 0x3A, 0x3A, 0x2C, 0x12, 0x1E, 0x1E, 0x3A, 0x3A, 0x51, 0x51, 0x3B, 0x3A, 0x0D, 0x13,
        0x51, 0x52, 0x45, 0x39, 0x3A, 0x3A, 0x3A, 0x13, 0x3A, 0x3A, 0x2E, 0x39, 0x39, 0x39, 0x3A, 0x3A,
    },
    // Tile 111
    {
        0xB9, 0xB9, 0xA8, 0x00, 0x00, 0x00, 0x00, 0x00, 0xB9, 0xB9, 0xB9, 0xB9, 0xBA, 0x00, 0x00, 0x00,
        0xBA, 0xCD, 0xBD, 0xBA, 0xB9, 0xB9, 0xA9, 0x00, 0x92, 0xA5, 0xB9, 0xCD, 0xBA, 0xA8, 0xBA, 0xBA,
        0x4C, 0x62, 0x90, 0xB6, 0xCD, 0xCD, 0xBE, 0xBE, 0x39, 0x4B, 0x4B, 0x62, 0x93, 0xA8, 0xBE, 0xA9,
        0x39, 0x39, 0x4B, 0x39, 0x4B, 0x79, 0x94, 0x70, 0x51, 0x4C, 0x39, 0x39, 0x39, 0x4C, 0x52, 0x59,
    },
    // Tile 112
    {
        0x00, 0x00, 0x00, 0x00, 0x00, 0x00, 0x00, 0x00, 0x00, 0x00, 0x00, 0x00, 0x00, 0x00, 0x00, 0x00,
        0x00, 0x00, 0x00, 0x00, 0x00, 0x00, 0x00, 0x00, 0x9E, 0x00, 0x00, 0x00, 0x00, 0x00, 0x00, 0x00,
        0xAD, 0x85, 0x00, 0x00, 0x00, 0x00, 0x00, 0x00, 0x89, 0x00, 0x00, 0x00, 0x00, 0x00, 0x00, 0x00,
        0x59, 0x00, 0x00, 0x00, 0x00, 0x00, 0x00, 0x00, 0x53, 0x00, 0x00, 0x00, 0x00, 0x00, 0x00, 0x00,
    },
    // Tile 113
    {
        0x16, 0x16, 0x16, 0x2B, 0x3A, 0x39, 0x3A, 0x3A, 0x16, 0x2C, 0x3A, 0x3A, 0x3A, 0x3A, 0x3A, 0x3A,
        0x3A, 0x3A, 0x3A, 0x3A, 0x3A, 0x3A, 0x3A, 0x3A, 0x3A, 0x3A, 0x3A, 0x3A, 0x3A, 0x3A, 0x3A, 0x3A,
        0x3A, 0x3A, 0x3A, 0x3A, 0x3A, 0x3A, 0x3A, 0x3A, 0x3A, 0x3A, 0x51, 0x51, 0x3B, 0x3A, 0x3A, 0x3A,
        0x51, 0x52, 0x45, 0x39, 0x3A, 0x3A, 0x3A, 0x3A, 0x3A, 0x3A, 0x2E, 0x39, 0x39, 0x39, 0x3A, 0x3A,
    },
    // Tile 114
    {
        0x4C, 0x51, 0x51, 0x39, 0x39, 0x39, 0x52, 0x53, 0x4C, 0x4C, 0x51, 0x51, 0x4C, 0x39, 0x45, 0x45,
        0x39, 0x39, 0x45, 0x4C, 0x3A, 0x52, 0x59, 0x59, 0x51, 0x4C, 0x3A, 0x3A, 0x4C, 0x4C, 0x53, 0x59,
        0x4C, 0x62, 0x52, 0x4C, 0x39, 0x4C, 0x53, 0x46, 0x3A, 0x4C, 0x51, 0x61, 0x51, 0x4C, 0x45, 0x45,
        0x39, 0x4C, 0x4C, 0x4C, 0x4C, 0x62, 0x59, 0x59, 0x4C, 0x39, 0x39, 0x4C, 0x4C, 0x51, 0x52, 0x53,
    },
    // Tile 115
    {
        0x45, 0x00, 0x00, 0x00, 0x00, 0x00, 0x00, 0x00, 0x46, 0x00, 0x00, 0x00, 0x00, 0x00, 0x00, 0x00,
        0x46, 0x00, 0x00, 0x00, 0x00, 0x00, 0x00, 0x00, 0x45, 0x00, 0x00, 0x00, 0x00, 0x00, 0x00, 0x00,
        0x3B, 0x00, 0x00, 0x00, 0x00, 0x00, 0x00, 0x00, 0x45, 0x00, 0x00, 0x00, 0x00, 0x00, 0x00, 0x00,
        0x45, 0x00, 0x00, 0x00, 0x00, 0x00, 0x00, 0x00, 0x45, 0x00, 0x00, 0x00, 0x00, 0x00, 0x00, 0x00,
    },
    // Tile 116
    {
        0x00, 0x00, 0x00, 0x00, 0x00, 0x00, 0x00, 0x00, 0x00, 0x00, 0x00, 0x00, 0x00, 0x00, 0x00, 0x00,
        0x00, 0x00, 0x00, 0x00, 0x00, 0x00, 0x00, 0x00, 0x00, 0x00, 0x00, 0x00, 0x00, 0x00, 0x00, 0x00,
        0x00, 0x00, 0x00, 0x00, 0x00, 0x00, 0x00, 0x00, 0x00, 0x00, 0x00, 0x00, 0x00, 0x00, 0x00, 0xBE,
        0x00, 0x00, 0x00, 0x00, 0x00, 0x00, 0x00, 0xA8, 0x00, 0x00, 0x00, 0x00, 0x00, 0x00, 0x00, 0xA4,
    },
    // Tile 117
    {
        0x00, 0x00, 0x00, 0x00, 0x00, 0x00, 0x00, 0x00, 0x00, 0x00, 0x00, 0x00, 0x00, 0x00, 0x00, 0x00,
        0x00, 0x00, 0x00, 0x00, 0x00, 0x00, 0x00, 0x00, 0x00, 0x00, 0x00, 0x00, 0x00, 0x00, 0x00, 0x00,
        0x94, 0x9A, 0x94, 0x00, 0x00, 0x00, 0x00, 0x00, 0xBA, 0xB9, 0xB9, 0xCB, 0xBA, 0x00, 0x00, 0x00,
        0xB9, 0xCD, 0xBA, 0xBA, 0xA9, 0xB9, 0xA6, 0x00, 0xA3, 0xA5, 0xB9, 0xBA, 0xBA, 0xB9, 0xB9, 0xB9,
    },
    // Tile 118
    {
        0x46, 0xA8, 0x9E, 0xA9, 0x9E, 0x85, 0x3B, 0x22, 0x45, 0xA6, 0x9B, 0x85, 0x46, 0x22, 0x16, 0x13,
        0x45, 0x6F, 0x46, 0x23, 0x22, 0x16, 0x84, 0xA6, 0x22, 0x22, 0x1F, 0x16, 0x2C, 0x52, 0x7D, 0x94,
        0x16, 0x1F, 0x2C, 0x3A, 0x3A, 0x3A, 0x3A, 0x51, 0x2C, 0x36, 0x36, 0x3A, 0x44, 0x3A, 0x3A, 0x3A,
        0x39, 0x39, 0x3A, 0x39, 0x3A, 0x39, 0x3A, 0x3A, 0x39, 0x39, 0x39, 0x3A, 0x39, 0x3A, 0x36, 0x3A,
    },
    // Tile 119
    {
        0x16, 0x16, 0x2C, 0x3A, 0x3A, 0x3A, 0x52, 0x6F, 0x83, 0x94, 0x7E, 0x52, 0x52, 0x7D, 0x93, 0x9A,
        0xA6, 0xA8, 0x9A, 0x67, 0x59, 0x84, 0xA5, 0xA5, 0x94, 0x7D, 0x52, 0x3A, 0x3A, 0x52, 0x7D, 0x94,
        0x3A, 0x3A, 0x3A, 0x3A, 0x3A, 0x44, 0x45, 0x3A, 0x3A, 0x3A, 0x3A, 0x44, 0x45, 0x3A, 0x3A, 0x3A,
        0x51, 0x52, 0x45, 0x39, 0x3A, 0x3A, 0x3A, 0x3A, 0x3A, 0x3A, 0x2E, 0x39, 0x39, 0x39, 0x3A, 0x3A,
    },
    // Tile 120
    {
        0x3A, 0x3A, 0x39, 0x39, 0x3A, 0x39, 0x3A, 0x3A, 0x39, 0x3A, 0x3A, 0x3A, 0x3A, 0x3A, 0x3A, 0x3A,
        0x3A, 0x3A, 0x3A, 0x3A, 0x2C, 0x2C, 0x3A, 0x2C, 0x3A, 0x2C, 0x2C, 0x2C, 0x2B, 0x2C, 0x2C, 0x2C,
        0x3A, 0x2C, 0x2C, 0x1F, 0x13, 0x13, 0x1E, 0x1E, 0x2C, 0x2C, 0x39, 0x1E, 0x13, 0x0B, 0x0B, 0x12,
        0x51, 0x3A, 0x2F, 0x1E, 0x13, 0x0B, 0x0A, 0x0B, 0x3A, 0x3A, 0x21, 0x2B, 0x1E, 0x12, 0x0A, 0x0B,
    },
    // Tile 121
    {
        0x3A, 0x3A, 0x3A, 0x3A, 0x3A, 0x3A, 0x3B, 0x85, 0x3A, 0x3A, 0x3A, 0x44, 0x3A, 0x94, 0x93, 0x9A,
        0x4C, 0x44, 0x3A, 0x84, 0x94, 0xA5, 0xA5, 0xA5, 0x2C, 0x7E, 0x93, 0x94, 0xA5, 0xA5, 0xA5, 0xA5,
        0x2C, 0x6F, 0x7E, 0xA5, 0xA5, 0xA5, 0xA5, 0xA5, 0x1E, 0x2C, 0x52, 0x93, 0xA5, 0xA5, 0xA5, 0xA6,
        0x12, 0x1F, 0x2B, 0x3A, 0x7D, 0x93, 0xA5, 0xA6, 0x12, 0x1E, 0x2B, 0x2C, 0x3A, 0x52, 0x7D, 0x9A,
    },
    // Tile 122
    {
        0x3A, 0x3A, 0x3A, 0x3A, 0x3A, 0x2B, 0x1E, 0x1F, 0x3A, 0x3A, 0x3A, 0x3A, 0x3A, 0x3A, 0x39, 0x2B,
        0x3A, 0x3A, 0x3A, 0x3A, 0x39, 0x39, 0x39, 0x39, 0x3A, 0x3A, 0x3A, 0x39, 0x3A, 0x39, 0x3A, 0x39,
        0x2C, 0x36, 0x3A, 0x39, 0x39, 0x3A, 0x3A, 0x3A, 0x3A, 0x39, 0x36, 0x39, 0x3A, 0x3A, 0x3A, 0x3A,
        0x3A, 0x3A, 0x3A, 0x39, 0x3A, 0x3A, 0x4C, 0x3A, 0x3A, 0x3A, 0x3A, 0x3A, 0x39, 0x3A, 0x36, 0x3A,
    },
    // Tile 123
    {
        0x51, 0x51, 0x51, 0x4C, 0x39, 0x4C, 0x52, 0x45, 0x4C, 0x4C, 0x52, 0x4C, 0x39, 0x39, 0x3A, 0x45,
        0x39, 0x39, 0x4C, 0x39, 0x4C, 0x4C, 0x52, 0x53, 0x7D, 0x51, 0x3A, 0x4B, 0x4B, 0x4B, 0x52, 0x53,
        0xA6, 0xA5, 0x66, 0x4C, 0x4C, 0x39, 0x52, 0x45, 0xA5, 0xA5, 0xB6, 0xA4, 0x7C, 0x61, 0x52, 0x46,
        0xA5, 0xB6, 0xB6, 0xB6, 0xB6, 0xB6, 0x94, 0xA9, 0x66, 0xA3, 0xA4, 0xA4, 0xB6, 0xB8, 0xBE, 0xAD,
    },
    // Tile 124
    {
        0x45, 0x00, 0x00, 0x00, 0x00, 0x00, 0x00, 0x00, 0x45, 0x00, 0x00, 0x00, 0x00, 0x00, 0x00, 0x00,
        0x46, 0x00, 0x00, 0x00, 0x00, 0x00, 0x00, 0x00, 0x45, 0x00, 0x00, 0x00, 0x00, 0x00, 0x00, 0x00,
        0x3B, 0x00, 0x00, 0x00, 0x00, 0x00, 0x00, 0x00, 0x5A, 0x36, 0x36, 0x00, 0x00, 0x00, 0x00, 0x00,
        0x9F, 0x39, 0x3A, 0x39, 0x3A, 0x00, 0x00, 0x00, 0xAD, 0x39, 0x39, 0x3A, 0x39, 0x3A, 0x29, 0x00,
    },
    // Tile 125
    {
        0x00, 0x00, 0x00, 0x00, 0x00, 0x00, 0x00, 0xB6, 0x00, 0x00, 0x00, 0x00, 0x00, 0x00, 0x00, 0xB6,
        0x00, 0x00, 0x00, 0x00, 0x00, 0x00, 0x00, 0xB6, 0x00, 0x00, 0x00, 0x00, 0x00, 0x00, 0x00, 0xCA,
        0x00, 0x00, 0x00, 0x00, 0x00, 0x00, 0x00, 0xB6, 0x00, 0x00, 0x00, 0x00, 0x00, 0x00, 0x00, 0xB6,
        0x00, 0x00, 0x00, 0x00, 0x00, 0x00, 0x00, 0x92, 0x00, 0x00, 0x00, 0x00, 0x00, 0x00, 0x00, 0x62,
    },
    // Tile 126
    {
        0x13, 0x3A, 0x3A, 0x2C, 0x2B, 0x1E, 0x12, 0x0B, 0x3A, 0x2C, 0x13, 0x39, 0x2C, 0x1F, 0x13, 0x0A,
        0x2C, 0x3A, 0x3A, 0x2C, 0x1F, 0x2B, 0x1F, 0x12, 0x39, 0x2C, 0x2C, 0x39, 0x3A, 0x2C, 0x1E, 0x1E,
        0x3A, 0x3A, 0x39, 0x39, 0x3A, 0x3A, 0x2C, 0x12, 0x3A, 0x3A, 0x3A, 0x3A, 0x3A, 0x2E, 0x3A, 0x2C,
        0x3A, 0x3A, 0x3A, 0x3A, 0x3A, 0x39, 0x39, 0x2B, 0x3A, 0x39, 0x39, 0x39, 0x3A, 0x3A, 0x3A, 0x36,
    },
    // Tile 127
    {
        0x12, 0x1E, 0x2C, 0x2C, 0x3A, 0x3A, 0x3A, 0x44, 0x0B, 0x12, 0x2B, 0x2C, 0x3A, 0x3A, 0x39, 0x39,
        0x0A, 0x12, 0x1E, 0x2C, 0x2B, 0x39, 0x39, 0x39, 0x0B, 0x0A, 0x0B, 0x1E, 0x2C, 0x39, 0x3A, 0x39,
        0x04, 0x0A, 0x0A, 0x12, 0x2B, 0x3A, 0x3A, 0x3A, 0x12, 0x05, 0x04, 0x12, 0x1F, 0x2C, 0x3A, 0x3A,
        0x1F, 0x12, 0x0A, 0x05, 0x13, 0x2B, 0x4C, 0x3A, 0x2B, 0x12, 0x0A, 0x0A, 0x0A, 0x1E, 0x1E, 0x3A,
    },
    // Tile 128
    {
        0x1F, 0x3A, 0x7D, 0x92, 0xA4, 0xB6, 0xBD, 0xA9, 0x12, 0x1E, 0x2C, 0x3A, 0x7A, 0xA3, 0xA9, 0x9C,
        0x3A, 0x2C, 0x1C, 0x1E, 0x1F, 0x3A, 0x7E, 0x46, 0x3A, 0x3A, 0x3A, 0x2C, 0x12, 0x1E, 0x22, 0x22,
        0x3A, 0x3A, 0x3A, 0x3A, 0x2C, 0x2C, 0x13, 0x0B, 0x3A, 0x3A, 0x51, 0x51, 0x3B, 0x3A, 0x3A, 0x2C,
        0x51, 0x52, 0x45, 0x39, 0x3A, 0x3A, 0x3A, 0x3A, 0x3A, 0x3A, 0x2E, 0x39, 0x39, 0x39, 0x3A, 0x3A,
    },
    // Tile 129
    {
        0x9E, 0x3A, 0x3A, 0x3A, 0x3A, 0x3A, 0x2D, 0x45, 0x85, 0x1F, 0x3A, 0x44, 0x3A, 0x94, 0x7D, 0x6F,
        0x23, 0x16, 0x1E, 0x6F, 0x94, 0xA5, 0xA5, 0x93, 0x16, 0x0B, 0x12, 0x20, 0x51, 0xA5, 0xA5, 0xA5,
        0x13, 0x15, 0x12, 0x12, 0x12, 0x7C, 0xA5, 0xA5, 0x2C, 0x13, 0x0A, 0x12, 0x12, 0x52, 0xA5, 0xA6,
        0x3A, 0x3A, 0x2C, 0x2C, 0x66, 0x7D, 0xA5, 0xA6, 0x3A, 0x39, 0x3A, 0x3A, 0x3A, 0x52, 0x7D, 0x9A,
    },
    // Tile 130
    {
        0x0B, 0x00, 0x00, 0x00, 0x00, 0x00, 0x00, 0x4C, 0x12, 0x0A, 0x06, 0x00, 0x00, 0x00, 0x00, 0x39,
        0x51, 0x0A, 0x0B, 0x05, 0x13, 0x00, 0x00, 0x4C, 0x92, 0x1F, 0x0A, 0x04, 0x05, 0x1F, 0x22, 0x62,
        0x92, 0x52, 0x0A, 0x05, 0x05, 0x13, 0x1F, 0x61, 0xA6, 0x67, 0x1F, 0x0A, 0x04, 0x03, 0x0A, 0x4C,
        0xA6, 0x94, 0x45, 0x05, 0x01, 0x01, 0x04, 0x39, 0x94, 0x6F, 0x2C, 0x0A, 0x01, 0x01, 0x01, 0x51,
    },
    // Tile 131
    {
        0x2C, 0x12, 0x0A, 0x0A, 0x0A, 0x13, 0x1F, 0x1F, 0x4C, 0x2B, 0x13, 0x0B, 0x0A, 0x05, 0x13, 0x2C,
        0x4C, 0x3A, 0x1F, 0x0A, 0x0A, 0x12, 0x12, 0x1E, 0x2C, 0x2C, 0x1F, 0x12, 0x0A, 0x0B, 0x0A, 0x0A,
        0x2C, 0x3A, 0x3A, 0x1F, 0x0A, 0x0A, 0x12, 0x12, 0x3A, 0x3A, 0x3A, 0x2B, 0x0B, 0x0A, 0x0A, 0x04,
        0x3A, 0x3A, 0x2B, 0x12, 0x05, 0x05, 0x04, 0x04, 0x3A, 0x3A, 0x2C, 0x0A, 0x04, 0x04, 0x04, 0x04,
    },
    // Tile 132
    {
        0x13, 0x2C, 0x2C, 0x3A, 0x3A, 0x3A, 0x3A, 0x3A, 0x3A, 0x2C, 0x13, 0x2B, 0x39, 0x3A, 0x3A, 0x3A,
        0x1F, 0x3A, 0x3A, 0x2C, 0x1F, 0x2B, 0x39, 0x3A, 0x2B, 0x2C, 0x2C, 0x39, 0x3A, 0x2C, 0x2B, 0x2B,
        0x1F, 0x2C, 0x39, 0x39, 0x3A, 0x3A, 0x3A, 0x2B, 0x05, 0x1F, 0x2C, 0x3A, 0x3A, 0x2E, 0x3A, 0x3A,
        0x04, 0x04, 0x05, 0x13, 0x2C, 0x39, 0x39, 0x39, 0x04, 0x04, 0x04, 0x04, 0x2C, 0x3A, 0x3A, 0x36,
    },
    // Tile 133
    {
        0x3A, 0x3A, 0x39, 0x0A, 0x01, 0x01, 0x01, 0x4C, 0x39, 0x3A, 0x3A, 0x2C, 0x0A, 0x04, 0x02, 0x4C,
        0x3A, 0x3A, 0x3A, 0x3A, 0x12, 0x01, 0x02, 0x39, 0x3A, 0x3A, 0x3A, 0x3A, 0x2C, 0x12, 0x04, 0x29,
        0x3A, 0x3A, 0x3A, 0x3A, 0x3A, 0x3A, 0x2B, 0x1E, 0x3A, 0x3A, 0x51, 0x51, 0x3B, 0x2C, 0x2F, 0x2B,
        0x51, 0x52, 0x45, 0x2C, 0x2E, 0x3A, 0x3A, 0x3A, 0x3A, 0x2C, 0x2C, 0x39, 0x3A, 0x3A, 0x3A, 0x3A,
    },
    // Tile 134
    {
        0x16, 0x0E, 0x9E, 0xA9, 0x9E, 0x85, 0x3B, 0x22, 0x16, 0x16, 0x9B, 0x85, 0x46, 0x22, 0x16, 0x13,
        0x16, 0x16, 0x46, 0x23, 0x22, 0x16, 0x2C, 0x3A, 0x16, 0x0E, 0x1F, 0x16, 0x2C, 0x3A, 0x3A, 0x3A,
        0x16, 0x0E, 0x29, 0x3A, 0x3A, 0x3A, 0x3A, 0x3A, 0x16, 0x0B, 0x36, 0x2B, 0x39, 0x3A, 0x3A, 0x4C,
        0x0E, 0x2B, 0x3A, 0x39, 0x3A, 0x2C, 0x3A, 0x3A, 0x39, 0x39, 0x39, 0x3A, 0x39, 0x3A, 0x36, 0x2C,
    },
    // Tile 135
    {
        0x3A, 0x3A, 0x3A, 0x2C, 0x1E, 0x04, 0x04, 0x04, 0x3A, 0x3A, 0x3A, 0x3A, 0x3A, 0x2C, 0x13, 0x04,
        0x3A, 0x3A, 0x3A, 0x3A, 0x3A, 0x3A, 0x3A, 0x2C, 0x39, 0x3A, 0x3A, 0x3A, 0x3A, 0x3A, 0x3A, 0x3A,
        0x1F, 0x2B, 0x36, 0x3A, 0x3A, 0x3A, 0x3A, 0x3A, 0x3A, 0x2C, 0x2B, 0x2B, 0x39, 0x3A, 0x3A, 0x4C,
        0x3A, 0x3A, 0x3A, 0x2C, 0x2C, 0x2C, 0x3A, 0x3A, 0x39, 0x39, 0x3A, 0x3A, 0x3A, 0x3A, 0x2B, 0x2C,
    },
    // Tile 136
    {
        0x04, 0x04, 0x12, 0x1F, 0x2B, 0x3A, 0x3A, 0x3A, 0x12, 0x2B, 0x3A, 0x3A, 0x3A, 0x3A, 0x3A, 0x3A,
        0x3A, 0x3A, 0x3A, 0x3A, 0x3A, 0x3A, 0x4C, 0x51, 0x3A, 0x3A, 0x3A, 0x3A, 0x3A, 0x4C, 0x3A, 0x3A,
        0x3A, 0x3A, 0x3A, 0x3A, 0x4C, 0x39, 0x2B, 0x2C, 0x3A, 0x4C, 0x4C, 0x3A, 0x2C, 0x2C, 0x2F, 0x3A,
        0x51, 0x3A, 0x2C, 0x2C, 0x2E, 0x3A, 0x3A, 0x3A, 0x2C, 0x2C, 0x2C, 0x39, 0x3A, 0x3A, 0x3A, 0x3A,
    },
    // Tile 137
    {
        0x1F, 0x3A, 0x7D, 0x92, 0xA4, 0xB6, 0x13, 0x1E, 0x12, 0x1E, 0x2C, 0x3A, 0x7A, 0xA3, 0x13, 0x1E,
        0x3A, 0x2C, 0x1C, 0x1E, 0x1F, 0x3A, 0x1C, 0x1E, 0x3A, 0x3A, 0x3A, 0x2C, 0x12, 0x1E, 0x1E, 0x1E,
        0x3A, 0x3A, 0x3A, 0x3A, 0x36, 0x1E, 0x1E, 0x1E, 0x3A, 0x4C, 0x4C, 0x3A, 0x2C, 0x3A, 0x0D, 0x13,
        0x51, 0x3A, 0x2C, 0x39, 0x3A, 0x3A, 0x3A, 0x13, 0x2C, 0x3A, 0x3A, 0x3A, 0x3A, 0x3A, 0x3A, 0x3A,
    },
    // Tile 138
    {
        0x00, 0x00, 0x00, 0x00, 0x00, 0x00, 0x00, 0x00, 0x00, 0x00, 0x00, 0x00, 0x00, 0x00, 0x00, 0x00,
        0x00, 0x00, 0x00, 0x00, 0x00, 0x00, 0x00, 0x00, 0x00, 0x00, 0x00, 0x00, 0x00, 0x00, 0xD0, 0xCD,
        0x00, 0x00, 0x00, 0x00, 0x00, 0xA9, 0xA8, 0xA9, 0x00, 0x00, 0x00, 0xBD, 0xBD, 0xBA, 0xBA, 0xBA,
        0x00, 0xBD, 0xBD, 0xBA, 0xB9, 0xA9, 0xAC, 0xAD, 0xBE, 0xBA, 0xBA, 0xBA, 0xBD, 0xBE, 0xAD, 0xAD,
    },
    // Tile 139
    {
        0x00, 0x00, 0x00, 0x00, 0xA8, 0xBA, 0xBD, 0xBA, 0x00, 0x00, 0xB9, 0xB9, 0xA9, 0xBA, 0xBA, 0xA9,
        0xBD, 0xCD, 0xBD, 0xBA, 0xBA, 0xAC, 0xBA, 0xA9, 0xBA, 0xBA, 0xBA, 0xBA, 0xAC, 0xA9, 0x9B, 0x85,
        0xBD, 0xBD, 0xAD, 0xA9, 0x9B, 0x70, 0x5A, 0x53, 0xAA, 0xA9, 0x9B, 0x70, 0x5A, 0x46, 0x46, 0x46,
        0xAD, 0x6F, 0x59, 0x46, 0x45, 0x45, 0x45, 0x46, 0xAD, 0x59, 0x45, 0x45, 0x45, 0x45, 0x53, 0x59,
    },
    // Tile 140
    {
        0x66, 0x52, 0x3A, 0x3A, 0x3A, 0x2E, 0x2C, 0x1F, 0xA5, 0x94, 0x7D, 0x52, 0x52, 0x6F, 0x93, 0x9A,
        0xA5, 0xA5, 0x94, 0x66, 0x59, 0x93, 0x9A, 0xA6, 0x93, 0x6F, 0x52, 0x3A, 0x3A, 0x52, 0x7D, 0x94,
        0x36, 0x3A, 0x3A, 0x3A, 0x3A, 0x3A, 0x3A, 0x51, 0x3A, 0x36, 0x36, 0x3A, 0x44, 0x3A, 0x3A, 0x3A,
        0x39, 0x39, 0x3A, 0x39, 0x3A, 0x39, 0x3A, 0x3A, 0x39, 0x39, 0x39, 0x3A, 0x39, 0x3A, 0x36, 0x3A,
    },
    // Tile 141
    {
        0x1E, 0x1A, 0x12, 0x1E, 0x16, 0x52, 0xA8, 0x4C, 0x83, 0x11, 0x13, 0x1E, 0x16, 0x3B, 0x93, 0x4C,
        0xA6, 0x7D, 0x1E, 0x1E, 0x1F, 0x22, 0x45, 0x39, 0x94, 0x66, 0x13, 0x1E, 0x16, 0x1F, 0x1F, 0x29,
        0x3A, 0x3A, 0x2C, 0x1E, 0x0E, 0x2E, 0x21, 0x1E, 0x3A, 0x3A, 0x3A, 0x44, 0x45, 0x3A, 0x3A, 0x2B,
        0x51, 0x52, 0x45, 0x39, 0x3A, 0x3A, 0x3A, 0x3A, 0x3A, 0x3A, 0x2E, 0x39, 0x39, 0x39, 0x3A, 0x3A,
    },
    // Tile 142
    {
        0x9F, 0x59, 0x46, 0x46, 0x45, 0x59, 0x59, 0x73, 0x9E, 0x53, 0x53, 0x59, 0x59, 0x45, 0x47, 0x75,
        0x9E, 0x59, 0x53, 0x73, 0x8E, 0x49, 0x45, 0x48, 0x9F, 0x53, 0x5D, 0xDE, 0xE5, 0xB4, 0x53, 0x46,
        0x9F, 0x45, 0x76, 0xDD, 0xDF, 0xA1, 0x59, 0x45, 0x9F, 0x45, 0x5C, 0xB3, 0xC8, 0x5F, 0x45, 0x45,
        0x9C, 0x53, 0x45, 0x59, 0x59, 0x45, 0x45, 0x45, 0x5C, 0x53, 0x45, 0x45, 0x45, 0x45, 0x45, 0x53,
    },
    // Tile 143
    {
        0x7E, 0x2C, 0x2C, 0x3A, 0x3A, 0x3A, 0x3A, 0x3A, 0x9A, 0xA5, 0x85, 0x2B, 0x39, 0x3A, 0x3A, 0x3A,
        0xA8, 0xB9, 0xA8, 0x66, 0x3A, 0x2B, 0x39, 0x3A, 0xA5, 0x7D, 0x52, 0x3A, 0x3A, 0x3A, 0x2C, 0x2B,
        0x52, 0x4C, 0x3A, 0x51, 0x3A, 0x3A, 0x3A, 0x2C, 0x3A, 0x3A, 0x3A, 0x3A, 0x3A, 0x39, 0x3A, 0x3A,
        0x3A, 0x3A, 0x3A, 0x39, 0x39, 0x3A, 0x3A, 0x3A, 0x3A, 0x3A, 0x3A, 0x3A, 0x3A, 0x3A, 0x3A, 0x3A,
    },
    // Tile 144
    {
        0x3A, 0x3A, 0x3A, 0x3A, 0x39, 0x3A, 0x3A, 0x3A, 0x3A, 0x3A, 0x3A, 0x3A, 0x3A, 0x3A, 0x2C, 0x39,
        0x3A, 0x3A, 0x3A, 0x3A, 0x3A, 0x3A, 0x3A, 0x3A, 0x39, 0x3A, 0x3A, 0x3A, 0x3A, 0x3A, 0x3A, 0x3A,
        0x2C, 0x2B, 0x36, 0x3A, 0x3A, 0x3A, 0x3A, 0x3A, 0x3A, 0x39, 0x36, 0x2B, 0x39, 0x3A, 0x3A, 0x4C,
        0x3A, 0x3A, 0x3A, 0x39, 0x3A, 0x2C, 0x3A, 0x3A, 0x3A, 0x3A, 0x3A, 0x3A, 0x39, 0x3A, 0x36, 0x2C,
    },
    // Tile 145
    {
        0x52, 0x51, 0x3A, 0x39, 0x39, 0x3A, 0x53, 0xB6, 0x4C, 0x51, 0x4C, 0x4C, 0x39, 0x39, 0x45, 0xB6,
        0x3A, 0x4C, 0x39, 0x4C, 0x51, 0x52, 0x53, 0xB6, 0x4C, 0x39, 0x39, 0x4C, 0x4C, 0x4C, 0x53, 0xCA,
        0x62, 0x61, 0x4C, 0x4B, 0x4B, 0x4C, 0x45, 0xB6, 0x4C, 0x4C, 0x51, 0x61, 0x4C, 0x3A, 0x45, 0xB6,
        0x4C, 0x4C, 0x4C, 0x4C, 0x61, 0x52, 0x53, 0x92, 0x39, 0x4B, 0x4B, 0x4C, 0x51, 0x51, 0x52, 0x62,
    },
    // Tile 146
    {
        0x46, 0x45, 0x45, 0x45, 0x45, 0x53, 0x59, 0x46, 0x46, 0x53, 0x53, 0x59, 0x53, 0x53, 0x46, 0x45,
        0x46, 0x59, 0x59, 0x59, 0x45, 0x46, 0x45, 0x46, 0x47, 0x53, 0x45, 0x46, 0x45, 0x45, 0x70, 0x9E,
        0x46, 0x52, 0x45, 0x45, 0x5A, 0x89, 0xAD, 0xAD, 0x45, 0x53, 0x70, 0x9E, 0xBF, 0xAD, 0xAD, 0xAD,
        0x45, 0x9E, 0xAD, 0xAD, 0xAD, 0x9E, 0x9E, 0x9B, 0x46, 0xAD, 0xAD, 0xAD, 0xA9, 0x9E, 0x73, 0x46,
    },
    // Tile 147
    {
        0x45, 0xA8, 0x9E, 0xA9, 0x9E, 0x85, 0x3B, 0x22, 0x3B, 0xA6, 0x9B, 0x85, 0x46, 0x22, 0x16, 0x13,
        0x2F, 0x6F, 0x46, 0x23, 0x22, 0x16, 0x2B, 0x39, 0x22, 0x22, 0x1F, 0x16, 0x2C, 0x39, 0x3A, 0x39,
        0x16, 0x29, 0x2C, 0x39, 0x39, 0x3A, 0x3A, 0x3A, 0x3A, 0x36, 0x36, 0x39, 0x3A, 0x3A, 0x3A, 0x3A,
        0x39, 0x39, 0x3A, 0x39, 0x3A, 0x3A, 0x4C, 0x3A, 0x39, 0x39, 0x39, 0x3A, 0x39, 0x3A, 0x36, 0x3A,
    },
    // Tile 148
    {
        0x1F, 0x3A, 0x7D, 0x92, 0xA4, 0xB6, 0x4C, 0x4C, 0x12, 0x1E, 0x2C, 0x3A, 0x7A, 0xA3, 0x39, 0x3A,
        0x3A, 0x2C, 0x1C, 0x1E, 0x1F, 0x3A, 0x4C, 0x39, 0x3A, 0x3A, 0x3A, 0x2C, 0x12, 0x1E, 0x2C, 0x36,
        0x3A, 0x3A, 0x3A, 0x3A, 0x2C, 0x1F, 0x1E, 0x1F, 0x3A, 0x3A, 0x51, 0x51, 0x3B, 0x3A, 0x2C, 0x1C,
        0x51, 0x52, 0x45, 0x39, 0x3A, 0x3A, 0x3A, 0x3A, 0x3A, 0x3A, 0x2E, 0x39, 0x39, 0x39, 0x3A, 0x3A,
    },
    // Tile 149
    {
        0x51, 0x39, 0x39, 0x4B, 0x4C, 0x52, 0x52, 0x4C, 0x4C, 0x51, 0x39, 0x4C, 0x4B, 0x4C, 0x45, 0x39,
        0x39, 0x4C, 0x4C, 0x4C, 0x51, 0x52, 0x52, 0x4C, 0x51, 0x39, 0x39, 0x4C, 0x4C, 0x61, 0x52, 0x62,
        0xA5, 0x91, 0x62, 0x39, 0x4B, 0x4C, 0x52, 0x61, 0xB9, 0xB9, 0xB6, 0x7D, 0x4C, 0x4C, 0x45, 0x4C,
        0xB6, 0xB6, 0xB8, 0xB6, 0xA5, 0x7D, 0x70, 0x39, 0xA3, 0xA4, 0xA4, 0xA5, 0xB6, 0xB9, 0xAD, 0x51,
    },
    // Tile 150
    {
        0x46, 0xAD, 0x9E, 0x9E, 0x73, 0x45, 0x22, 0x22, 0x45, 0x9C, 0x85, 0x46, 0x22, 0x22, 0x16, 0x2B,
        0x45, 0x46, 0x23, 0x19, 0x22, 0x2B, 0x39, 0x39, 0x22, 0x22, 0x1F, 0x2B, 0x3A, 0x39, 0x3A, 0x39,
        0x16, 0x1C, 0x3A, 0x39, 0x39, 0x3A, 0x3A, 0x3A, 0x2C, 0x36, 0x36, 0x39, 0x3A, 0x3A, 0x3A, 0x3A,
        0x39, 0x39, 0x3A, 0x39, 0x3A, 0x3A, 0x4C, 0x3A, 0x39, 0x39, 0x39, 0x3A, 0x39, 0x3A, 0x36, 0x3A,
    },
    // Tile 151
    {
        0x39, 0x7D, 0x93, 0xA3, 0xB5, 0xB9, 0xBE, 0x4C, 0x1E, 0x2B, 0x4C, 0x7C, 0x92, 0xB6, 0xA9, 0x4C,
        0x2C, 0x12, 0x1E, 0x2B, 0x39, 0x7D, 0x84, 0x39, 0x3A, 0x3A, 0x2C, 0x1E, 0x1E, 0x2B, 0x22, 0x29,
        0x3A, 0x3A, 0x3A, 0x3A, 0x2C, 0x12, 0x1F, 0x1E, 0x3A, 0x3A, 0x51, 0x51, 0x3B, 0x3A, 0x3A, 0x2B,
        0x51, 0x52, 0x45, 0x39, 0x3A, 0x3A, 0x3A, 0x3A, 0x3A, 0x3A, 0x2E, 0x39, 0x39, 0x39, 0x3A, 0x3A,
    },
    // Tile 152
    {
        0x16, 0x0E, 0x9E, 0xA9, 0x9E, 0x85, 0x3B, 0x22, 0x16, 0x16, 0x9B, 0x85, 0x46, 0x22, 0x16, 0x13,
        0x16, 0x16, 0x46, 0x23, 0x22, 0x16, 0x2B, 0x39, 0x16, 0x0E, 0x1F, 0x16, 0x2C, 0x39, 0x3A, 0x39,
        0x16, 0x0E, 0x2C, 0x39, 0x39, 0x3A, 0x3A, 0x3A, 0x16, 0x0B, 0x2B, 0x39, 0x3A, 0x3A, 0x3A, 0x3A,
        0x0E, 0x2C, 0x3A, 0x2C, 0x2C, 0x3A, 0x4C, 0x3A, 0x39, 0x39, 0x3A, 0x3A, 0x3A, 0x3A, 0x2B, 0x3A,
    },
    // Tile 153
    {
        0x66, 0x52, 0x3A, 0x3A, 0x3A, 0x44, 0x52, 0x66, 0xA5, 0x94, 0x7D, 0x52, 0x52, 0x6F, 0x93, 0x9A,
        0xA5, 0xA5, 0x94, 0x66, 0x59, 0x93, 0x84, 0x94, 0x93, 0x6F, 0x52, 0x3A, 0x3A, 0x52, 0x7D, 0x66,
        0x36, 0x3A, 0x3A, 0x3A, 0x3A, 0x3A, 0x2C, 0x2B, 0x3A, 0x36, 0x36, 0x3A, 0x44, 0x3A, 0x3A, 0x1F,
        0x39, 0x39, 0x3A, 0x39, 0x3A, 0x39, 0x3A, 0x2B, 0x39, 0x39, 0x39, 0x3A, 0x39, 0x3A, 0x36, 0x2C,
    },
    // Tile 154
    {
        0x66, 0x52, 0x3A, 0x3A, 0x3A, 0x3A, 0x52, 0x6F, 0x84, 0x7D, 0x67, 0x3A, 0x3A, 0x66, 0x93, 0x9A,
        0x7D, 0x7D, 0x52, 0x2D, 0x2E, 0x59, 0x93, 0x93, 0x53, 0x39, 0x13, 0x12, 0x12, 0x1F, 0x52, 0x67,
        0x13, 0x0B, 0x0A, 0x0A, 0x12, 0x12, 0x16, 0x1E, 0x12, 0x0A, 0x04, 0x12, 0x16, 0x13, 0x13, 0x13,
        0x1E, 0x0A, 0x05, 0x12, 0x1F, 0x2B, 0x13, 0x13, 0x1E, 0x0A, 0x04, 0x12, 0x2B, 0x2B, 0x2C, 0x1F,
    },
    // Tile 155
    {
        0x7D, 0x52, 0x3A, 0x3A, 0x3A, 0x3A, 0x3B, 0x85, 0x9A, 0x94, 0x7E, 0x59, 0x45, 0x94, 0x93, 0x9A,
        0xA6, 0xA6, 0x9B, 0x84, 0x94, 0xA5, 0xA5, 0xA5, 0x85, 0x7E, 0x93, 0x94, 0xA5, 0xA5, 0xA5, 0xA5,
        0x2C, 0x6F, 0x7E, 0xA5, 0xA5, 0xA5, 0xA5, 0xA5, 0x1F, 0x2C, 0x52, 0x93, 0xA5, 0xA5, 0xA5, 0xA6,
        0x13, 0x1F, 0x2B, 0x3A, 0x66, 0x93, 0xA5, 0xA6, 0x13, 0x12, 0x13, 0x2B, 0x2C, 0x3A, 0x7D, 0x9A,
    },
    // Tile 156
    {
        0x3A, 0x3A, 0x3A, 0x3A, 0x3A, 0x3A, 0x3A, 0x44, 0x3A, 0x3A, 0x3A, 0x3A, 0x3A, 0x3A, 0x39, 0x39,
        0x3A, 0x3A, 0x3A, 0x3A, 0x39, 0x39, 0x39, 0x39, 0x3A, 0x3A, 0x3A, 0x39, 0x3A, 0x39, 0x3A, 0x39,
        0x36, 0x36, 0x3A, 0x39, 0x39, 0x3A, 0x3A, 0x3A, 0x3A, 0x36, 0x36, 0x39, 0x3A, 0x3A, 0x3A, 0x2C,
        0x39, 0x39, 0x3A, 0x39, 0x3A, 0x3A, 0x4C, 0x2C, 0x39, 0x39, 0x39, 0x3A, 0x39, 0x3A, 0x29, 0x2C,
    },
    // Tile 157
    {
        0x3A, 0x3A, 0x39, 0x39, 0x2C, 0x2B, 0x2C, 0x2C, 0x39, 0x3A, 0x2C, 0x2C, 0x2C, 0x2C, 0x2C, 0x2B,
        0x3A, 0x2C, 0x2C, 0x2B, 0x1F, 0x1F, 0x1F, 0x13, 0x2C, 0x2C, 0x2B, 0x1F, 0x13, 0x13, 0x12, 0x0B,
        0x2C, 0x2B, 0x1F, 0x13, 0x0B, 0x12, 0x13, 0x12, 0x2C, 0x1F, 0x1E, 0x12, 0x0B, 0x13, 0x1E, 0x1F,
        0x2B, 0x1F, 0x0B, 0x12, 0x13, 0x1F, 0x1F, 0x2C, 0x1F, 0x12, 0x06, 0x12, 0x1E, 0x2B, 0x2C, 0x2C,
    },
    // Tile 158
    {
        0x3A, 0x3A, 0x3A, 0x3A, 0x3A, 0x3A, 0x3B, 0x85, 0x2B, 0x2C, 0x2C, 0x2E, 0x3A, 0x94, 0x93, 0x9A,
        0x1C, 0x1E, 0x1F, 0x6F, 0x7E, 0x93, 0xA5, 0xA5, 0x12, 0x1F, 0x2C, 0x3A, 0x7C, 0x92, 0x92, 0xA5,
        0x1F, 0x22, 0x1F, 0x1F, 0x1E, 0x3A, 0x66, 0x92, 0x1F, 0x2C, 0x2C, 0x2C, 0x1E, 0x13, 0x39, 0x52,
        0x2C, 0x2C, 0x2B, 0x2C, 0x3A, 0x1F, 0x13, 0x13, 0x3A, 0x39, 0x3A, 0x2C, 0x2C, 0x1F, 0x12, 0x12,
    },
    // Tile 159
    {
        0x7E, 0x3A, 0x3A, 0x3A, 0x3A, 0x3A, 0x3A, 0x3A, 0x9A, 0x94, 0x85, 0x39, 0x3A, 0x3A, 0x3A, 0x3A,
        0xA5, 0xA5, 0xA6, 0xA5, 0xA6, 0x39, 0x3A, 0x3A, 0xA5, 0xA5, 0xA5, 0xA5, 0xA5, 0xB9, 0x9A, 0x39,
        0x93, 0xA5, 0xA5, 0xA6, 0xA6, 0xA8, 0x94, 0x59, 0x7D, 0x93, 0xA6, 0xA6, 0x9A, 0x6F, 0x45, 0x3A,
        0x52, 0x7E, 0x84, 0x7D, 0x52, 0x3A, 0x39, 0x39, 0x13, 0x2C, 0x2C, 0x3A, 0x39, 0x39, 0x3A, 0x39,
    },
    // Tile 160
    {
        0x1F, 0x3A, 0x7D, 0x92, 0xA4, 0xB6, 0x13, 0x1E, 0x12, 0x1E, 0x2C, 0x3A, 0x7A, 0xA3, 0x13, 0x1E,
        0x3A, 0x2C, 0x1C, 0x1E, 0x1F, 0x3A, 0x1C, 0x1E, 0x3A, 0x3A, 0x3A, 0x2C, 0x12, 0x1E, 0x1E, 0x1E,
        0x3A, 0x3A, 0x3A, 0x3A, 0x2C, 0x1F, 0x1E, 0x1E, 0x3A, 0x3A, 0x51, 0x51, 0x3B, 0x2C, 0x0D, 0x13,
        0x51, 0x52, 0x45, 0x2C, 0x2E, 0x3A, 0x3A, 0x13, 0x3A, 0x2C, 0x2C, 0x39, 0x3A, 0x3A, 0x3A, 0x3A,
    },
    // Tile 161
    {
        0x46, 0xA8, 0xA9, 0x2C, 0x1F, 0x2F, 0x5A, 0x2F, 0x45, 0xA6, 0x9B, 0x1F, 0x16, 0x17, 0x19, 0x16,
        0x45, 0x7D, 0x70, 0x16, 0x1F, 0x16, 0x16, 0x2C, 0x22, 0x1F, 0x22, 0x1F, 0x16, 0x16, 0x3A, 0x3A,
        0x16, 0x13, 0x16, 0x15, 0x16, 0x3A, 0x3A, 0x3A, 0x2C, 0x36, 0x36, 0x2B, 0x39, 0x3A, 0x3A, 0x4C,
        0x39, 0x39, 0x3A, 0x39, 0x3A, 0x2C, 0x3A, 0x3A, 0x39, 0x39, 0x39, 0x3A, 0x39, 0x3A, 0x36, 0x2C,
    },
    // Tile 162
    {
        0x16, 0x16, 0x16, 0x1F, 0x39, 0x3A, 0x3A, 0x3A, 0x16, 0x2C, 0x3A, 0x3A, 0x3A, 0x3A, 0x3A, 0x3A,
        0x3A, 0x3A, 0x3A, 0x3A, 0x3A, 0x3A, 0x4C, 0x51, 0x3A, 0x3A, 0x3A, 0x3A, 0x3A, 0x4C, 0x3A, 0x3A,
        0x3A, 0x3A, 0x3A, 0x3A, 0x4C, 0x39, 0x2B, 0x2C, 0x3A, 0x4C, 0x4C, 0x3A, 0x2C, 0x2C, 0x2F, 0x3A,
        0x51, 0x3A, 0x2C, 0x2C, 0x2E, 0x3A, 0x3A, 0x3A, 0x2C, 0x2C, 0x2C, 0x39, 0x3A, 0x3A, 0x3A, 0x3A,
    },
    // Tile 163
    {
        0x53, 0x13, 0x0B, 0x0A, 0x1F, 0x2C, 0x3A, 0x2C, 0x83, 0x52, 0x13, 0x04, 0x12, 0x2C, 0x3A, 0x3A,
        0x93, 0x66, 0x3A, 0x1E, 0x2C, 0x1E, 0x2C, 0x3A, 0xA5, 0x92, 0x2C, 0x12, 0x12, 0x3A, 0x6F, 0x2B,
        0xA5, 0x93, 0x51, 0x13, 0x13, 0x13, 0x52, 0x45, 0xA6, 0xA6, 0x93, 0x1F, 0x13, 0x13, 0x06, 0x1F,
        0xA6, 0xA6, 0x84, 0x3A, 0x0B, 0x0A, 0x04, 0x12, 0x94, 0x6F, 0x52, 0x2C, 0x12, 0x04, 0x0A, 0x04,
    },
    // Tile 164
    {
        0x2B, 0x13, 0x13, 0x13, 0x1F, 0x2C, 0x3A, 0x44, 0x2C, 0x2B, 0x1E, 0x12, 0x13, 0x1F, 0x2B, 0x39,
        0x3A, 0x2C, 0x2C, 0x1F, 0x12, 0x12, 0x1E, 0x2B, 0x3A, 0x3A, 0x2C, 0x2B, 0x1F, 0x12, 0x13, 0x2B,
        0x36, 0x36, 0x3A, 0x2B, 0x2B, 0x12, 0x12, 0x1F, 0x3A, 0x36, 0x36, 0x39, 0x2C, 0x1F, 0x12, 0x12,
        0x2B, 0x39, 0x3A, 0x39, 0x3A, 0x2C, 0x1C, 0x12, 0x1E, 0x39, 0x39, 0x3A, 0x39, 0x3A, 0x29, 0x0B,
    },
    // Tile 165
    {
        0x3A, 0x3A, 0x39, 0x39, 0x3A, 0x39, 0x3A, 0x3A, 0x39, 0x3A, 0x3A, 0x3A, 0x3A, 0x3A, 0x3A, 0x3A,
        0x3A, 0x3A, 0x3A, 0x3A, 0x3A, 0x3A, 0x3A, 0x3A, 0x2C, 0x3A, 0x3A, 0x3A, 0x3A, 0x3A, 0x3A, 0x3A,
        0x2C, 0x2C, 0x3A, 0x3A, 0x3A, 0x3A, 0x3A, 0x3A, 0x1F, 0x2C, 0x51, 0x51, 0x3B, 0x3A, 0x3A, 0x3A,
        0x12, 0x2C, 0x2F, 0x39, 0x3A, 0x3A, 0x3A, 0x3A, 0x0A, 0x12, 0x1E, 0x2B, 0x39, 0x39, 0x3A, 0x3A,
    },
    // Tile 166
    {
        0x3A, 0x3A, 0x3A, 0x3A, 0x3A, 0x3A, 0x2D, 0x5A, 0x3A, 0x3A, 0x3A, 0x44, 0x3A, 0x94, 0x7D, 0x6F,
        0x4C, 0x44, 0x3A, 0x84, 0x94, 0xA5, 0x93, 0x7C, 0x3A, 0x7E, 0x93, 0x94, 0xA5, 0xA5, 0x93, 0x7D,
        0x52, 0x84, 0x94, 0xA5, 0xA5, 0xA5, 0x93, 0x7D, 0x3A, 0x52, 0x66, 0x93, 0xA5, 0xA5, 0x93, 0x7E,
        0x3A, 0x3A, 0x3A, 0x52, 0x7D, 0x93, 0xA5, 0x93, 0x3A, 0x39, 0x3A, 0x3A, 0x3A, 0x52, 0x7D, 0x84,
    },
    // Tile 167
    {
        0x3A, 0x12, 0x0A, 0x12, 0x1F, 0x2C, 0x2C, 0x3A, 0x45, 0x20, 0x13, 0x12, 0x1F, 0x2C, 0x3A, 0x3A,
        0x52, 0x2C, 0x1F, 0x52, 0x7E, 0x2B, 0x3A, 0x3A, 0x52, 0x2C, 0x13, 0x51, 0x7D, 0xA5, 0x9A, 0x39,
        0x52, 0x39, 0x1E, 0x3A, 0x7E, 0xA8, 0x94, 0x59, 0x52, 0x2C, 0x1F, 0x3A, 0x6E, 0x59, 0x45, 0x3A,
        0x53, 0x1F, 0x1E, 0x13, 0x2C, 0x2C, 0x39, 0x39, 0x66, 0x0D, 0x0B, 0x0A, 0x1E, 0x2B, 0x3A, 0x39,
    },
    // Tile 168
    {
        0x3A, 0x3A, 0x3A, 0x3A, 0x3A, 0x2C, 0x13, 0x0A, 0x3A, 0x3A, 0x3A, 0x3A, 0x3A, 0x3A, 0x2B, 0x12,
        0x3A, 0x3A, 0x3A, 0x3A, 0x39, 0x39, 0x39, 0x2B, 0x3A, 0x3A, 0x3A, 0x39, 0x3A, 0x39, 0x3A, 0x39,
        0x36, 0x36, 0x3A, 0x39, 0x39, 0x3A, 0x3A, 0x3A, 0x3A, 0x36, 0x36, 0x39, 0x3A, 0x3A, 0x3A, 0x3A,
        0x39, 0x39, 0x3A, 0x39, 0x3A, 0x3A, 0x4C, 0x3A, 0x39, 0x39, 0x39, 0x3A, 0x39, 0x3A, 0x36, 0x3A,
    },
    // Tile 169
    {
        0x04, 0x0A, 0x12, 0x2B, 0x3A, 0x39, 0x3A, 0x3A, 0x04, 0x05, 0x0B, 0x1F, 0x2C, 0x3A, 0x3A, 0x3A,
        0x13, 0x0A, 0x0A, 0x13, 0x2C, 0x3A, 0x3A, 0x3A, 0x2B, 0x0B, 0x04, 0x0A, 0x2B, 0x3A, 0x3A, 0x3A,
        0x2C, 0x1E, 0x05, 0x04, 0x13, 0x2C, 0x3A, 0x3A, 0x3A, 0x2B, 0x12, 0x04, 0x0B, 0x1F, 0x3A, 0x3A,
        0x51, 0x3A, 0x22, 0x04, 0x05, 0x1E, 0x2C, 0x3A, 0x3A, 0x3A, 0x21, 0x12, 0x04, 0x0A, 0x2B, 0x3A,
    },
    // Tile 170
    {
        0x1E, 0x1A, 0x12, 0x1E, 0x16, 0x52, 0xA8, 0x4C, 0x2B, 0x11, 0x13, 0x1E, 0x16, 0x3B, 0x93, 0x4C,
        0x3A, 0x1F, 0x1E, 0x1E, 0x1F, 0x22, 0x45, 0x39, 0x3A, 0x2C, 0x13, 0x1E, 0x16, 0x1F, 0x1F, 0x29,
        0x3A, 0x3A, 0x2C, 0x1E, 0x0E, 0x2B, 0x12, 0x1E, 0x3A, 0x4C, 0x4C, 0x3A, 0x2C, 0x3A, 0x3A, 0x2B,
        0x51, 0x3A, 0x2C, 0x39, 0x3A, 0x3A, 0x3A, 0x3A, 0x2C, 0x3A, 0x2E, 0x39, 0x39, 0x39, 0x3A, 0x3A,
    },
    // Tile 171
    {
        0x3A, 0x3A, 0x39, 0x39, 0x1F, 0x0A, 0x04, 0x05, 0x39, 0x3A, 0x3A, 0x3A, 0x2C, 0x12, 0x04, 0x04,
        0x3A, 0x3A, 0x3A, 0x3A, 0x3A, 0x2B, 0x0B, 0x04, 0x3A, 0x3A, 0x3A, 0x3A, 0x3A, 0x3A, 0x0A, 0x0A,
        0x3A, 0x3A, 0x3A, 0x3A, 0x3A, 0x3A, 0x2B, 0x12, 0x3A, 0x3A, 0x51, 0x51, 0x3B, 0x3A, 0x3A, 0x2C,
        0x51, 0x52, 0x45, 0x39, 0x3A, 0x3A, 0x3A, 0x3A, 0x3A, 0x3A, 0x2E, 0x39, 0x39, 0x39, 0x3A, 0x3A,
    },
    // Tile 172
    {
        0x0B, 0x3A, 0x3A, 0x3A, 0x3A, 0x3A, 0x2D, 0x59, 0x04, 0x1F, 0x3A, 0x44, 0x3A, 0x94, 0x7D, 0x6F,
        0x04, 0x0A, 0x1E, 0x6F, 0x94, 0xA5, 0xA5, 0x93, 0x0A, 0x0B, 0x12, 0x20, 0x51, 0xA5, 0xA5, 0xA5,
        0x13, 0x15, 0x12, 0x12, 0x12, 0x7C, 0xA5, 0xA5, 0x2C, 0x13, 0x0A, 0x12, 0x12, 0x52, 0xA5, 0xA6,
        0x3A, 0x3A, 0x2C, 0x2C, 0x66, 0x7D, 0xA5, 0xA6, 0x3A, 0x39, 0x3A, 0x3A, 0x3A, 0x52, 0x7D, 0x9A,
    },
    // Tile 173
    {
        0x13, 0x05, 0x13, 0x1F, 0x2C, 0x3A, 0x3A, 0x3A, 0x1E, 0x1E, 0x15, 0x12, 0x1F, 0x3A, 0x3A, 0x3A,
        0x51, 0x12, 0x1F, 0x1F, 0x53, 0x2B, 0x3A, 0x3A, 0x92, 0x2C, 0x12, 0x12, 0x1F, 0x93, 0x9A, 0x39,
        0x92, 0x52, 0x12, 0x13, 0x1F, 0x59, 0x7E, 0x59, 0xA6, 0x67, 0x1F, 0x13, 0x13, 0x0D, 0x2C, 0x3A,
        0xA6, 0x94, 0x45, 0x0B, 0x05, 0x04, 0x1E, 0x39, 0x94, 0x6F, 0x2C, 0x0A, 0x04, 0x04, 0x05, 0x1E,
    },
    // Tile 174
    {
        0x3A, 0x39, 0x36, 0x2C, 0x39, 0x3A, 0x3A, 0x3A, 0x39, 0x3A, 0x3A, 0x3A, 0x3A, 0x3A, 0x3A, 0x3A,
        0x3A, 0x3A, 0x3A, 0x3A, 0x3A, 0x3A, 0x4C, 0x51, 0x3A, 0x3A, 0x3A, 0x3A, 0x3A, 0x4C, 0x3A, 0x3A,
        0x3A, 0x3A, 0x3A, 0x3A, 0x4C, 0x39, 0x2B, 0x39, 0x3A, 0x4C, 0x4C, 0x3A, 0x2C, 0x3A, 0x3A, 0x4C,
        0x51, 0x3A, 0x2C, 0x39, 0x3A, 0x3A, 0x3A, 0x3A, 0x2C, 0x3A, 0x3A, 0x3A, 0x3A, 0x3A, 0x3A, 0x3A,
    },
    // Tile 175
    {
        0x3A, 0x3A, 0x3A, 0x3A, 0x3A, 0x3A, 0x2C, 0x73, 0x4C, 0x3A, 0x3A, 0x3A, 0x2C, 0xA5, 0x9A, 0xA5,
        0x4C, 0x3A, 0x2C, 0x39, 0x66, 0xA5, 0xA5, 0xA6, 0x2C, 0x39, 0x3A, 0x3A, 0x51, 0x52, 0x7D, 0xA5,
        0x39, 0x3A, 0x4C, 0x4C, 0x51, 0x4C, 0x51, 0x52, 0x3A, 0x3A, 0x3A, 0x3A, 0x3A, 0x3A, 0x3A, 0x3A,
        0x3A, 0x3A, 0x3A, 0x39, 0x39, 0x39, 0x3A, 0x3A, 0x3A, 0x3A, 0x3A, 0x3A, 0x3A, 0x3A, 0x3A, 0x3A,
    },
    // Tile 176
    {
        0x2C, 0x12, 0x04, 0x0A, 0x13, 0x2B, 0x3A, 0x3A, 0x2B, 0x1F, 0x04, 0x04, 0x13, 0x2B, 0x3A, 0x3A,
        0x3A, 0x2C, 0x13, 0x04, 0x0A, 0x1F, 0x2C, 0x3A, 0x3A, 0x3A, 0x1F, 0x0B, 0x04, 0x12, 0x1F, 0x3A,
        0x3A, 0x3A, 0x2C, 0x13, 0x04, 0x05, 0x13, 0x3A, 0x3A, 0x3A, 0x51, 0x2B, 0x0B, 0x04, 0x12, 0x2B,
        0x51, 0x52, 0x45, 0x2B, 0x13, 0x04, 0x04, 0x13, 0x3A, 0x3A, 0x2E, 0x39, 0x1E, 0x0A, 0x04, 0x0A,
    },
    // Tile 177
    {
        0x7E, 0x3A, 0x3A, 0x13, 0x04, 0x04, 0x12, 0x2C, 0x9A, 0x94, 0x85, 0x2B, 0x0A, 0x04, 0x0A, 0x1F,
        0xA5, 0xA5, 0x7D, 0x7D, 0x1F, 0x04, 0x05, 0x12, 0x93, 0x66, 0x12, 0x12, 0x12, 0x13, 0x12, 0x0A,
        0x92, 0x3A, 0x12, 0x13, 0x13, 0x15, 0x1E, 0x22, 0xA6, 0x67, 0x13, 0x13, 0x13, 0x15, 0x22, 0x2C,
        0xA6, 0xA6, 0x83, 0x66, 0x2C, 0x2C, 0x39, 0x39, 0x94, 0x6F, 0x52, 0x3A, 0x39, 0x39, 0x3A, 0x39,
    },
    // Tile 178
    {
        0x3A, 0x3A, 0x3A, 0x3A, 0x3A, 0x3A, 0x3A, 0x44, 0x3A, 0x3A, 0x3A, 0x3A, 0x3A, 0x3A, 0x39, 0x39,
        0x2C, 0x3A, 0x3A, 0x3A, 0x39, 0x39, 0x39, 0x39, 0x12, 0x2C, 0x3A, 0x39, 0x3A, 0x39, 0x3A, 0x39,
        0x1C, 0x36, 0x3A, 0x39, 0x39, 0x3A, 0x3A, 0x3A, 0x3A, 0x36, 0x36, 0x39, 0x3A, 0x3A, 0x3A, 0x3A,
        0x39, 0x39, 0x3A, 0x39, 0x3A, 0x3A, 0x4C, 0x3A, 0x39, 0x39, 0x39, 0x3A, 0x39, 0x3A, 0x36, 0x3A,
    },
    // Tile 179
    {
        0x00, 0x00, 0x00, 0x00, 0x00, 0x00, 0x00, 0x00, 0x00, 0x00, 0x00, 0x00, 0x00, 0x00, 0x00, 0x00,
        0x00, 0x00, 0x00, 0x00, 0x00, 0x00, 0x00, 0x00, 0x00, 0x00, 0x00, 0x00, 0x00, 0x00, 0x00, 0x00,
        0x00, 0x00, 0x00, 0x00, 0xA8, 0xAC, 0xBA, 0xA9, 0x00, 0x00, 0xBD, 0xBD, 0xA9, 0xA9, 0xA9, 0xBD,
        0xBD, 0xBE, 0xBD, 0xA9, 0xBA, 0xBD, 0xBE, 0xAD, 0xBD, 0xA9, 0xA9, 0xAC, 0xBE, 0xBE, 0xAD, 0xAD,
    },
    // Tile 180
    {
        0x3A, 0x3A, 0x39, 0x0A, 0x04, 0x04, 0x0A, 0x12, 0x39, 0x3A, 0x3A, 0x2C, 0x0A, 0x0A, 0x0B, 0x0A,
        0x3A, 0x3A, 0x3A, 0x3A, 0x12, 0x04, 0x0B, 0x0B, 0x3A, 0x3A, 0x3A, 0x3A, 0x2C, 0x12, 0x0B, 0x13,
        0x3A, 0x3A, 0x3A, 0x3A, 0x3A, 0x3A, 0x3A, 0x2C, 0x3A, 0x3A, 0x51, 0x51, 0x3B, 0x2C, 0x2F, 0x3A,
        0x51, 0x52, 0x45, 0x2C, 0x2E, 0x3A, 0x3A, 0x3A, 0x3A, 0x2C, 0x2C, 0x39, 0x3A, 0x3A, 0x3A, 0x3A,
    },
    // Tile 181
    {
        0x3A, 0x3A, 0x3A, 0x3A, 0x3A, 0x3A, 0x3B, 0x1F, 0x2B, 0x3A, 0x3A, 0x44, 0x3A, 0x1F, 0x2C, 0x3A,
        0x1C, 0x44, 0x3A, 0x21, 0x2C, 0x3A, 0x3A, 0x39, 0x2C, 0x2C, 0x2C, 0x3A, 0x3A, 0x3A, 0x3A, 0x3A,
        0x2C, 0x3A, 0x3A, 0x3A, 0x3A, 0x39, 0x3A, 0x3A, 0x3A, 0x3A, 0x3A, 0x3A, 0x3A, 0x3A, 0x39, 0x3A,
        0x3A, 0x3A, 0x39, 0x3A, 0x3A, 0x3A, 0x3A, 0x3A, 0x3A, 0x3A, 0x3A, 0x39, 0x39, 0x3A, 0x3A, 0x3A,
    },
    // Tile 182
    {
        0x13, 0x3A, 0x3A, 0x3A, 0x2C, 0x13, 0x05, 0x05, 0x3A, 0x2C, 0x13, 0x39, 0x3A, 0x1F, 0x0A, 0x04,
        0x2C, 0x3A, 0x3A, 0x2C, 0x1F, 0x2B, 0x13, 0x12, 0x39, 0x2C, 0x2C, 0x39, 0x3A, 0x2C, 0x2B, 0x2B,
        0x3A, 0x3A, 0x39, 0x39, 0x3A, 0x3A, 0x3A, 0x2B, 0x3A, 0x3A, 0x3A, 0x3A, 0x3A, 0x2E, 0x3A, 0x3A,
        0x3A, 0x3A, 0x3A, 0x3A, 0x3A, 0x39, 0x39, 0x39, 0x3A, 0x39, 0x39, 0x39, 0x3A, 0x3A, 0x3A, 0x36,
    },
    // Tile 183
    {
        0x12, 0x2C, 0x3A, 0x3A, 0x3A, 0x3A, 0x3A, 0x44, 0x05, 0x1F, 0x3A, 0x3A, 0x3A, 0x3A, 0x39, 0x39,
        0x04, 0x12, 0x2C, 0x3A, 0x39, 0x39, 0x39, 0x39, 0x13, 0x0B, 0x2B, 0x39, 0x3A, 0x39, 0x3A, 0x39,
        0x1F, 0x29, 0x3A, 0x39, 0x39, 0x3A, 0x3A, 0x3A, 0x3A, 0x2C, 0x2B, 0x39, 0x3A, 0x3A, 0x3A, 0x3A,
        0x3A, 0x3A, 0x3A, 0x2C, 0x2C, 0x3A, 0x4C, 0x3A, 0x39, 0x39, 0x3A, 0x3A, 0x3A, 0x3A, 0x2B, 0x3A,
    },
    // Tile 184
    {
        0x3A, 0x3A, 0x39, 0x0A, 0x01, 0x01, 0x01, 0x4C, 0x39, 0x3A, 0x3A, 0x2C, 0x0A, 0x04, 0x02, 0x4C,
        0x3A, 0x3A, 0x3A, 0x3A, 0x12, 0x01, 0x02, 0x39, 0x3A, 0x3A, 0x3A, 0x3A, 0x2C, 0x12, 0x04, 0x29,
        0x3A, 0x3A, 0x3A, 0x3A, 0x3A, 0x3A, 0x2B, 0x1E, 0x3A, 0x3A, 0x51, 0x51, 0x3B, 0x3A, 0x3A, 0x2B,
        0x51, 0x52, 0x45, 0x39, 0x3A, 0x3A, 0x3A, 0x3A, 0x3A, 0x3A, 0x2E, 0x39, 0x39, 0x39, 0x3A, 0x3A,
    },
    // Tile 185
    {
        0xB9, 0xB9, 0xA8, 0x9E, 0x00, 0x00, 0x00, 0x00, 0xBD, 0xB9, 0xB9, 0xBA, 0xCB, 0xAC, 0x00, 0x00,
        0xA5, 0xCB, 0xCD, 0xCD, 0xBA, 0xBA, 0xBD, 0xA9, 0x7C, 0xA3, 0xA5, 0xCD, 0xCD, 0xBA, 0xBA, 0xBA,
        0x4C, 0x61, 0x79, 0xA3, 0xA5, 0xBD, 0xBE, 0xBE, 0x39, 0x39, 0x4B, 0x51, 0x79, 0x93, 0xCC, 0xBD,
        0x4C, 0x39, 0x39, 0x39, 0x39, 0x4C, 0xB9, 0xBA, 0x51, 0x39, 0x1E, 0x1F, 0x22, 0x36, 0xB8, 0xA5,
    },
    // Tile 186
    {
        0x00, 0x00, 0x00, 0x00, 0x00, 0x00, 0x00, 0x00, 0x00, 0x00, 0x00, 0x00, 0x00, 0x00, 0x00, 0x00,
        0x00, 0x00, 0x00, 0x00, 0x00, 0x00, 0x00, 0x00, 0xBF, 0xAD, 0x00, 0x00, 0x00, 0x00, 0x00, 0x00,
        0x94, 0x84, 0x00, 0x00, 0x00, 0x00, 0x00, 0x00, 0xBA, 0xBA, 0xB9, 0xBA, 0x00, 0x00, 0x00, 0x00,
        0xCD, 0xCE, 0xBA, 0xBA, 0xBA, 0xA9, 0x00, 0x00, 0xB6, 0xCB, 0xCD, 0xCD, 0xBA, 0xBA, 0xBA, 0xBA,
    },
    // Tile 187
    {
        0x9F, 0x51, 0x45, 0x2F, 0x1F, 0x2F, 0x59, 0x59, 0x9E, 0x4C, 0x52, 0x2C, 0x1F, 0x2F, 0x46, 0x53,
        0xAD, 0x62, 0x53, 0x2C, 0x1F, 0x2F, 0x45, 0x45, 0x9E, 0x51, 0x53, 0x2C, 0x1F, 0x2F, 0x45, 0x53,
        0x8A, 0x52, 0x53, 0x2C, 0x1F, 0x2F, 0x59, 0x59, 0x75, 0x44, 0x53, 0x2C, 0x1F, 0x2F, 0x46, 0x46,
        0x75, 0x52, 0x46, 0x22, 0x16, 0x2F, 0x45, 0x45, 0x5C, 0x52, 0x52, 0x2C, 0x16, 0x2D, 0x45, 0x45,
    },
    // Tile 188
    {
        0x13, 0x3A, 0x3A, 0x3A, 0x3A, 0x3A, 0x52, 0x66, 0x3A, 0x2C, 0x13, 0x3A, 0x52, 0x7D, 0x94, 0xA5,
        0x2C, 0x3A, 0x3A, 0x2C, 0x1F, 0x93, 0xA5, 0xA5, 0x39, 0x2C, 0x2C, 0x39, 0x3A, 0x2C, 0x2B, 0x93,
        0x3A, 0x3A, 0x39, 0x39, 0x3A, 0x3A, 0x3A, 0x2B, 0x3A, 0x3A, 0x3A, 0x3A, 0x3A, 0x2E, 0x3A, 0x3A,
        0x3A, 0x3A, 0x3A, 0x3A, 0x3A, 0x39, 0x39, 0x39, 0x3A, 0x39, 0x39, 0x39, 0x3A, 0x3A, 0x3A, 0x36,
    },
    // Tile 189
    {
        0x66, 0x52, 0x3A, 0x3A, 0x3A, 0x44, 0x52, 0x66, 0xA5, 0x94, 0x7D, 0x52, 0x52, 0x6F, 0x93, 0x9A,
        0xA5, 0xA5, 0x94, 0x66, 0x59, 0x93, 0x9A, 0xA6, 0x93, 0x6F, 0x52, 0x3A, 0x3A, 0x52, 0x7D, 0x94,
        0x1F, 0x3A, 0x3A, 0x3A, 0x3A, 0x3A, 0x3A, 0x51, 0x3A, 0x2C, 0x2B, 0x3A, 0x44, 0x3A, 0x3A, 0x3A,
        0x3A, 0x3A, 0x3A, 0x2C, 0x2C, 0x39, 0x3A, 0x3A, 0x39, 0x39, 0x3A, 0x3A, 0x3A, 0x3A, 0x2B, 0x3A,
    },
    // Tile 190
    {
        0x66, 0x52, 0x3A, 0x3A, 0x3A, 0x3A, 0x52, 0x6F, 0x9A, 0x94, 0x7E, 0x52, 0x52, 0x7D, 0x93, 0x9A,
        0xA6, 0xA8, 0x9A, 0x67, 0x45, 0x6F, 0xA5, 0x93, 0x94, 0x66, 0x3A, 0x2C, 0x2B, 0x3A, 0x66, 0x7D,
        0x3A, 0x2C, 0x2C, 0x1F, 0x13, 0x15, 0x1F, 0x1E, 0x2C, 0x2C, 0x2C, 0x1E, 0x13, 0x0B, 0x0B, 0x12,
        0x51, 0x3A, 0x2F, 0x1E, 0x13, 0x0B, 0x0A, 0x0B, 0x3A, 0x3A, 0x21, 0x2B, 0x1E, 0x12, 0x0A, 0x0B,
    },
    // Tile 191
    {
        0x7D, 0x52, 0x3A, 0x3A, 0x3A, 0x3A, 0x3B, 0x85, 0x9A, 0x94, 0x7E, 0x59, 0x45, 0x94, 0x93, 0x9A,
        0xA6, 0xA6, 0x9B, 0x84, 0x94, 0xA5, 0xA5, 0xA5, 0x85, 0x7E, 0x93, 0x94, 0xA5, 0xA5, 0xA5, 0xA5,
        0x2C, 0x6F, 0x7E, 0xA5, 0xA5, 0xA5, 0xA5, 0xA5, 0x1E, 0x2C, 0x52, 0x93, 0xA5, 0xA5, 0xA5, 0xA6,
        0x12, 0x1F, 0x2B, 0x3A, 0x7D, 0x93, 0xA5, 0xA6, 0x12, 0x1E, 0x2B, 0x2C, 0x3A, 0x52, 0x7D, 0x9A,
    },
    // Tile 192
    {
        0x39, 0x34, 0x1B, 0x1F, 0x22, 0x39, 0xB9, 0xA5, 0x39, 0x27, 0x1B, 0x1F, 0x22, 0x39, 0xB6, 0xA4,
        0x36, 0x1B, 0x1B, 0x1F, 0x20, 0x3A, 0xA5, 0xA4, 0x4C, 0x26, 0x12, 0x1F, 0x20, 0x39, 0xB8, 0xB9,
        0x4B, 0x27, 0x12, 0x1F, 0x20, 0x39, 0xB6, 0xB9, 0x39, 0x28, 0x12, 0x1F, 0x20, 0x39, 0xB6, 0xA5,
        0x35, 0x26, 0x1A, 0x1E, 0x20, 0x3A, 0xA3, 0x93, 0x4B, 0x1B, 0x12, 0x1F, 0x16, 0x2C, 0x3A, 0x66,
    },
    // Tile 193
    {
        0x39, 0x27, 0x1B, 0x1F, 0x1F, 0x2C, 0x4C, 0x4C, 0x39, 0x25, 0x1B, 0x1E, 0x20, 0x22, 0x39, 0x3A,
        0x35, 0x1A, 0x1B, 0x1E, 0x20, 0x2F, 0x65, 0x3A, 0x92, 0x1A, 0x1B, 0x1F, 0x16, 0x2C, 0x4C, 0x51,
        0xA3, 0x33, 0x1B, 0x1E, 0x16, 0x22, 0x51, 0x51, 0xA2, 0x33, 0x1D, 0x15, 0x16, 0x2F, 0x4C, 0x4C,
        0x92, 0x60, 0x1E, 0x15, 0x16, 0x45, 0x62, 0x39, 0x39, 0x4A, 0x1B, 0x15, 0x16, 0x52, 0xAC, 0x4C,
    },
    // Tile 194
    {
        0x45, 0xA8, 0xA9, 0x2C, 0x1F, 0x2F, 0x5A, 0x2F, 0x3B, 0xA6, 0x9B, 0x1F, 0x16, 0x17, 0x19, 0x16,
        0x2F, 0x7D, 0x70, 0x16, 0x1F, 0x16, 0x16, 0x2B, 0x22, 0x1F, 0x22, 0x1F, 0x16, 0x16, 0x3A, 0x39,
        0x16, 0x13, 0x16, 0x15, 0x16, 0x3A, 0x3A, 0x3A, 0x3A, 0x2C, 0x2B, 0x39, 0x3A, 0x3A, 0x3A, 0x3A,
        0x3A, 0x3A, 0x3A, 0x2C, 0x2C, 0x3A, 0x4C, 0x3A, 0x39, 0x39, 0x3A, 0x3A, 0x3A, 0x3A, 0x2B, 0x3A,
    },
    // Tile 195
    {
        0x1E, 0x1A, 0x12, 0x1E, 0x16, 0x52, 0x4C, 0x4C, 0x2B, 0x11, 0x13, 0x1E, 0x16, 0x3B, 0x39, 0x3A,
        0x3A, 0x1F, 0x1E, 0x1E, 0x1F, 0x22, 0x4C, 0x39, 0x3A, 0x2C, 0x13, 0x1E, 0x16, 0x1F, 0x2C, 0x36,
        0x3A, 0x3A, 0x2C, 0x1E, 0x0E, 0x1F, 0x1E, 0x1F, 0x3A, 0x3A, 0x51, 0x51, 0x3B, 0x2C, 0x22, 0x1C,
        0x51, 0x52, 0x45, 0x2C, 0x2E, 0x3A, 0x3A, 0x3A, 0x3A, 0x2C, 0x2C, 0x39, 0x3A, 0x3A, 0x3A, 0x3A,
    },
    // Tile 196
    {
        0x46, 0xAD, 0x9E, 0x9E, 0x73, 0x45, 0x22, 0x22, 0x45, 0x9C, 0x85, 0x46, 0x22, 0x22, 0x16, 0x2B,
        0x45, 0x46, 0x23, 0x19, 0x22, 0x2B, 0x3A, 0x3A, 0x22, 0x22, 0x1F, 0x2B, 0x3A, 0x3A, 0x3A, 0x3A,
        0x16, 0x12, 0x36, 0x3A, 0x3A, 0x3A, 0x3A, 0x3A, 0x2C, 0x36, 0x36, 0x2B, 0x39, 0x3A, 0x3A, 0x4C,
        0x39, 0x39, 0x3A, 0x39, 0x3A, 0x2C, 0x3A, 0x3A, 0x39, 0x39, 0x39, 0x3A, 0x39, 0x3A, 0x36, 0x2C,
    },
    // Tile 197
    {
        0x16, 0x2B, 0x36, 0x2C, 0x39, 0x3A, 0x3A, 0x3A, 0x39, 0x3A, 0x3A, 0x3A, 0x3A, 0x3A, 0x3A, 0x3A,
        0x3A, 0x3A, 0x3A, 0x3A, 0x3A, 0x3A, 0x4C, 0x51, 0x3A, 0x3A, 0x3A, 0x3A, 0x3A, 0x4C, 0x3A, 0x3A,
        0x3A, 0x3A, 0x3A, 0x3A, 0x4C, 0x39, 0x2B, 0x2C, 0x3A, 0x4C, 0x4C, 0x3A, 0x2C, 0x2C, 0x2F, 0x3A,
        0x51, 0x3A, 0x2C, 0x2C, 0x2E, 0x3A, 0x3A, 0x3A, 0x2C, 0x2C, 0x2C, 0x39, 0x3A, 0x3A, 0x3A, 0x3A,
    },
    // Tile 198
    {
        0x3A, 0x3A, 0x3A, 0x3A, 0x2B, 0x12, 0x1E, 0x1F, 0x3A, 0x3A, 0x3A, 0x3A, 0x3A, 0x3A, 0x1F, 0x1C,
        0x3A, 0x3A, 0x3A, 0x3A, 0x3A, 0x3A, 0x3A, 0x3A, 0x39, 0x3A, 0x3A, 0x3A, 0x3A, 0x3A, 0x3A, 0x3A,
        0x1F, 0x2B, 0x36, 0x3A, 0x3A, 0x3A, 0x3A, 0x3A, 0x3A, 0x2C, 0x2B, 0x2B, 0x39, 0x3A, 0x3A, 0x4C,
        0x3A, 0x3A, 0x3A, 0x2C, 0x2C, 0x2C, 0x3A, 0x3A, 0x39, 0x39, 0x3A, 0x3A, 0x3A, 0x3A, 0x2B, 0x2C,
    },
    // Tile 199
    {
        0x39, 0x7D, 0x93, 0xA3, 0xB5, 0xB9, 0xBE, 0x4C, 0x1E, 0x2B, 0x4C, 0x7C, 0x92, 0xB6, 0xA9, 0x4C,
        0x2C, 0x12, 0x1E, 0x2B, 0x39, 0x7D, 0x84, 0x39, 0x3A, 0x3A, 0x2C, 0x1E, 0x1E, 0x2B, 0x22, 0x29,
        0x3A, 0x3A, 0x3A, 0x3A, 0x36, 0x12, 0x1F, 0x1E, 0x3A, 0x4C, 0x4C, 0x3A, 0x2C, 0x3A, 0x3A, 0x2B,
        0x51, 0x3A, 0x2C, 0x39, 0x3A, 0x3A, 0x3A, 0x3A, 0x2C, 0x3A, 0x2E, 0x39, 0x39, 0x39, 0x3A, 0x3A,
    },
    // Tile 200
    {
        0x3A, 0x39, 0x36, 0x2C, 0x39, 0x3A, 0x3A, 0x3A, 0x39, 0x3A, 0x3A, 0x3A, 0x3A, 0x3A, 0x3A, 0x3A,
        0x3A, 0x3A, 0x3A, 0x3A, 0x3A, 0x3A, 0x4C, 0x51, 0x3A, 0x3A, 0x3A, 0x3A, 0x3A, 0x4C, 0x3A, 0x3A,
        0x3A, 0x3A, 0x3A, 0x3A, 0x4C, 0x39, 0x2B, 0x2C, 0x3A, 0x4C, 0x4C, 0x3A, 0x2C, 0x2C, 0x2F, 0x3A,
        0x51, 0x3A, 0x2C, 0x2C, 0x2C, 0x3A, 0x3A, 0x3A, 0x2C, 0x2B, 0x2C, 0x2F, 0x3A, 0x45, 0x3B, 0x3A,
    },
    // Tile 201
    {
        0x3A, 0x3A, 0x3A, 0x3A, 0x3A, 0x3A, 0x2C, 0x16, 0x4C, 0x3A, 0x3A, 0x3A, 0x2C, 0x1F, 0x2C, 0x2F,
        0x4C, 0x3A, 0x2C, 0x21, 0x2C, 0x3A, 0x3A, 0x46, 0x2C, 0x2C, 0x2C, 0x3A, 0x3A, 0x3A, 0x3A, 0x45,
        0x2C, 0x3A, 0x52, 0x3A, 0x3A, 0x3A, 0x3A, 0x3A, 0x3A, 0x3A, 0x5A, 0x5C, 0x45, 0x3A, 0x3A, 0x3A,
        0x3A, 0x3A, 0x45, 0x5A, 0x5C, 0x5C, 0x53, 0x3A, 0x3A, 0x3A, 0x3A, 0x3A, 0x44, 0x5A, 0x5D, 0x5C,
    },
    // Tile 202
    {
        0x13, 0x2C, 0x2C, 0x3A, 0x3A, 0x3A, 0x3A, 0x3A, 0x2E, 0x2B, 0x13, 0x2B, 0x39, 0x3A, 0x3A, 0x3A,
        0x45, 0x3A, 0x3A, 0x2C, 0x21, 0x2B, 0x39, 0x3A, 0x5C, 0x70, 0x5A, 0x52, 0x3A, 0x2C, 0x1F, 0x2B,
        0x3A, 0x52, 0x5A, 0x71, 0x5A, 0x52, 0x3A, 0x2B, 0x3A, 0x3A, 0x45, 0x53, 0x5D, 0x5D, 0x5A, 0x2F,
        0x3A, 0x51, 0x44, 0x3A, 0x3A, 0x45, 0x5C, 0x5D, 0x45, 0x3A, 0x3A, 0x3A, 0x3A, 0x39, 0x3A, 0x45,
    },
    // Tile 203
    {
        0x3A, 0x3A, 0x3A, 0x3A, 0x39, 0x3A, 0x3A, 0x3A, 0x3A, 0x3A, 0x3A, 0x3A, 0x3A, 0x3A, 0x2C, 0x39,
        0x3A, 0x3A, 0x3A, 0x3A, 0x3A, 0x3A, 0x3A, 0x3A, 0x39, 0x3A, 0x3A, 0x3A, 0x3A, 0x3A, 0x3A, 0x3A,
        0x1F, 0x2B, 0x36, 0x3A, 0x3A, 0x3A, 0x3A, 0x3A, 0x37, 0x2C, 0x2B, 0x2B, 0x39, 0x3A, 0x3A, 0x4C,
        0x48, 0x3A, 0x3A, 0x2C, 0x2C, 0x2C, 0x3A, 0x3A, 0x5B, 0x5C, 0x46, 0x3B, 0x3A, 0x2E, 0x2B, 0x2C,
    },
    // Tile 204
    {
        0x16, 0x16, 0x2B, 0x39, 0x3A, 0x39, 0x3A, 0x3A, 0x2B, 0x3A, 0x3A, 0x3A, 0x3A, 0x3A, 0x3A, 0x3A,
        0x3A, 0x3A, 0x3A, 0x3A, 0x3A, 0x3A, 0x3A, 0x3A, 0x3A, 0x3A, 0x3A, 0x3A, 0x3A, 0x3A, 0x3A, 0x3A,
        0x3A, 0x3A, 0x3A, 0x3A, 0x3A, 0x3A, 0x3A, 0x39, 0x3A, 0x3A, 0x51, 0x51, 0x3B, 0x3A, 0x3A, 0x4C,
        0x51, 0x52, 0x45, 0x39, 0x3A, 0x3A, 0x3A, 0x3A, 0x3A, 0x3A, 0x3A, 0x3A, 0x3A, 0x3A, 0x3A, 0x3A,
    },
    // Tile 205
    {
        0x13, 0x2C, 0x2D, 0x2F, 0x3A, 0x5A, 0x5C, 0x59, 0x2E, 0x2B, 0x13, 0x2B, 0x2C, 0x3A, 0x45, 0x5A,
        0x45, 0x3A, 0x3A, 0x2C, 0x21, 0x2B, 0x39, 0x3A, 0x5C, 0x70, 0x5A, 0x52, 0x3A, 0x2C, 0x1F, 0x2B,
        0x3A, 0x52, 0x5A, 0x71, 0x5A, 0x52, 0x3A, 0x2B, 0x3A, 0x3A, 0x45, 0x53, 0x5D, 0x5D, 0x5A, 0x2F,
        0x3A, 0x51, 0x44, 0x3A, 0x3A, 0x45, 0x5C, 0x5D, 0x45, 0x3A, 0x3A, 0x3A, 0x3A, 0x39, 0x3A, 0x45,
    },
    // Tile 206
    {
        0x3B, 0x3A, 0x3A, 0x3A, 0x3A, 0x3A, 0x52, 0x70, 0x5C, 0x5A, 0x52, 0x44, 0x52, 0x66, 0x7E, 0x94,
        0x53, 0x5B, 0x71, 0x70, 0x84, 0x84, 0x9A, 0x9A, 0x3A, 0x66, 0x84, 0x89, 0x9E, 0x9C, 0x9B, 0x9A,
        0x1F, 0x51, 0x7E, 0x94, 0x9B, 0x9E, 0x9E, 0x9E, 0x37, 0x2C, 0x2B, 0x52, 0x84, 0x9B, 0xA6, 0xA9,
        0x48, 0x3A, 0x3A, 0x2C, 0x2C, 0x66, 0x94, 0xA8, 0x5B, 0x5C, 0x46, 0x3B, 0x3A, 0x2E, 0x2B, 0x59,
    },
    // Tile 207
    {
        0x86, 0x5E, 0x46, 0x3A, 0x3A, 0x3A, 0x3A, 0x3A, 0x94, 0x9C, 0x9C, 0x73, 0x5A, 0x3A, 0x3A, 0x3A,
        0x9A, 0x9A, 0x9A, 0x9B, 0x9C, 0x70, 0x51, 0x3A, 0x9A, 0x9A, 0x9A, 0x9A, 0x9B, 0x94, 0x66, 0x3A,
        0x9B, 0xA6, 0xA6, 0xA6, 0xA6, 0x93, 0x53, 0x2C, 0xA9, 0xA6, 0xA6, 0x94, 0x67, 0x2C, 0x2F, 0x3A,
        0xA8, 0x9A, 0x5A, 0x2C, 0x2C, 0x3A, 0x3A, 0x3A, 0x59, 0x2B, 0x2C, 0x2F, 0x3A, 0x45, 0x3B, 0x3A,
    },
    // Tile 208
    {
        0x3A, 0x45, 0x53, 0x3A, 0x3A, 0x3A, 0x2C, 0x16, 0x3A, 0x3A, 0x3A, 0x3A, 0x2B, 0x1F, 0x2C, 0x2F,
        0x51, 0x3A, 0x2C, 0x21, 0x2C, 0x3A, 0x3A, 0x46, 0x2C, 0x2C, 0x2C, 0x3A, 0x3A, 0x3A, 0x3A, 0x45,
        0x2C, 0x3A, 0x52, 0x3A, 0x3A, 0x3A, 0x3A, 0x3A, 0x3A, 0x3A, 0x5A, 0x5C, 0x45, 0x3A, 0x3A, 0x3A,
        0x3A, 0x3A, 0x45, 0x5A, 0x5C, 0x5C, 0x53, 0x3A, 0x3A, 0x3A, 0x3A, 0x3A, 0x44, 0x5A, 0x5D, 0x5C,
    },
    // Tile 209
    {
        0x86, 0x5E, 0x46, 0x3A, 0x3A, 0x3A, 0x3A, 0x3A, 0x94, 0x9C, 0x9C, 0x73, 0x5A, 0x3A, 0x3A, 0x3A,
        0x9A, 0x9A, 0x9A, 0x9B, 0x9C, 0x70, 0x51, 0x3A, 0x9A, 0x9A, 0x9A, 0x9A, 0x9B, 0x94, 0x66, 0x3A,
        0x9B, 0xA6, 0xA6, 0xA6, 0xA6, 0x93, 0x53, 0x53, 0xA9, 0xA6, 0xA6, 0x94, 0x67, 0x46, 0x84, 0x94,
        0xA8, 0x9A, 0x5A, 0x66, 0x7E, 0x9A, 0x9A, 0x9A, 0x59, 0x45, 0x6F, 0x84, 0x94, 0x94, 0xA5, 0x9A,
    },
    // Tile 210
    {
        0x3A, 0x45, 0x53, 0x3A, 0x3A, 0x3A, 0x2C, 0x1F, 0x3A, 0x3A, 0x3A, 0x3A, 0x2B, 0x1F, 0x2C, 0x2E,
        0x51, 0x3A, 0x2C, 0x1F, 0x2C, 0x3A, 0x3A, 0x3A, 0x2C, 0x2C, 0x2D, 0x3A, 0x3A, 0x39, 0x39, 0x3A,
        0x53, 0x52, 0x3B, 0x3A, 0x3B, 0x3A, 0x3A, 0x3A, 0x94, 0x93, 0x68, 0x4D, 0x41, 0x40, 0x3E, 0x3D,
        0x9A, 0x9A, 0x95, 0x82, 0x64, 0x50, 0x42, 0x43, 0xA5, 0xA5, 0xA5, 0x96, 0x81, 0x87, 0x6C, 0x55,
    },
    // Tile 211
    {
        0x13, 0x2C, 0x2D, 0x2F, 0x3A, 0x5A, 0x5C, 0x59, 0x3A, 0x2B, 0x13, 0x2B, 0x2C, 0x3A, 0x45, 0x5A,
        0x3A, 0x3A, 0x3A, 0x2C, 0x1F, 0x2B, 0x39, 0x3A, 0x3A, 0x39, 0x39, 0x39, 0x39, 0x2C, 0x29, 0x2B,
        0x3A, 0x3A, 0x3A, 0x3A, 0x3A, 0x3A, 0x3A, 0x3A, 0x3C, 0x3B, 0x3B, 0x3A, 0x52, 0x66, 0x84, 0x94,
        0x4E, 0x4E, 0x56, 0x69, 0x7E, 0x94, 0x9A, 0x9A, 0x54, 0x54, 0x7F, 0x99, 0x95, 0x9A, 0x9A, 0x9A,
    },
    // Tile 212
    {
        0x3B, 0x3A, 0x3A, 0x3A, 0x3A, 0x3A, 0x52, 0x70, 0x5C, 0x5A, 0x52, 0x44, 0x52, 0x66, 0x7E, 0x94,
        0x53, 0x5B, 0x71, 0x70, 0x84, 0x84, 0x9A, 0x9A, 0x3A, 0x66, 0x84, 0x89, 0x9E, 0x9C, 0x9B, 0x9A,
        0x3A, 0x51, 0x7E, 0x94, 0x9B, 0x9E, 0x9E, 0x9E, 0x94, 0x7D, 0x53, 0x52, 0x84, 0x9B, 0xA6, 0xA9,
        0x94, 0x94, 0x94, 0x7D, 0x53, 0x66, 0x94, 0xA8, 0x9A, 0xA5, 0x9A, 0x9A, 0x9A, 0x93, 0x53, 0x59,
    },
    // Tile 213
    {
        0x00, 0x00, 0x00, 0x00, 0x00, 0x00, 0x00, 0x00, 0x00, 0x00, 0x00, 0x00, 0x00, 0x00, 0x00, 0x00,
        0x00, 0x00, 0x00, 0x00, 0x00, 0x00, 0x00, 0x00, 0x9E, 0x00, 0x00, 0x00, 0x00, 0x00, 0x00, 0x00,
        0xAD, 0x85, 0x00, 0x00, 0x00, 0x00, 0x00, 0x00, 0x89, 0x00, 0x00, 0x00, 0x00, 0x00, 0x00, 0x00,
        0x59, 0x00, 0x00, 0x00, 0x00, 0x00, 0x00, 0x00, 0x53, 0x00, 0x00, 0x00, 0x00, 0x00, 0x00, 0xA8,
    },
    // Tile 214
    {
        0x00, 0x00, 0x00, 0x00, 0x00, 0x00, 0x00, 0x00, 0x00, 0x00, 0x00, 0x00, 0x00, 0x00, 0x00, 0x00,
        0x00, 0x00, 0x00, 0x00, 0x00, 0x00, 0x00, 0x00, 0x00, 0x00, 0x00, 0x00, 0x00, 0x00, 0x00, 0x00,
        0x00, 0x00, 0x00, 0x00, 0x00, 0xA8, 0xA5, 0xA9, 0x00, 0x00, 0x00, 0xB9, 0xA8, 0xB9, 0xBD, 0xCE,
        0x00, 0xA8, 0xBA, 0xBA, 0xBA, 0xBD, 0xBE, 0xBE, 0xBD, 0xBA, 0xBA, 0xBD, 0xBE, 0xBE, 0xA9, 0x9B,
    },
    // Tile 215
    {
        0x00, 0x00, 0x00, 0x00, 0x00, 0x00, 0x00, 0x00, 0x00, 0x00, 0x00, 0x00, 0x00, 0x00, 0x00, 0x00,
        0x00, 0x00, 0x00, 0x00, 0x00, 0x00, 0x00, 0x00, 0x00, 0x00, 0x00, 0x00, 0x00, 0x00, 0x00, 0x00,
        0x00, 0x00, 0x00, 0x00, 0x00, 0x00, 0x00, 0x00, 0xBF, 0x00, 0x00, 0x00, 0x00, 0x00, 0x00, 0x00,
        0xAD, 0x00, 0x00, 0x00, 0x00, 0x00, 0x00, 0x00, 0x70, 0x00, 0x00, 0x00, 0x00, 0x00, 0x00, 0x00,
    },
    // Tile 216
    {
        0x00, 0x00, 0x00, 0x00, 0x00, 0x00, 0x00, 0x00, 0x00, 0x00, 0x00, 0x00, 0x00, 0x00, 0x00, 0x00,
        0x00, 0x00, 0x00, 0x00, 0x00, 0x00, 0x00, 0x00, 0x00, 0x00, 0x00, 0x00, 0x00, 0x00, 0x00, 0xD1,
        0x00, 0x00, 0x00, 0x00, 0x00, 0x00, 0xB6, 0xBA, 0x00, 0x00, 0x00, 0x00, 0x00, 0x00, 0x00, 0x7D,
        0x00, 0x00, 0x00, 0x00, 0x00, 0x00, 0x00, 0x3A, 0x00, 0x00, 0x00, 0x00, 0x00, 0x00, 0x00, 0x39,
    },
    // Tile 217
    {
        0x00, 0x00, 0x00, 0x00, 0x00, 0xA8, 0xBD, 0xBB, 0x00, 0x00, 0x00, 0xC0, 0xBD, 0xBA, 0xBA, 0xA9,
        0x00, 0xBD, 0xBD, 0xBA, 0xBA, 0xBD, 0xAC, 0xBE, 0xBD, 0xBA, 0xBD, 0xBA, 0xBD, 0xBE, 0xA9, 0x9C,
        0xBA, 0xBD, 0xAD, 0xBE, 0xAD, 0x9C, 0x72, 0x5A, 0xA5, 0xBA, 0xA9, 0x89, 0x70, 0x59, 0x53, 0x53,
        0x65, 0x84, 0x70, 0x53, 0x46, 0x45, 0x45, 0x45, 0x4C, 0x53, 0x46, 0x45, 0x45, 0x45, 0x45, 0x46,
    },
    // Tile 218
    {
        0xBA, 0xA9, 0xAC, 0xBE, 0xBE, 0xAD, 0xAD, 0xBE, 0xBD, 0xAC, 0xAD, 0xAD, 0xAD, 0xAD, 0xAD, 0xAD,
        0xAD, 0xAD, 0xAD, 0xAD, 0xAD, 0xAD, 0xAD, 0xAD, 0x85, 0x9E, 0xAD, 0xAD, 0xA9, 0xA9, 0xAA, 0xAD,
        0x5A, 0x9C, 0x9E, 0x9E, 0x9E, 0xAA, 0xAD, 0xAD, 0x59, 0x85, 0x9B, 0x73, 0x5B, 0x9E, 0xAD, 0xAC,
        0x45, 0x5A, 0x59, 0x53, 0x59, 0x9C, 0x9E, 0xA5, 0x53, 0x53, 0x46, 0x46, 0x59, 0x89, 0x89, 0x62,
    },
    // Tile 219
    {
        0x9F, 0x52, 0x46, 0x45, 0x45, 0x45, 0x59, 0x53, 0x9E, 0x52, 0x53, 0x59, 0x59, 0x45, 0x53, 0x46,
        0x9E, 0x52, 0x59, 0x59, 0x59, 0x45, 0x46, 0x45, 0x9F, 0x52, 0x59, 0x46, 0x46, 0x3B, 0x45, 0x53,
        0x94, 0x9A, 0x9B, 0x45, 0x3B, 0x45, 0x53, 0x53, 0xA8, 0xA8, 0xCB, 0xCD, 0xCD, 0x53, 0x46, 0x53,
        0xB9, 0xBA, 0xB9, 0xBA, 0xBA, 0xB9, 0xA9, 0x45, 0x91, 0xA5, 0xB9, 0xB9, 0xB9, 0xA8, 0xB9, 0xBA,
    },
    // Tile 220
    {
        0x46, 0x46, 0x45, 0x45, 0x45, 0x70, 0x5A, 0x59, 0x45, 0x45, 0x45, 0x53, 0x59, 0x53, 0x59, 0x53,
        0x45, 0x46, 0x59, 0x53, 0x45, 0x46, 0x45, 0x53, 0x59, 0x45, 0x53, 0x45, 0x45, 0x45, 0x45, 0x53,
        0x53, 0x45, 0x46, 0x45, 0x45, 0x53, 0x59, 0x53, 0x46, 0x3B, 0x45, 0x45, 0x59, 0x53, 0x53, 0x45,
        0x45, 0x53, 0x59, 0x59, 0x59, 0x52, 0x46, 0x45, 0xBB, 0x59, 0x53, 0x46, 0x46, 0x3B, 0x46, 0x46,
    },
    // Tile 221
    {
        0x13, 0x58, 0x84, 0x94, 0x9A, 0x9A, 0xA5, 0xA5, 0x3A, 0x2B, 0x13, 0x66, 0x93, 0x9A, 0xA5, 0xA5,
        0x3A, 0x3A, 0x3A, 0x2C, 0x1F, 0x66, 0x93, 0xA5, 0x3A, 0x39, 0x39, 0x39, 0x39, 0x2C, 0x29, 0x63,
        0x3A, 0x3A, 0x3A, 0x3A, 0x3A, 0x3A, 0x3A, 0x3A, 0x3C, 0x3B, 0x3B, 0x3A, 0x52, 0x66, 0x84, 0x94,
        0x4E, 0x4E, 0x56, 0x69, 0x7E, 0x94, 0x9A, 0x9A, 0x54, 0x54, 0x7F, 0x99, 0x95, 0x9A, 0x9A, 0x9A,
    },
    // Tile 222
    {
        0xA5, 0xA5, 0xA5, 0xA6, 0x99, 0x9C, 0x95, 0x6A, 0xA6, 0xA6, 0xA5, 0xA6, 0x98, 0x80, 0x69, 0x57,
        0xA6, 0xA6, 0x94, 0x7E, 0x53, 0x31, 0x32, 0x3E, 0x93, 0x7E, 0x52, 0x3A, 0x3A, 0x3A, 0x3A, 0x3A,
        0x3A, 0x2C, 0x36, 0x3A, 0x3A, 0x39, 0x39, 0x3A, 0x94, 0x7D, 0x53, 0x2B, 0x39, 0x3A, 0x3A, 0x3A,
        0x94, 0x94, 0x94, 0x7D, 0x53, 0x2B, 0x39, 0x3A, 0x9A, 0xA5, 0x9A, 0x9A, 0x9A, 0x93, 0x53, 0x2B,
    },
    // Tile 223
    {
        0x57, 0x7B, 0x80, 0x96, 0x96, 0x9A, 0xA5, 0xA5, 0x43, 0x4F, 0x6D, 0x97, 0x97, 0xA5, 0xA5, 0xA6,
        0x3F, 0x41, 0x42, 0x55, 0x6B, 0x95, 0xA6, 0xA6, 0x3A, 0x3A, 0x3A, 0x3A, 0x3A, 0x63, 0x7D, 0x84,
        0x3A, 0x3A, 0x3A, 0x3A, 0x3A, 0x3A, 0x2B, 0x53, 0x3A, 0x3A, 0x3A, 0x3A, 0x2C, 0x46, 0x84, 0x94,
        0x3A, 0x3A, 0x2C, 0x66, 0x7E, 0x9A, 0x9A, 0x9A, 0x2B, 0x45, 0x6F, 0x84, 0x94, 0x94, 0xA5, 0x9A,
    },
    // Tile 224
    {
        0xA5, 0xA5, 0xA5, 0xA5, 0x9A, 0x94, 0x5A, 0x1F, 0xA6, 0xA6, 0xA6, 0x9A, 0x59, 0x1F, 0x2C, 0x2E,
        0xA6, 0x9A, 0x66, 0x1F, 0x2C, 0x3A, 0x3A, 0x3A, 0x59, 0x2C, 0x2D, 0x3A, 0x3A, 0x39, 0x39, 0x3A,
        0x53, 0x52, 0x3B, 0x3A, 0x3B, 0x3A, 0x3A, 0x3A, 0x94, 0x93, 0x68, 0x4D, 0x41, 0x40, 0x3E, 0x3D,
        0x9A, 0x9A, 0x95, 0x82, 0x64, 0x50, 0x42, 0x43, 0xA5, 0xA5, 0xA5, 0x96, 0x81, 0x87, 0x6C, 0x55,
    },
    // Tile 225
    {
        0x4C, 0x52, 0x66, 0x4C, 0x39, 0x4B, 0x4B, 0x4C, 0x4C, 0x4C, 0x4C, 0x52, 0x3A, 0x4B, 0x39, 0x4B,
        0x4B, 0x4B, 0x4C, 0x3A, 0x3A, 0x62, 0x62, 0x4C, 0x4C, 0x39, 0x39, 0x39, 0x4C, 0x4C, 0x51, 0x52,
        0x61, 0x51, 0x4C, 0x39, 0x39, 0x3A, 0x3A, 0x3A, 0x4B, 0x4C, 0x51, 0x3A, 0x39, 0x39, 0x39, 0x39,
        0x39, 0x4B, 0x4C, 0x4C, 0x4C, 0x51, 0x4C, 0x39, 0x4C, 0x39, 0x36, 0x4C, 0x4C, 0x4C, 0x61, 0xA8,
    },
    // Tile 226
    {
        0x4C, 0x51, 0x51, 0x39, 0x39, 0x39, 0x52, 0x53, 0x4C, 0x4C, 0x51, 0x51, 0x4C, 0x39, 0x45, 0x45,
        0x39, 0x39, 0x45, 0x4C, 0x3A, 0x52, 0x59, 0x59, 0x51, 0x4C, 0x3A, 0x3A, 0x4C, 0x4C, 0x53, 0xD1,
        0x4C, 0x62, 0x52, 0x4C, 0x39, 0xA8, 0xA5, 0xA9, 0x3A, 0x4C, 0x51, 0xB9, 0xA8, 0xB9, 0xBD, 0xCE,
        0x39, 0xA8, 0xBA, 0xBA, 0xBA, 0xBD, 0xBE, 0xBE, 0xBD, 0xBA, 0xBA, 0xBD, 0xBE, 0xBE, 0xA9, 0x9B,
    },
    // Tile 227
    {
        0x45, 0x00, 0x00, 0x00, 0x00, 0x9A, 0xA9, 0xBA, 0x46, 0x00, 0x00, 0xAB, 0xB9, 0xBA, 0xBA, 0xBD,
        0x46, 0xA8, 0xBD, 0xBA, 0xBA, 0xBD, 0xBE, 0xBE, 0xBA, 0xBA, 0xBD, 0xBD, 0xBE, 0xBF, 0xAD, 0xAD,
        0xBA, 0xBD, 0xBE, 0xBE, 0xBE, 0xAD, 0xAD, 0xAD, 0xBF, 0xBD, 0xAD, 0xAD, 0xAD, 0xAD, 0xAD, 0xAD,
        0xAD, 0xBE, 0xAD, 0xAD, 0xAA, 0xA9, 0xA9, 0x9E, 0x70, 0xAC, 0xAD, 0xA9, 0xA9, 0x9E, 0x89, 0x70,
    },
    // Tile 228
    {
        0xBA, 0xBD, 0xBE, 0xBE, 0xAD, 0x9C, 0x70, 0x59, 0xBD, 0xBE, 0xAC, 0x9B, 0x70, 0x59, 0x59, 0x53,
        0xAD, 0x9E, 0x70, 0x47, 0x46, 0x46, 0x46, 0x45, 0xAD, 0x5A, 0x45, 0x45, 0x45, 0x45, 0x45, 0x59,
        0xAA, 0x59, 0x45, 0x45, 0x45, 0x53, 0x53, 0x59, 0xA9, 0x59, 0x45, 0x53, 0x53, 0x46, 0x53, 0x45,
        0x88, 0x59, 0x53, 0x53, 0x53, 0x45, 0x45, 0x46, 0x59, 0x53, 0x46, 0x46, 0x46, 0x45, 0x46, 0x59,
    },
    // Tile 229
    {
        0x46, 0x00, 0x00, 0x00, 0x00, 0x00, 0x00, 0x00, 0x46, 0x00, 0x00, 0x00, 0x00, 0x00, 0x00, 0x00,
        0x46, 0x00, 0x00, 0x00, 0x00, 0x00, 0x00, 0x00, 0x46, 0x00, 0x00, 0x00, 0x00, 0x00, 0x00, 0x00,
        0x3B, 0x00, 0x00, 0x00, 0x00, 0x00, 0x00, 0x00, 0x46, 0x00, 0x00, 0x00, 0x00, 0x00, 0x00, 0x00,
        0x46, 0x00, 0x00, 0x00, 0x00, 0x00, 0x00, 0x00, 0x5A, 0x00, 0x00, 0x00, 0x00, 0x00, 0x00, 0x00,
    },
    // Tile 230
    {
        0x00, 0x00, 0x00, 0x00, 0x00, 0x00, 0x00, 0x39, 0x00, 0x00, 0x00, 0x00, 0x00, 0x00, 0x00, 0x3A,
        0x00, 0x00, 0x00, 0x00, 0x00, 0x00, 0x00, 0x4C, 0x00, 0x00, 0x00, 0x00, 0x00, 0x00, 0x00, 0x4C,
        0x00, 0x00, 0x00, 0x00, 0x00, 0x00, 0x00, 0x4C, 0x00, 0x00, 0x00, 0x00, 0x00, 0x00, 0x00, 0x4C,
        0x00, 0x00, 0x00, 0x00, 0x00, 0x00, 0x00, 0x4B, 0x00, 0x00, 0x00, 0x00, 0x00, 0x00, 0x00, 0x4C,
    },
    // Tile 231
    {
        0x4C, 0x52, 0x46, 0x45, 0x45, 0x45, 0x59, 0x53, 0x51, 0x52, 0x53, 0x59, 0x59, 0x45, 0x53, 0x46,
        0x51, 0x52, 0x59, 0x59, 0x59, 0x45, 0x46, 0x45, 0x51, 0x52, 0x59, 0x46, 0x46, 0x3B, 0x45, 0x53,
        0x4C, 0x52, 0x45, 0x45, 0x3B, 0x45, 0x53, 0x53, 0x4C, 0x52, 0x46, 0x46, 0x53, 0x53, 0x46, 0x53,
        0x51, 0x52, 0x53, 0x59, 0x46, 0x45, 0x45, 0x45, 0x4C, 0x58, 0x46, 0x45, 0x45, 0x45, 0x45, 0x45,
    },
    // Tile 232
    {
        0x46, 0x46, 0x45, 0x45, 0x45, 0x70, 0x5A, 0x4C, 0x45, 0x45, 0x45, 0x53, 0x59, 0x53, 0x59, 0x4C,
        0x45, 0x46, 0x59, 0x53, 0x45, 0x46, 0x45, 0x4C, 0x59, 0x45, 0x53, 0x45, 0x45, 0x45, 0x45, 0x62,
        0x53, 0x45, 0x46, 0x45, 0x45, 0x53, 0x59, 0x4C, 0x46, 0x3B, 0x45, 0x45, 0x59, 0x53, 0x53, 0x4C,
        0x45, 0x53, 0x59, 0x59, 0x59, 0x52, 0x46, 0x4C, 0x59, 0x59, 0x53, 0x46, 0x46, 0x3B, 0x46, 0x4C,
    },
    // Tile 233
    {
        0x4C, 0x62, 0x7D, 0xA5, 0xB9, 0xBA, 0xB9, 0xA8, 0x4C, 0x39, 0x4C, 0x65, 0x91, 0xA5, 0xB9, 0xA8,
        0x4C, 0x4B, 0x4B, 0x39, 0x4C, 0x65, 0x92, 0xA5, 0x4C, 0x4C, 0x4B, 0x39, 0x4B, 0x4C, 0x65, 0xA4,
        0x4C, 0x4C, 0x4C, 0x39, 0x39, 0x39, 0x62, 0xA3, 0x4B, 0x4B, 0x4C, 0x4C, 0x4C, 0x3A, 0x51, 0x92,
        0x39, 0x39, 0x3A, 0x4C, 0x4C, 0x4C, 0x62, 0x91, 0x3A, 0x39, 0x3A, 0x4C, 0x4C, 0x4C, 0x4C, 0x62,
    },
    // Tile 234
    {
        0xB9, 0xBD, 0xAC, 0x45, 0x46, 0x53, 0x59, 0x53, 0xA8, 0xB9, 0xB9, 0xCB, 0xCE, 0x53, 0x53, 0x53,
        0xB9, 0xBA, 0xBA, 0xBA, 0xBA, 0xCB, 0xBD, 0x45, 0xB6, 0xA5, 0xB9, 0xBA, 0xB9, 0xA8, 0xBA, 0xCD,
        0xA4, 0xA4, 0xA3, 0xB6, 0xBA, 0xBA, 0xBD, 0xBE, 0xA3, 0xA4, 0xA3, 0xA3, 0xA5, 0xB9, 0xBE, 0xAC,
        0x93, 0xA4, 0xA4, 0xA3, 0xA4, 0xB6, 0xBE, 0xA5, 0x7D, 0x93, 0x93, 0xA3, 0xA4, 0xB6, 0xBA, 0x62,
    },
    // Tile 235
    {
        0x46, 0xA8, 0x9E, 0xA9, 0x9E, 0x85, 0x3B, 0x22, 0x45, 0xA6, 0x9B, 0x85, 0x46, 0x22, 0x16, 0x13,
        0x45, 0x6F, 0x46, 0x23, 0x22, 0x16, 0x2B, 0x39, 0xAD, 0x22, 0x1F, 0x16, 0x2C, 0x39, 0x3A, 0x39,
        0x94, 0x9A, 0x9B, 0x39, 0x39, 0x3A, 0x3A, 0x3A, 0xA8, 0xA8, 0xCB, 0xCD, 0xCD, 0x3A, 0x3A, 0x3A,
        0xB9, 0xBA, 0xB9, 0xBA, 0xBA, 0xB9, 0xA9, 0x3A, 0x91, 0xA5, 0xB9, 0xB9, 0xB9, 0xA8, 0xB9, 0xBA,
    },
    // Tile 236
    {
        0x16, 0x16, 0x2B, 0x39, 0x3A, 0x39, 0x3A, 0x3A, 0x2B, 0x3A, 0x3A, 0x3A, 0x3A, 0x3A, 0x3A, 0x3A,
        0x3A, 0x3A, 0x3A, 0x3A, 0x3A, 0x3A, 0x3A, 0x3A, 0x3A, 0x3A, 0x3A, 0x3A, 0x3A, 0x3A, 0x3A, 0x3A,
        0x3A, 0x3A, 0x3A, 0x3A, 0x3A, 0x3A, 0x3A, 0x3A, 0x3A, 0x3A, 0x51, 0x51, 0x3B, 0x3A, 0x3A, 0x3A,
        0x51, 0x52, 0x45, 0x39, 0x3A, 0x3A, 0x3A, 0x3A, 0xBB, 0x3A, 0x2E, 0x39, 0x39, 0x39, 0x3A, 0x3A,
    },
    // Tile 237
    {
        0x3A, 0x3A, 0x3A, 0x3A, 0x3A, 0x2B, 0x1E, 0x1F, 0x3A, 0x3A, 0x3A, 0x3A, 0x3A, 0x3A, 0x39, 0x2B,
        0x3A, 0x3A, 0x3A, 0x3A, 0x39, 0x39, 0x39, 0x39, 0x3A, 0x3A, 0x3A, 0x39, 0x3A, 0x39, 0x3A, 0x39,
        0x36, 0x36, 0x3A, 0x39, 0x39, 0x3A, 0x3A, 0x3A, 0x3A, 0x36, 0x36, 0x39, 0x3A, 0x3A, 0x3A, 0x3A,
        0x39, 0x39, 0x3A, 0x39, 0x3A, 0x3A, 0x36, 0x2C, 0x39, 0x39, 0x39, 0x3A, 0x39, 0x2C, 0x29, 0xA8,
    },
    // Tile 238
    {
        0x1F, 0x3A, 0x7D, 0x92, 0xA4, 0xB6, 0xBD, 0x4C, 0x12, 0x1E, 0x2C, 0x3A, 0x7A, 0xA3, 0xA9, 0x4C,
        0x3A, 0x2C, 0x1C, 0x1E, 0x1F, 0x3A, 0x7E, 0x39, 0x3A, 0x3A, 0x3A, 0x2C, 0x12, 0x1E, 0x22, 0xD1,
        0x3A, 0x3A, 0x2C, 0x2C, 0x1F, 0xA8, 0xA5, 0xA9, 0x2C, 0x2C, 0x39, 0xB9, 0xA8, 0xB9, 0xBD, 0xCE,
        0x39, 0xA8, 0xBA, 0xBA, 0xBA, 0xBD, 0xBE, 0xBE, 0xBD, 0xBA, 0xBA, 0xBD, 0xBE, 0xBE, 0xA9, 0x9B,
    },
    // Tile 239
    {
        0x4C, 0x51, 0x4C, 0x39, 0x39, 0x9A, 0xA9, 0xBA, 0x4C, 0x51, 0x52, 0xAB, 0xB9, 0xBA, 0xBA, 0xBD,
        0x3A, 0xA8, 0xBD, 0xBA, 0xBA, 0xBD, 0xBE, 0xBE, 0xBA, 0xBA, 0xBD, 0xBD, 0xBE, 0xBF, 0xAD, 0xAD,
        0xBA, 0xBD, 0xBE, 0xBE, 0xBE, 0xAD, 0xAD, 0xAD, 0xBF, 0xBD, 0xAD, 0xAD, 0xAD, 0xAD, 0xAD, 0xAD,
        0xAD, 0xBE, 0xAD, 0xAD, 0xAA, 0xA9, 0xA9, 0x9E, 0x70, 0xAC, 0xAD, 0xA9, 0xA9, 0x9E, 0x89, 0x70,
    },
    // Tile 240
    {
        0x46, 0xA9, 0xAA, 0xA9, 0x9E, 0x72, 0x5A, 0x53, 0x46, 0xA9, 0xAD, 0xBF, 0xAD, 0x5A, 0x53, 0x46,
        0x46, 0xBD, 0xBF, 0xC1, 0xAD, 0x5A, 0x46, 0x45, 0x46, 0xBD, 0xAD, 0xAD, 0xA9, 0x53, 0x45, 0x53,
        0x3B, 0xBD, 0x9E, 0x9E, 0x85, 0x59, 0x59, 0x53, 0x46, 0xA9, 0x9E, 0x85, 0x5A, 0x59, 0x45, 0x45,
        0x46, 0x84, 0x5A, 0x59, 0x46, 0x46, 0x45, 0x45, 0x5A, 0x65, 0x46, 0x45, 0x45, 0x45, 0x45, 0x46,
    },
    // Tile 241
    {
        0x46, 0x46, 0x45, 0x45, 0x46, 0x46, 0x59, 0x59, 0x45, 0x45, 0x45, 0x59, 0x59, 0x53, 0x53, 0x45,
        0x45, 0x53, 0x59, 0x59, 0x46, 0x46, 0x45, 0x53, 0x59, 0x46, 0x53, 0x45, 0x45, 0x45, 0x45, 0x59,
        0x46, 0x45, 0x46, 0x45, 0x3B, 0x53, 0x59, 0x59, 0x46, 0x3B, 0x45, 0x45, 0x59, 0x59, 0x59, 0x45,
        0x46, 0x53, 0x5A, 0x59, 0x59, 0x53, 0x46, 0x45, 0x59, 0x59, 0x53, 0x45, 0x45, 0x45, 0x5A, 0x85,
    },
    // Tile 242
    {
        0x46, 0x00, 0x00, 0x00, 0x00, 0x00, 0x00, 0x00, 0x45, 0x00, 0x00, 0x00, 0x00, 0x00, 0x00, 0x00,
        0x46, 0x00, 0x00, 0x00, 0x00, 0x00, 0x00, 0x00, 0x59, 0x00, 0x00, 0x00, 0x00, 0x00, 0x00, 0x00,
        0x46, 0x00, 0x00, 0x00, 0x00, 0x00, 0x00, 0x00, 0x45, 0x00, 0x00, 0x00, 0x00, 0x00, 0x00, 0x00,
        0x47, 0x00, 0x00, 0x00, 0x00, 0x00, 0x00, 0x00, 0x9C, 0x00, 0x00, 0x00, 0x00, 0x00, 0x00, 0x00,
    },
    // Tile 243
    {
        0x00, 0x00, 0x00, 0x00, 0x00, 0x00, 0x00, 0x3A, 0x00, 0x00, 0x00, 0x00, 0x00, 0x00, 0x00, 0x3A,
        0x00, 0x00, 0x00, 0x00, 0x00, 0x00, 0x00, 0x4C, 0x00, 0x00, 0x00, 0x00, 0x00, 0x00, 0x00, 0x39,
        0x00, 0x00, 0x00, 0x00, 0x00, 0x00, 0x00, 0x3A, 0x00, 0x00, 0x00, 0x00, 0x00, 0x12, 0x12, 0x62,
        0x00, 0x00, 0x00, 0x39, 0x2B, 0x12, 0x12, 0xA4, 0x00, 0x3A, 0x2E, 0x39, 0x2B, 0x1E, 0x12, 0xA3,
    },
    // Tile 244
    {
        0x3A, 0x52, 0x45, 0x45, 0x45, 0x45, 0x46, 0x53, 0x3A, 0x52, 0x46, 0x53, 0x59, 0x45, 0x53, 0x45,
        0x51, 0x53, 0x59, 0x59, 0x53, 0x45, 0x46, 0x45, 0x4C, 0x52, 0x53, 0x45, 0x45, 0x3B, 0x53, 0x85,
        0x4C, 0x52, 0x45, 0x45, 0x45, 0x70, 0x9E, 0xAD, 0x51, 0x45, 0x53, 0x70, 0x9E, 0xAD, 0xAD, 0xAD,
        0xA3, 0x84, 0x9C, 0xAD, 0xAD, 0xAD, 0x9E, 0x9E, 0xB6, 0xA9, 0xAD, 0xAD, 0xAA, 0xA9, 0x9C, 0x73,
    },
    // Tile 245
    {
        0x53, 0x45, 0x45, 0x45, 0x46, 0x53, 0x59, 0x4C, 0x45, 0x45, 0x45, 0x45, 0x53, 0x53, 0x53, 0x39,
        0x45, 0x46, 0x59, 0x59, 0x53, 0x45, 0x45, 0x4C, 0xA9, 0x59, 0x46, 0x45, 0x45, 0x45, 0x3B, 0x62,
        0xAD, 0x45, 0x45, 0x45, 0x45, 0x2F, 0x22, 0x62, 0x9E, 0x45, 0x45, 0x2F, 0x22, 0x20, 0x16, 0x4C,
        0x89, 0x45, 0x22, 0x20, 0x20, 0x16, 0x0A, 0x4C, 0x45, 0x22, 0x16, 0x16, 0x12, 0x0A, 0x0B, 0x93,
    },
    // Tile 246
    {
        0x4C, 0x4C, 0x4C, 0x39, 0x39, 0x4B, 0x4C, 0x3A, 0x4C, 0x4C, 0x4C, 0x51, 0x4C, 0x4B, 0x39, 0x4B,
        0x4B, 0x4B, 0x4C, 0x3A, 0x3A, 0x52, 0x62, 0x4C, 0x4C, 0x39, 0x39, 0x39, 0x4C, 0x4C, 0x51, 0x52,
        0x51, 0x4C, 0x4C, 0x39, 0x39, 0x3A, 0x3A, 0x3A, 0x4C, 0x4C, 0x51, 0x3A, 0x39, 0x39, 0x39, 0x39,
        0x39, 0x4B, 0x4C, 0x4C, 0x4C, 0x4C, 0x4C, 0x39, 0x78, 0x4C, 0x36, 0x4C, 0x4C, 0x4C, 0x61, 0x51,
    },
    // Tile 247
    {
        0x4C, 0x65, 0x7D, 0xA3, 0x93, 0xA3, 0xBD, 0x4C, 0x4C, 0x4C, 0x62, 0xB6, 0xA5, 0x93, 0xA9, 0x4C,
        0x39, 0x3A, 0x52, 0xA5, 0xA6, 0xB9, 0xBE, 0x4C, 0x51, 0x4C, 0x52, 0xA5, 0xB6, 0xB7, 0xBE, 0x62,
        0x4C, 0x62, 0x62, 0x93, 0xA5, 0xA5, 0xBE, 0x4C, 0x3A, 0x4C, 0x4C, 0x62, 0x91, 0xA5, 0xA9, 0x4C,
        0x39, 0x4C, 0x4C, 0x4C, 0x51, 0x66, 0x85, 0x4C, 0x39, 0x39, 0x39, 0x4C, 0x4C, 0x51, 0x52, 0x4C,
    },
    // Tile 248
    {
        0xB9, 0xBD, 0xAC, 0x3A, 0x3A, 0x3A, 0x3A, 0x3A, 0xA8, 0xB9, 0xB9, 0xCB, 0xCE, 0x3A, 0x3A, 0x3A,
        0xB9, 0xBA, 0xBA, 0xBA, 0xBA, 0xCB, 0xBD, 0x3A, 0xB6, 0xA5, 0xB9, 0xBA, 0xB9, 0xA8, 0xBA, 0xCD,
        0xA4, 0xA4, 0xA3, 0xB6, 0xBA, 0xBA, 0xBD, 0xBE, 0xA3, 0xA4, 0xA3, 0xA3, 0xA5, 0xB9, 0xB8, 0xBC,
        0x93, 0xA4, 0xA4, 0xA3, 0xA4, 0xB6, 0xB7, 0xB9, 0x7D, 0x93, 0x93, 0xA3, 0xA4, 0xB6, 0xA2, 0x92,
    },
    // Tile 249
    {
        0x3A, 0x3A, 0x3A, 0x3A, 0x3A, 0x3A, 0x3A, 0x44, 0x3A, 0x3A, 0x3A, 0x3A, 0x3A, 0x3A, 0x39, 0x39,
        0x3A, 0x3A, 0x3A, 0x3A, 0x39, 0x39, 0x39, 0x39, 0xAD, 0x3A, 0x3A, 0x39, 0x3A, 0x39, 0x3A, 0x39,
        0x9A, 0x9A, 0x3A, 0x39, 0x39, 0x3A, 0x3A, 0x3A, 0xA8, 0xB9, 0xBA, 0xCD, 0x3A, 0x3A, 0x3A, 0x3A,
        0xB9, 0xBD, 0xB9, 0xBA, 0xBA, 0xBA, 0x4C, 0x3A, 0xA5, 0xB9, 0xBA, 0xBA, 0xB9, 0xB9, 0xCB, 0xCB,
    },
    // Tile 250
    {
        0x13, 0x2C, 0x2D, 0x2F, 0x3A, 0x5A, 0x5C, 0x59, 0x3A, 0x2C, 0x13, 0x2B, 0x2C, 0x3A, 0x45, 0x5A,
        0x2C, 0x3A, 0x3A, 0x2C, 0x1F, 0x2B, 0x39, 0x3A, 0x39, 0x2C, 0x2C, 0x39, 0x3A, 0x2C, 0x2B, 0x2B,
        0x3A, 0x3A, 0x39, 0x39, 0x3A, 0x3A, 0x3A, 0x2B, 0x3A, 0x3A, 0x3A, 0x3A, 0x3A, 0x2E, 0x3A, 0x3A,
        0x3A, 0x3A, 0x3A, 0x3A, 0x3A, 0x39, 0x39, 0x39, 0x3A, 0x39, 0x39, 0x39, 0x3A, 0x3A, 0x3A, 0x36,
    },
    // Tile 251
    {
        0x3B, 0x3A, 0x3A, 0x3A, 0x3A, 0x3A, 0x52, 0x70, 0x5C, 0x5A, 0x52, 0x44, 0x52, 0x66, 0x7E, 0x94,
        0x53, 0x5B, 0x71, 0x70, 0x84, 0x84, 0x9A, 0x9A, 0x3A, 0x66, 0x84, 0x89, 0x9E, 0x9C, 0x9B, 0x9A,
        0x1F, 0x51, 0x7E, 0x94, 0x9B, 0x9E, 0x9E, 0x9E, 0x3A, 0x2C, 0x2B, 0x52, 0x84, 0x9B, 0xA6, 0xA9,
        0x3A, 0x3A, 0x3A, 0x2C, 0x2C, 0x66, 0x94, 0xA8, 0x39, 0x39, 0x3A, 0x3A, 0x3A, 0x3A, 0x2B, 0x59,
    },
    // Tile 252
    {
        0x13, 0x58, 0x84, 0x94, 0x9A, 0x9A, 0xA5, 0xA5, 0x2E, 0x2B, 0x13, 0x66, 0x93, 0x9A, 0xA5, 0xA5,
        0x45, 0x3A, 0x3A, 0x2C, 0x21, 0x66, 0x93, 0xA5, 0x5C, 0x70, 0x5A, 0x52, 0x3A, 0x2C, 0x1F, 0x63,
        0x3A, 0x52, 0x5A, 0x71, 0x5A, 0x52, 0x3A, 0x2B, 0x3A, 0x3A, 0x45, 0x53, 0x5D, 0x5D, 0x5A, 0x2F,
        0x3A, 0x51, 0x44, 0x3A, 0x3A, 0x45, 0x5C, 0x5D, 0x45, 0x3A, 0x3A, 0x3A, 0x3A, 0x39, 0x3A, 0x45,
    },
    // Tile 253
    {
        0xA5, 0xA5, 0xA5, 0xA6, 0x99, 0x9C, 0x95, 0x6A, 0xA6, 0xA6, 0xA5, 0xA6, 0x98, 0x80, 0x69, 0x57,
        0xA6, 0xA6, 0x94, 0x7E, 0x53, 0x31, 0x32, 0x3E, 0x93, 0x7E, 0x52, 0x3A, 0x3A, 0x3A, 0x3A, 0x3A,
        0x1F, 0x2C, 0x36, 0x3A, 0x3A, 0x39, 0x39, 0x3A, 0x37, 0x2C, 0x2B, 0x2B, 0x39, 0x3A, 0x3A, 0x3A,
        0x48, 0x3A, 0x3A, 0x2C, 0x2C, 0x2B, 0x39, 0x3A, 0x5B, 0x5C, 0x46, 0x3B, 0x3A, 0x2E, 0x2B, 0x2B,
    },
    // Tile 254
    {
        0x57, 0x7B, 0x80, 0x96, 0x96, 0x9A, 0xA5, 0xA5, 0x43, 0x4F, 0x6D, 0x97, 0x97, 0xA5, 0xA5, 0xA6,
        0x3F, 0x41, 0x42, 0x55, 0x6B, 0x95, 0xA6, 0xA6, 0x3A, 0x3A, 0x3A, 0x3A, 0x3A, 0x63, 0x7D, 0x84,
        0x3A, 0x3A, 0x3A, 0x3A, 0x3A, 0x3A, 0x2B, 0x2C, 0x3A, 0x3A, 0x3A, 0x3A, 0x2C, 0x2C, 0x2F, 0x3A,
        0x3A, 0x3A, 0x2C, 0x2C, 0x2C, 0x3A, 0x3A, 0x3A, 0x2B, 0x2B, 0x2C, 0x2F, 0x3A, 0x45, 0x3B, 0x3A,
    },
    // Tile 255
    {
        0xA5, 0xA5, 0xA5, 0xA5, 0x9A, 0x94, 0x5A, 0x16, 0xA6, 0xA6, 0xA6, 0x9A, 0x59, 0x1F, 0x2C, 0x2F,
        0xA6, 0x9A, 0x66, 0x21, 0x2C, 0x3A, 0x3A, 0x46, 0x59, 0x2C, 0x2C, 0x3A, 0x3A, 0x3A, 0x3A, 0x45,
        0x2C, 0x3A, 0x52, 0x3A, 0x3A, 0x3A, 0x3A, 0x3A, 0x3A, 0x3A, 0x5A, 0x5C, 0x45, 0x3A, 0x3A, 0x3A,
        0x3A, 0x3A, 0x45, 0x5A, 0x5C, 0x5C, 0x53, 0x3A, 0x3A, 0x3A, 0x3A, 0x3A, 0x44, 0x5A, 0x5D, 0x5C,
    },
    // Tile 256
    {
        0x86, 0x5E, 0x46, 0x3A, 0x3A, 0x3A, 0x3A, 0x3A, 0x94, 0x9C, 0x9C, 0x73, 0x5A, 0x3A, 0x3A, 0x3A,
        0x9A, 0x9A, 0x9A, 0x9B, 0x9C, 0x70, 0x51, 0x3A, 0x9A, 0x9A, 0x9A, 0x9A, 0x9B, 0x94, 0x66, 0x3A,
        0x9B, 0xA6, 0xA6, 0xA6, 0xA6, 0x93, 0x53, 0x2C, 0xA9, 0xA6, 0xA6, 0x94, 0x67, 0x2C, 0x2F, 0x3A,
        0xA8, 0x9A, 0x5A, 0x2C, 0x2E, 0x3A, 0x3A, 0x3A, 0x59, 0x2C, 0x2C, 0x39, 0x3A, 0x3A, 0x3A, 0x3A,
    },
    // Tile 257
    {
        0x3A, 0x45, 0x53, 0x3A, 0x3A, 0x3A, 0x2C, 0x1F, 0x3A, 0x3A, 0x3A, 0x3A, 0x2B, 0x1F, 0x2C, 0x3A,
        0x51, 0x3A, 0x2C, 0x21, 0x2C, 0x3A, 0x3A, 0x39, 0x2C, 0x2C, 0x2C, 0x3A, 0x3A, 0x3A, 0x3A, 0x3A,
        0x2C, 0x3A, 0x3A, 0x3A, 0x3A, 0x39, 0x3A, 0x3A, 0x3A, 0x3A, 0x3A, 0x3A, 0x3A, 0x3A, 0x39, 0x3A,
        0x3A, 0x3A, 0x39, 0x3A, 0x3A, 0x3A, 0x3A, 0x3A, 0x3A, 0x3A, 0x3A, 0x39, 0x39, 0x3A, 0x3A, 0x3A,
    },
    // Tile 258
    {
        0x3A, 0x3A, 0x3A, 0x3A, 0x3A, 0x3A, 0x3A, 0x44, 0x3A, 0x3A, 0x3A, 0x3A, 0x3A, 0x3A, 0x39, 0x39,
        0x3A, 0x3A, 0x3A, 0x3A, 0x39, 0x39, 0x39, 0x39, 0x3A, 0x3A, 0x3A, 0x39, 0x3A, 0x39, 0x3A, 0x39,
        0x36, 0x36, 0x3A, 0x39, 0x39, 0x3A, 0x3A, 0x3A, 0x3A, 0x36, 0x36, 0x39, 0x3A, 0x3A, 0x3A, 0x3A,
        0x39, 0x39, 0x3A, 0x39, 0x3A, 0x3A, 0x36, 0x2C, 0x39, 0x39, 0x39, 0x3A, 0x39, 0x2C, 0xA8, 0xA9,
    },
    // Tile 259
    {
        0x3A, 0x3A, 0x39, 0x39, 0x3A, 0x39, 0x3A, 0x3A, 0x39, 0x3A, 0x3A, 0x3A, 0x3A, 0x3A, 0x3A, 0x3A,
        0x3A, 0x3A, 0x3A, 0x3A, 0x3A, 0x3A, 0x2C, 0x2C, 0x3A, 0x3A, 0x3A, 0x3A, 0x2C, 0x2C, 0x2C, 0xD1,
        0x3A, 0x3A, 0x2C, 0x2C, 0xA8, 0xA8, 0xB9, 0xBE, 0x2C, 0x2C, 0xA8, 0xA8, 0xA9, 0xBA, 0xBD, 0xCE,
        0xA8, 0xA9, 0xBA, 0xBA, 0xBD, 0xBD, 0xBE, 0xAC, 0xA9, 0xA9, 0xBD, 0xBD, 0xBE, 0xBE, 0x9E, 0x73,
    },
    // Tile 260
    {
        0x3A, 0x3A, 0x3A, 0x2C, 0x1F, 0x9A, 0xA9, 0xBA, 0x2C, 0x2C, 0x2C, 0xAB, 0xB9, 0xBA, 0xBA, 0xBD,
        0x36, 0xA8, 0xBD, 0xBA, 0xBA, 0xBD, 0xBE, 0xBE, 0xBA, 0xBA, 0xBD, 0xBD, 0xBE, 0xBF, 0xAD, 0xAD,
        0xBA, 0xBD, 0xBE, 0xBE, 0xBE, 0xAD, 0xAD, 0xAD, 0xBF, 0xBD, 0xAD, 0xAD, 0xAD, 0xAD, 0xAD, 0xAD,
        0xA9, 0xBE, 0xAD, 0xAD, 0xAA, 0xA9, 0xA9, 0x9E, 0x5B, 0xAC, 0xAD, 0xA9, 0xA9, 0x9E, 0x89, 0x70,
    },
    // Tile 261
    {
        0x46, 0x52, 0x45, 0x45, 0x45, 0x45, 0x53, 0x59, 0x45, 0x52, 0x46, 0x53, 0x59, 0x46, 0x53, 0x45,
        0x46, 0x59, 0x59, 0x59, 0x53, 0x45, 0x45, 0x45, 0x59, 0x59, 0x46, 0x45, 0x45, 0x45, 0x45, 0x53,
        0x46, 0x53, 0x45, 0x45, 0x3B, 0x45, 0x47, 0x59, 0x45, 0x45, 0x45, 0x45, 0x59, 0x59, 0x46, 0x45,
        0x47, 0x52, 0x53, 0x53, 0x53, 0x46, 0x45, 0x3B, 0x9C, 0x52, 0x46, 0x46, 0x45, 0x45, 0x45, 0x2F,
    },
    // Tile 262
    {
        0x53, 0x46, 0x45, 0x45, 0x5A, 0x9B, 0xA9, 0xAD, 0x45, 0x45, 0x46, 0x70, 0x9E, 0xBE, 0xAD, 0xAD,
        0x46, 0x72, 0xA9, 0xAD, 0xAD, 0xAD, 0x9E, 0x9E, 0x67, 0xA9, 0xAD, 0xA9, 0xA9, 0x9E, 0x9E, 0x85,
        0x59, 0x9E, 0xAD, 0x9E, 0x9E, 0x85, 0x46, 0x2F, 0x59, 0x9B, 0x9E, 0x72, 0x45, 0x22, 0x20, 0x16,
        0x3B, 0x6F, 0x45, 0x22, 0x20, 0x16, 0x2B, 0x39, 0x2C, 0x22, 0x17, 0x16, 0x2B, 0x39, 0x3A, 0x39,
    },
    // Tile 263
    {
        0x9E, 0x00, 0x00, 0x00, 0x00, 0x00, 0x00, 0x00, 0x9E, 0x00, 0x00, 0x00, 0x00, 0x00, 0x00, 0x00,
        0x9C, 0x00, 0x00, 0x00, 0x00, 0x00, 0x00, 0x00, 0x45, 0x00, 0x00, 0x00, 0x00, 0x00, 0x00, 0x00,
        0x16, 0x00, 0x00, 0x00, 0x00, 0x00, 0x00, 0x00, 0x2C, 0x36, 0x36, 0x00, 0x00, 0x00, 0x00, 0x00,
        0x39, 0x39, 0x3A, 0x39, 0x3A, 0x00, 0x00, 0x00, 0x39, 0x39, 0x39, 0x3A, 0x39, 0x3A, 0x36, 0x00,
    },
    // Tile 264
    {
        0x2C, 0x3A, 0x3A, 0x3A, 0x3A, 0x1F, 0x12, 0x92, 0x0B, 0x15, 0x2B, 0x39, 0x3A, 0x2C, 0x12, 0x7C,
        0x00, 0x09, 0x12, 0x29, 0x36, 0x39, 0x11, 0x29, 0x00, 0x00, 0x00, 0x0B, 0x1E, 0x29, 0x29, 0x0B,
        0x00, 0x00, 0x00, 0x00, 0x00, 0x0B, 0x13, 0x1F, 0x00, 0x00, 0x00, 0x00, 0x00, 0x00, 0x00, 0x0B,
        0x00, 0x00, 0x00, 0x00, 0x00, 0x00, 0x00, 0x00, 0x00, 0x00, 0x00, 0x00, 0x00, 0x00, 0x00, 0x00,
    },
    // Tile 265
    {
        0xA4, 0xA8, 0x9E, 0xA9, 0x9E, 0x85, 0x3B, 0x22, 0x93, 0xA6, 0x9B, 0x85, 0x46, 0x22, 0x16, 0x13,
        0x3A, 0x6F, 0x46, 0x23, 0x22, 0x16, 0x2B, 0x39, 0x13, 0x22, 0x1F, 0x16, 0x2C, 0x39, 0x3A, 0x39,
        0x1F, 0x29, 0x2C, 0x39, 0x39, 0x3A, 0x3A, 0x3A, 0x12, 0x1E, 0x2B, 0x39, 0x3A, 0x3A, 0x3A, 0x3A,
        0x00, 0x0A, 0x12, 0x1E, 0x36, 0x3A, 0x4C, 0x3A, 0x00, 0x00, 0x00, 0x0A, 0x12, 0x1E, 0x2C, 0x3A,
    },
    // Tile 266
    {
        0x16, 0x16, 0x2B, 0x39, 0x2C, 0x12, 0x0B, 0xA6, 0x2B, 0x3A, 0x3A, 0x3A, 0x3A, 0x1F, 0x0B, 0xA6,
        0x3A, 0x3A, 0x3A, 0x3A, 0x3A, 0x2C, 0x12, 0x93, 0x3A, 0x3A, 0x3A, 0x3A, 0x3A, 0x3A, 0x1E, 0x3A,
        0x3A, 0x3A, 0x3A, 0x3A, 0x3A, 0x3A, 0x2B, 0x1E, 0x3A, 0x3A, 0x51, 0x51, 0x3B, 0x3A, 0x3A, 0x2B,
        0x51, 0x52, 0x45, 0x39, 0x3A, 0x3A, 0x3A, 0x3A, 0x3A, 0x3A, 0x2E, 0x39, 0x39, 0x39, 0x3A, 0x3A,
    },
    // Tile 267
    {
        0xA5, 0xA4, 0x91, 0x4B, 0x4B, 0x39, 0x4C, 0x4C, 0xA5, 0xB9, 0xB9, 0xA5, 0x7A, 0x4C, 0x39, 0x4B,
        0xA5, 0xB6, 0xA5, 0xB9, 0xB9, 0xA5, 0x66, 0x39, 0x79, 0xA3, 0xA4, 0xB5, 0xB6, 0xB6, 0xA5, 0x52,
        0x2B, 0x3A, 0x7D, 0xA3, 0xA4, 0xA4, 0x9A, 0x52, 0x13, 0x1F, 0x2C, 0x3A, 0x7D, 0x93, 0x93, 0x4C,
        0x3A, 0x2C, 0x13, 0x1E, 0x1F, 0x2E, 0x52, 0x39, 0x3A, 0x39, 0x3A, 0x2C, 0x1E, 0x1F, 0x2B, 0x1F,
    },
    // Tile 268
    {
        0x51, 0x4C, 0x4C, 0x4C, 0x39, 0x4C, 0x52, 0x4C, 0x4C, 0x4C, 0x52, 0x4C, 0x39, 0x39, 0x45, 0x39,
        0x39, 0x3A, 0x4C, 0x39, 0x4C, 0x4C, 0x52, 0x4C, 0x3A, 0x3A, 0x3A, 0x4B, 0x4B, 0x4C, 0x52, 0x62,
        0x4C, 0x4C, 0x3A, 0x3A, 0x4B, 0x4C, 0x52, 0x62, 0x4C, 0x4C, 0x4C, 0x4C, 0x4C, 0x4C, 0x45, 0x4C,
        0x3A, 0x4C, 0x4C, 0x4C, 0x4C, 0x61, 0x52, 0x4C, 0x36, 0x39, 0x39, 0x4B, 0x4B, 0x51, 0x53, 0x93,
    },
    // Tile 269
    {
        0x4C, 0x65, 0x7D, 0xA3, 0x93, 0xA3, 0xBD, 0x4C, 0x4C, 0x4C, 0x62, 0xB6, 0xA5, 0x93, 0xA9, 0x2B,
        0x39, 0x3A, 0x52, 0xA5, 0xA6, 0xB9, 0xBE, 0x1E, 0x51, 0x4C, 0x52, 0xA5, 0xB6, 0xB7, 0xBE, 0x1E,
        0x4C, 0x62, 0x62, 0x93, 0xA5, 0xA5, 0xBE, 0x1E, 0x3A, 0x4C, 0x4C, 0x62, 0x91, 0xA5, 0xA9, 0x1E,
        0x39, 0x4C, 0x4C, 0x4C, 0x51, 0x66, 0x85, 0x1E, 0x39, 0x39, 0x39, 0x4C, 0x4C, 0x51, 0x52, 0x1E,
    },
    // Tile 270
    {
        0x62, 0x91, 0xA5, 0xB9, 0xBA, 0xBA, 0xBA, 0xBA, 0x2B, 0x39, 0x62, 0x7C, 0xA4, 0xB9, 0xBA, 0xB9,
        0x1F, 0x39, 0x4B, 0x4C, 0x62, 0x91, 0xA4, 0xB8, 0x1F, 0x39, 0x4C, 0x4B, 0x4C, 0x4C, 0x79, 0xA4,
        0x1F, 0x3A, 0x4C, 0x4B, 0x4B, 0x4B, 0x79, 0xA4, 0x1F, 0x3A, 0x3A, 0x4C, 0x4C, 0x39, 0x65, 0xA3,
        0x1F, 0x3A, 0x39, 0x4C, 0x4C, 0x4C, 0x62, 0x93, 0x1F, 0x39, 0x39, 0x4C, 0x4C, 0x4C, 0x4C, 0x62,
    },
    // Tile 271
    {
        0xBA, 0xBA, 0xA9, 0x3A, 0x3A, 0x3A, 0x3A, 0x3A, 0xA8, 0xB9, 0xCB, 0xBA, 0xA9, 0x3A, 0x3A, 0x3A,
        0xB9, 0xBA, 0xB9, 0xB9, 0xBA, 0xB9, 0x3A, 0x3A, 0xA5, 0xA6, 0xA8, 0xB9, 0xA8, 0xB7, 0xB9, 0xA6,
        0xA4, 0xA5, 0xA5, 0xB9, 0xB9, 0xA8, 0xA9, 0xBA, 0xA5, 0xA5, 0xA5, 0xA4, 0xA5, 0xBA, 0xBF, 0xAC,
        0xA4, 0xA4, 0xA4, 0x91, 0x93, 0xB9, 0xBF, 0xA5, 0x92, 0x93, 0x7C, 0x2C, 0x3A, 0xA6, 0xBE, 0x62,
    },
    // Tile 272
    {
        0x3A, 0x3A, 0x3A, 0x3A, 0x3A, 0x3A, 0x3A, 0x44, 0x3A, 0x3A, 0x3A, 0x3A, 0x3A, 0x3A, 0x39, 0x39,
        0x3A, 0x3A, 0x3A, 0x3A, 0x39, 0x39, 0x39, 0x39, 0x3A, 0x3A, 0x3A, 0x39, 0x3A, 0x39, 0x3A, 0x39,
        0x94, 0x9A, 0x9B, 0x39, 0x39, 0x3A, 0x3A, 0x3A, 0xA8, 0xA8, 0xCB, 0xCD, 0xCD, 0x3A, 0x3A, 0x3A,
        0xB9, 0xBA, 0xB9, 0xBA, 0xBA, 0xB9, 0xA9, 0x3A, 0x91, 0xA5, 0xB9, 0xB9, 0xB9, 0xA8, 0xB9, 0xBA,
    },
    // Tile 273
    {
        0x3A, 0x3A, 0x39, 0x39, 0x3A, 0x39, 0x3A, 0x3A, 0x39, 0x3A, 0x3A, 0x3A, 0x3A, 0x3A, 0x3A, 0x3A,
        0x3A, 0x3A, 0x3A, 0x3A, 0x3A, 0x3A, 0x3A, 0x3A, 0x3A, 0x3A, 0x3A, 0x3A, 0x3A, 0x3A, 0x3A, 0x3A,
        0x3A, 0x3A, 0x3A, 0x3A, 0x3A, 0x3A, 0x3A, 0x3A, 0x3A, 0x3A, 0x51, 0x51, 0x3B, 0x3A, 0x3A, 0x3A,
        0x51, 0x52, 0x45, 0x39, 0x3A, 0x3A, 0x3A, 0x3A, 0xBB, 0x3A, 0x2E, 0x39, 0x39, 0x39, 0x3A, 0x3A,
    },
    // Tile 274
    {
        0x3A, 0x3A, 0x3A, 0x3A, 0x3A, 0x3A, 0x3A, 0x44, 0x3A, 0x3A, 0x3A, 0x3A, 0x3A, 0x3A, 0x39, 0x39,
        0x3A, 0x3A, 0x3A, 0x3A, 0x39, 0x39, 0x39, 0x39, 0x3A, 0x3A, 0x3A, 0x39, 0x3A, 0x39, 0x3A, 0x39,
        0x36, 0x36, 0x3A, 0x39, 0x39, 0x3A, 0x3A, 0x3A, 0x3A, 0x36, 0x36, 0x39, 0x3A, 0x3A, 0x3A, 0x3A,
        0x39, 0x39, 0x3A, 0x39, 0x3A, 0x2C, 0x36, 0x2C, 0x39, 0x39, 0x39, 0x3A, 0x2B, 0x2C, 0x29, 0xA8,
    },
    // Tile 275
    {
        0x3A, 0x3A, 0x39, 0x39, 0x3A, 0x39, 0x3A, 0x3A, 0x39, 0x3A, 0x3A, 0x3A, 0x3A, 0x3A, 0x3A, 0x3A,
        0x3A, 0x3A, 0x3A, 0x3A, 0x3A, 0x3A, 0x2C, 0x2C, 0x3A, 0x3A, 0x3A, 0x3A, 0x2C, 0x2C, 0xBC, 0xBD,
        0x3A, 0x2C, 0x2C, 0x2C, 0x2B, 0xA8, 0xA5, 0xA9, 0x2C, 0x2C, 0x2B, 0xB9, 0xA8, 0xB9, 0xBD, 0xCE,
        0x2B, 0xA8, 0xBA, 0xBA, 0xBA, 0xBD, 0xBE, 0xBE, 0xBD, 0xBA, 0xBA, 0xBD, 0xBE, 0xBE, 0xA9, 0x9B,
    },
    // Tile 276
    {
        0x3A, 0x3A, 0x3A, 0x2C, 0x93, 0xA8, 0xBA, 0xBA, 0x2C, 0x2C, 0xA8, 0xA8, 0xA8, 0xA9, 0xBD, 0xBE,
        0xBA, 0xBD, 0xBA, 0xA9, 0xBA, 0xBD, 0xBD, 0xAD, 0xA8, 0xBA, 0xBD, 0xBD, 0xBD, 0xAD, 0xAD, 0xAD,
        0xBA, 0xBE, 0xBE, 0xBE, 0xAD, 0xAD, 0xAD, 0xAD, 0xBF, 0xBE, 0xBF, 0xAD, 0xAE, 0xAD, 0xAD, 0xAD,
        0xAD, 0xBF, 0x9E, 0x85, 0x9C, 0x9E, 0x9E, 0x9E, 0x70, 0xBF, 0x70, 0x2C, 0x3B, 0x88, 0x85, 0x5A,
    },
    // Tile 277
    {
        0xBD, 0xBD, 0xBE, 0xBE, 0xA9, 0x89, 0x59, 0x3A, 0xBD, 0xAC, 0x9E, 0x85, 0x5A, 0x59, 0x2C, 0x1F,
        0xAC, 0x85, 0x5A, 0x53, 0x45, 0x46, 0x2C, 0x13, 0x9C, 0x59, 0x46, 0x45, 0x45, 0x45, 0x22, 0x13,
        0x9B, 0x45, 0x45, 0x45, 0x45, 0x53, 0x22, 0x15, 0x89, 0x45, 0x46, 0x59, 0x59, 0x45, 0x22, 0x15,
        0x70, 0x46, 0x53, 0x53, 0x45, 0x45, 0x21, 0x1E, 0x53, 0x46, 0x45, 0x46, 0x45, 0x45, 0x22, 0x1E,
    },
    // Tile 278
    {
        0x3B, 0xA9, 0xAA, 0xA9, 0x9E, 0x72, 0x5A, 0x53, 0x20, 0xA9, 0xAD, 0xBF, 0xAD, 0x5A, 0x53, 0x46,
        0x16, 0xBD, 0xBF, 0xC1, 0xAD, 0x5A, 0x46, 0x45, 0x16, 0xBD, 0xAD, 0xAD, 0xA9, 0x53, 0x45, 0x53,
        0x1F, 0xBD, 0x9E, 0x9E, 0x85, 0x59, 0x59, 0x53, 0x20, 0xA9, 0x9E, 0x85, 0x5A, 0x59, 0x45, 0x45,
        0x1F, 0x84, 0x5A, 0x59, 0x46, 0x46, 0x45, 0x45, 0x1F, 0x65, 0x46, 0x45, 0x45, 0x45, 0x45, 0x46,
    },
    // Tile 279
    {
        0x9E, 0x52, 0x45, 0x45, 0x45, 0x2F, 0x22, 0x20, 0x9E, 0x3B, 0x3B, 0x2F, 0x22, 0x22, 0x20, 0x0E,
        0x9C, 0x3A, 0x23, 0x22, 0x22, 0x16, 0x2B, 0x39, 0x45, 0x1F, 0x16, 0x16, 0x2C, 0x39, 0x3A, 0x39,
        0x16, 0x1C, 0x2C, 0x39, 0x39, 0x3A, 0x3A, 0x3A, 0x2C, 0x36, 0x36, 0x39, 0x3A, 0x3A, 0x3A, 0x3A,
        0x39, 0x39, 0x3A, 0x39, 0x3A, 0x3A, 0x4C, 0x3A, 0x39, 0x39, 0x39, 0x3A, 0x39, 0x3A, 0x36, 0x3A,
    },
    // Tile 280
    {
        0x16, 0x16, 0x2B, 0x39, 0x3A, 0x39, 0x3A, 0x3A, 0x2B, 0x3A, 0x3A, 0x3A, 0x3A, 0x3A, 0x3A, 0x3A,
        0x3A, 0x3A, 0x3A, 0x3A, 0x3A, 0x3A, 0x3A, 0x3A, 0x3A, 0x3A, 0x3A, 0x3A, 0x3A, 0x3A, 0x3A, 0x3A,
        0x3A, 0x3A, 0x3A, 0x3A, 0x3A, 0x3A, 0x3A, 0x2E, 0x3A, 0x3A, 0x51, 0x51, 0x3B, 0x2F, 0x22, 0x16,
        0x51, 0x52, 0x45, 0x2F, 0x19, 0x0E, 0x0B, 0x00, 0x3A, 0x2C, 0x22, 0x14, 0x08, 0x00, 0x00, 0x00,
    },
    // Tile 281
    {
        0x3A, 0x3A, 0x3A, 0x3A, 0x3A, 0x3A, 0x3B, 0x2D, 0x3A, 0x3A, 0x3A, 0x44, 0x3A, 0x2F, 0x21, 0x16,
        0x4C, 0x44, 0x3A, 0x2D, 0x1F, 0x16, 0x0C, 0x00, 0x3A, 0x2C, 0x1F, 0x16, 0x16, 0x00, 0x00, 0x00,
        0x22, 0x14, 0x0E, 0x00, 0x00, 0x00, 0x00, 0x00, 0x0C, 0x00, 0x00, 0x00, 0x00, 0x00, 0x00, 0x00,
        0x00, 0x00, 0x00, 0x00, 0x00, 0x00, 0x00, 0x00, 0x00, 0x00, 0x00, 0x00, 0x00, 0x00, 0x00, 0x00,
    },
    // Tile 282
    {
        0x2C, 0x3A, 0x3A, 0x3A, 0x3A, 0x3A, 0x3A, 0x3A, 0x0B, 0x15, 0x2B, 0x39, 0x3A, 0x3A, 0x3A, 0x3A,
        0x00, 0x09, 0x12, 0x29, 0x36, 0x39, 0x3A, 0x3A, 0x00, 0x00, 0x00, 0x0B, 0x1E, 0x29, 0x36, 0x39,
        0x00, 0x00, 0x00, 0x00, 0x00, 0x0B, 0x13, 0x1F, 0x00, 0x00, 0x00, 0x00, 0x00, 0x00, 0x00, 0x0B,
        0x00, 0x00, 0x00, 0x00, 0x00, 0x00, 0x00, 0x00, 0x00, 0x00, 0x00, 0x00, 0x00, 0x00, 0x00, 0x00,
    },
    // Tile 283
    {
        0x3A, 0x3A, 0x3A, 0x3A, 0x3A, 0x2B, 0x1E, 0x1F, 0x3A, 0x3A, 0x3A, 0x3A, 0x3A, 0x3A, 0x39, 0x2B,
        0x3A, 0x3A, 0x3A, 0x3A, 0x39, 0x39, 0x39, 0x39, 0x3A, 0x3A, 0x3A, 0x39, 0x3A, 0x39, 0x3A, 0x39,
        0x2C, 0x36, 0x3A, 0x39, 0x39, 0x3A, 0x3A, 0x3A, 0x12, 0x1E, 0x2B, 0x39, 0x3A, 0x3A, 0x3A, 0x3A,
        0x00, 0x0A, 0x12, 0x1E, 0x36, 0x3A, 0x4C, 0x3A, 0x00, 0x00, 0x00, 0x0A, 0x12, 0x1E, 0x2C, 0x3A,
    },
    // Tile 284
    {
        0x1F, 0x1F, 0x39, 0x39, 0x4B, 0x4C, 0x52, 0xA6, 0x12, 0x1E, 0x2B, 0x2B, 0x39, 0x4B, 0x52, 0xA6,
        0x3A, 0x2C, 0x1E, 0x1E, 0x1E, 0x2B, 0x3A, 0x93, 0x3A, 0x3A, 0x3A, 0x2C, 0x12, 0x1E, 0x22, 0x3A,
        0x3A, 0x3A, 0x3A, 0x3A, 0x2C, 0x2C, 0x15, 0x1E, 0x3A, 0x3A, 0x51, 0x51, 0x3B, 0x3A, 0x3A, 0x2B,
        0x51, 0x52, 0x45, 0x39, 0x3A, 0x3A, 0x3A, 0x3A, 0x3A, 0x3A, 0x2E, 0x39, 0x39, 0x39, 0x3A, 0x3A,
    },
    // Tile 285
    {
        0x51, 0x4C, 0x4C, 0x4C, 0x39, 0x4C, 0x52, 0x1E, 0x4C, 0x4C, 0x52, 0x4C, 0x39, 0x39, 0x45, 0x1E,
        0x39, 0x3A, 0x4C, 0x39, 0x4C, 0x4C, 0x52, 0x1E, 0x3A, 0x3A, 0x3A, 0x4B, 0x4B, 0x4C, 0x52, 0x1F,
        0x4C, 0x4C, 0x3A, 0x3A, 0x4B, 0x4C, 0x52, 0x1F, 0x4C, 0x4C, 0x4C, 0x4C, 0x4C, 0x4C, 0x45, 0x1E,
        0x3A, 0x4C, 0x4C, 0x4C, 0x4C, 0x61, 0x52, 0x1E, 0x36, 0x39, 0x39, 0x4B, 0x4B, 0x51, 0x1E, 0x1E,
    },
    // Tile 286
    {
        0x1F, 0x3A, 0x3A, 0x39, 0x39, 0x4C, 0x4C, 0x3A, 0x1F, 0x3A, 0x4C, 0x3A, 0x39, 0x39, 0x4B, 0x4C,
        0x1F, 0x3A, 0x4C, 0x3A, 0x3A, 0x4C, 0x4C, 0x4B, 0x1F, 0x39, 0x4C, 0x4C, 0x4C, 0x4C, 0x52, 0x51,
        0x1F, 0x39, 0x4C, 0x39, 0x39, 0x4C, 0x51, 0x51, 0x1F, 0x39, 0x4C, 0x4C, 0x4C, 0x3A, 0x39, 0x39,
        0x1F, 0x39, 0x3A, 0x51, 0x4C, 0x3A, 0x3A, 0x39, 0x16, 0x39, 0x3A, 0x4C, 0x4C, 0x4C, 0x4C, 0x4C,
    },
    // Tile 287
    {
        0x4C, 0x65, 0x4B, 0x1F, 0x3A, 0xA6, 0xAC, 0x4C, 0x39, 0x39, 0x28, 0x1E, 0x2C, 0xA6, 0xA9, 0x4C,
        0x39, 0x35, 0x1B, 0x1E, 0x2C, 0xA9, 0xBE, 0x4C, 0x4B, 0x2B, 0x12, 0x13, 0x2C, 0xA5, 0xAD, 0x62,
        0x51, 0x38, 0x12, 0x1E, 0x22, 0x94, 0xAD, 0x4C, 0x3A, 0x39, 0x1B, 0x1E, 0x22, 0x7E, 0xA9, 0x4C,
        0x39, 0x38, 0x1B, 0x1E, 0x1F, 0x53, 0x89, 0x4C, 0x39, 0x39, 0x1B, 0x1E, 0x20, 0x3A, 0x66, 0x4C,
    },
    // Tile 288
    {
        0xB9, 0xBD, 0xAC, 0x3A, 0x3A, 0x3A, 0x3A, 0x3A, 0xA8, 0xB9, 0xB9, 0xCB, 0xCE, 0x3A, 0x3A, 0x3A,
        0xB9, 0xBA, 0xBA, 0xBA, 0xBA, 0xCB, 0xBD, 0x3A, 0xB6, 0xA5, 0xB9, 0xBA, 0xB9, 0xA8, 0xBA, 0xCD,
        0xA4, 0xA4, 0xA3, 0xB6, 0xBA, 0xBA, 0xBD, 0xBE, 0xA3, 0xA4, 0xA3, 0xA3, 0xA5, 0xB9, 0xBE, 0xAC,
        0x93, 0xA4, 0xA4, 0xA3, 0xA4, 0xB6, 0xBE, 0xA5, 0x7D, 0x93, 0x93, 0xA3, 0xA4, 0xB6, 0xBA, 0x62,
    },
    // Tile 289
    {
        0x3A, 0x3A, 0x3A, 0x3A, 0x3A, 0x3A, 0x3A, 0x44, 0x3A, 0x3A, 0x3A, 0x3A, 0x3A, 0x3A, 0x39, 0x39,
        0x3A, 0x3A, 0x3A, 0x3A, 0x39, 0x39, 0x39, 0x39, 0xAD, 0x3A, 0x3A, 0x39, 0x3A, 0x39, 0x3A, 0x39,
        0x94, 0x9A, 0x9B, 0x39, 0x39, 0x3A, 0x3A, 0x3A, 0xA8, 0xA8, 0xCB, 0xCD, 0xCD, 0x3A, 0x3A, 0x3A,
        0xB9, 0xBA, 0xB9, 0xBA, 0xBA, 0xB9, 0xA9, 0x3A, 0x91, 0xA5, 0xB9, 0xB9, 0xB9, 0xA8, 0xB9, 0xBA,
    },
    // Tile 290
    {
        0x3A, 0x3A, 0x39, 0x39, 0x3A, 0x39, 0x3A, 0x3A, 0x39, 0x3A, 0x3A, 0x3A, 0x3A, 0x3A, 0x3A, 0x3A,
        0x3A, 0x3A, 0x3A, 0x3A, 0x3A, 0x3A, 0x2C, 0x2C, 0x3A, 0x3A, 0x3A, 0x3A, 0x2C, 0x2C, 0x2C, 0xD1,
        0x3A, 0x3A, 0x2C, 0x2C, 0x2C, 0xA8, 0xA5, 0xA9, 0x2C, 0x2C, 0x39, 0xB9, 0xA8, 0xB9, 0xBD, 0xCE,
        0x39, 0xA8, 0xBA, 0xBA, 0xBA, 0xBD, 0xBE, 0xBE, 0xBD, 0xBA, 0xBA, 0xBD, 0xBE, 0xBE, 0xA9, 0x9B,
    },
    // Tile 291
    {
        0x46, 0xBE, 0x70, 0x1F, 0x22, 0x59, 0x59, 0x46, 0x46, 0xAC, 0x5A, 0x1E, 0x1F, 0x3B, 0x45, 0x45,
        0x46, 0xCF, 0x70, 0x1E, 0x1F, 0x3A, 0x45, 0x45, 0x46, 0xBE, 0x6F, 0x1E, 0x1F, 0x2F, 0x53, 0x59,
        0x3B, 0xA9, 0x5A, 0x1E, 0x16, 0x3B, 0x59, 0x59, 0x46, 0x9B, 0x45, 0x1F, 0x1F, 0x3B, 0x45, 0x46,
        0x46, 0x59, 0x2C, 0x1F, 0x1F, 0x2F, 0x45, 0x45, 0x5A, 0x52, 0x22, 0x1E, 0x1F, 0x2F, 0x46, 0x59,
    },
    // Tile 292
    {
        0x45, 0x45, 0x45, 0x45, 0x46, 0x46, 0x22, 0x15, 0x45, 0x45, 0x45, 0x53, 0x59, 0x53, 0x22, 0x15,
        0x45, 0x53, 0x53, 0x53, 0x46, 0x46, 0x21, 0x1E, 0x45, 0x45, 0x46, 0x45, 0x45, 0x45, 0x1F, 0x1E,
        0x45, 0x45, 0x46, 0x45, 0x45, 0x59, 0x1F, 0x1E, 0x3B, 0x3B, 0x53, 0x59, 0x59, 0x59, 0x1F, 0x15,
        0x45, 0x59, 0x59, 0x59, 0x45, 0x52, 0x1F, 0x15, 0x59, 0x53, 0x46, 0x46, 0x45, 0x45, 0x1F, 0x15,
    },
    // Tile 293
    {
        0x16, 0x52, 0x45, 0x45, 0x45, 0x45, 0x53, 0x59, 0x1F, 0x52, 0x46, 0x53, 0x59, 0x46, 0x53, 0x45,
        0x1F, 0x59, 0x59, 0x59, 0x53, 0x45, 0x45, 0x45, 0x20, 0x59, 0x46, 0x45, 0x45, 0x45, 0x45, 0x53,
        0x16, 0x53, 0x45, 0x45, 0x3B, 0x45, 0x47, 0x59, 0x16, 0x45, 0x45, 0x45, 0x59, 0x59, 0x46, 0x45,
        0x16, 0x52, 0x53, 0x53, 0x53, 0x46, 0x45, 0x3B, 0x16, 0x0E, 0x46, 0x46, 0x45, 0x45, 0x45, 0x2F,
    },
    // Tile 294
    {
        0x1F, 0x1F, 0x39, 0x39, 0x4B, 0x4C, 0x1C, 0x1E, 0x12, 0x1E, 0x2B, 0x2B, 0x39, 0x4B, 0x12, 0x1E,
        0x3A, 0x2C, 0x1E, 0x1E, 0x1E, 0x2B, 0x12, 0x1E, 0x3A, 0x3A, 0x3A, 0x2C, 0x12, 0x1E, 0x13, 0x1E,
        0x3A, 0x3A, 0x3A, 0x3A, 0x2C, 0x1F, 0x13, 0x1E, 0x3A, 0x3A, 0x51, 0x51, 0x3B, 0x2C, 0x12, 0x15,
        0x51, 0x52, 0x45, 0x39, 0x3A, 0x3A, 0x2C, 0x12, 0x3A, 0x3A, 0x2E, 0x39, 0x39, 0x39, 0x3A, 0x3A,
    },
    // Tile 295
    {
        0x16, 0x52, 0x52, 0x4C, 0x4C, 0x4B, 0x4C, 0x4C, 0x16, 0x7D, 0xA8, 0x92, 0x62, 0x4B, 0x39, 0x4B,
        0x16, 0x7D, 0xA6, 0xB9, 0xB6, 0x92, 0x52, 0x39, 0x15, 0x7D, 0xA3, 0xB6, 0xB8, 0xB9, 0x93, 0x39,
        0x15, 0x52, 0x93, 0xA4, 0xB6, 0xB6, 0x93, 0x4C, 0x1F, 0x2B, 0x39, 0x79, 0xA5, 0xB7, 0x93, 0x51,
        0x13, 0x13, 0x13, 0x1F, 0x39, 0x66, 0x7D, 0x4B, 0x3A, 0x39, 0x2C, 0x12, 0x1E, 0x2C, 0x2C, 0x2C,
    },
    // Tile 296
    {
        0x3A, 0x36, 0x1B, 0x1E, 0x1F, 0x3A, 0x53, 0x4C, 0x4C, 0x39, 0x1B, 0x1E, 0x1F, 0x3A, 0x45, 0x39,
        0x39, 0x35, 0x1B, 0x1E, 0x21, 0x3A, 0x45, 0x4C, 0x39, 0x28, 0x12, 0x1E, 0x1F, 0x3A, 0x59, 0x62,
        0x4C, 0x28, 0x12, 0x1E, 0x1F, 0x3A, 0x53, 0x62, 0x4B, 0x2A, 0x1B, 0x13, 0x1F, 0x3A, 0x52, 0x4C,
        0x39, 0x35, 0x1B, 0x13, 0x16, 0x3A, 0x53, 0x4C, 0x2B, 0x2A, 0x12, 0x15, 0x16, 0x3A, 0x59, 0x93,
    },
    // Tile 297
    {
        0x86, 0x5E, 0x46, 0x3A, 0x3A, 0x3A, 0x3A, 0x3A, 0x94, 0x9C, 0x9C, 0x73, 0x5A, 0x3A, 0x3A, 0x3A,
        0x9A, 0x9A, 0x9A, 0x9B, 0x86, 0x5A, 0x51, 0x2C, 0x9A, 0x84, 0x83, 0x83, 0x70, 0x7D, 0x52, 0x2C,
        0x9B, 0x94, 0x93, 0x67, 0x52, 0x3A, 0x20, 0x13, 0x9B, 0x94, 0x93, 0x52, 0x1F, 0x0A, 0x0B, 0x12,
        0xA8, 0x84, 0x46, 0x13, 0x12, 0x0B, 0x0A, 0x0B, 0x59, 0x2B, 0x1F, 0x22, 0x1F, 0x13, 0x0B, 0x0B,
    },
    // Tile 298
    {
        0x3A, 0x45, 0x53, 0x3A, 0x3A, 0x3A, 0x2C, 0x16, 0x3A, 0x3A, 0x3A, 0x3A, 0x2B, 0x1F, 0x2C, 0x2F,
        0x51, 0x3A, 0x2C, 0x21, 0x2C, 0x3A, 0x3A, 0x46, 0x1F, 0x2C, 0x2C, 0x3A, 0x3A, 0x3A, 0x3A, 0x45,
        0x1F, 0x2C, 0x3A, 0x3A, 0x3A, 0x3A, 0x3A, 0x3A, 0x1E, 0x2B, 0x46, 0x5C, 0x45, 0x3A, 0x3A, 0x3A,
        0x12, 0x1F, 0x2C, 0x46, 0x5C, 0x5C, 0x53, 0x3A, 0x12, 0x1F, 0x2B, 0x2C, 0x44, 0x5A, 0x5D, 0x5C,
    },
    // Tile 299
    {
        0x46, 0x52, 0x2C, 0x1E, 0x1F, 0x2F, 0x59, 0x46, 0x45, 0x52, 0x22, 0x1E, 0x1F, 0x3A, 0x45, 0x45,
        0x46, 0x52, 0x21, 0x1E, 0x16, 0x2F, 0x45, 0x45, 0x59, 0x53, 0x1F, 0x1E, 0x16, 0x22, 0x45, 0x46,
        0x46, 0x52, 0x1F, 0x1E, 0x16, 0x22, 0x45, 0x53, 0x45, 0x52, 0x1F, 0x1E, 0x16, 0x22, 0x45, 0x45,
        0x47, 0x45, 0x1F, 0x15, 0x16, 0x22, 0x45, 0x45, 0x9C, 0x52, 0x21, 0x1E, 0x1F, 0x22, 0x3A, 0x2E,
    },
    // Tile 300
    {
        0x45, 0x45, 0x45, 0x46, 0x73, 0x89, 0x22, 0x15, 0x45, 0x46, 0x67, 0x9B, 0xAD, 0xA9, 0x2F, 0x15,
        0x53, 0x9B, 0xAD, 0xAA, 0xAD, 0xA9, 0x3A, 0x1E, 0x70, 0xA9, 0xAD, 0xAD, 0xAD, 0x9E, 0x2E, 0x1F,
        0x6F, 0x9E, 0xAD, 0x9E, 0x89, 0x5A, 0x21, 0x1F, 0x70, 0x9C, 0x89, 0x5A, 0x2F, 0x16, 0x13, 0x13,
        0x45, 0x46, 0x24, 0x16, 0x16, 0x2C, 0x2B, 0x0D, 0x16, 0x17, 0x16, 0x2B, 0x39, 0x39, 0x3A, 0x39,
    },
    // Tile 301
    {
        0x16, 0x0E, 0x45, 0x45, 0x45, 0x2F, 0x22, 0x20, 0x16, 0x0E, 0x3B, 0x2F, 0x22, 0x22, 0x20, 0x0E,
        0x16, 0x0E, 0x23, 0x22, 0x22, 0x16, 0x2B, 0x39, 0x16, 0x0E, 0x16, 0x16, 0x2C, 0x39, 0x3A, 0x39,
        0x16, 0x0D, 0x2C, 0x39, 0x39, 0x3A, 0x3A, 0x3A, 0x16, 0x07, 0x36, 0x39, 0x3A, 0x3A, 0x3A, 0x3A,
        0x0E, 0x2B, 0x3A, 0x39, 0x3A, 0x3A, 0x4C, 0x3A, 0x39, 0x39, 0x39, 0x3A, 0x39, 0x3A, 0x36, 0x3A,
    },
    // Tile 302
    {
        0x3A, 0x3A, 0x3A, 0x3A, 0x2C, 0x12, 0x1E, 0x1F, 0x3A, 0x3A, 0x3A, 0x3A, 0x3A, 0x3A, 0x2B, 0x13,
        0x3A, 0x3A, 0x3A, 0x3A, 0x39, 0x39, 0x39, 0x39, 0x3A, 0x3A, 0x3A, 0x39, 0x3A, 0x39, 0x3A, 0x39,
        0x2C, 0x36, 0x3A, 0x39, 0x39, 0x3A, 0x3A, 0x3A, 0x12, 0x1E, 0x2B, 0x39, 0x3A, 0x3A, 0x3A, 0x3A,
        0x00, 0x0A, 0x12, 0x1E, 0x36, 0x3A, 0x4C, 0x3A, 0x00, 0x00, 0x00, 0x0A, 0x12, 0x1E, 0x2C, 0x3A,
    },
    // Tile 303
    {
        0x1E, 0x1E, 0x12, 0x1E, 0x1F, 0x3A, 0x53, 0xA6, 0x1E, 0x13, 0x1E, 0x1E, 0x16, 0x39, 0x52, 0xA6,
        0x2C, 0x0B, 0x1E, 0x1E, 0x16, 0x2B, 0x3A, 0x93, 0x3A, 0x2C, 0x13, 0x1F, 0x1F, 0x1F, 0x1F, 0x3A,
        0x3A, 0x3A, 0x2C, 0x13, 0x13, 0x1E, 0x15, 0x1E, 0x3A, 0x3A, 0x51, 0x51, 0x3B, 0x3A, 0x3A, 0x2B,
        0x51, 0x52, 0x45, 0x39, 0x3A, 0x3A, 0x3A, 0x3A, 0x3A, 0x3A, 0x3A, 0x3A, 0x3A, 0x3A, 0x3A, 0x3A,
    },
    // Tile 304
    {
        0xB9, 0xBD, 0xAC, 0x3A, 0x3A, 0x3A, 0x3A, 0x3A, 0xA8, 0xB9, 0xB9, 0xCB, 0xCE, 0x3A, 0x3A, 0x3A,
        0xB9, 0xBA, 0xBA, 0xBA, 0xBA, 0xCB, 0xBD, 0x3A, 0xB6, 0xA5, 0xB9, 0xBA, 0xB9, 0xA8, 0xBA, 0xCD,
        0xA4, 0xA4, 0xA3, 0xB6, 0xBA, 0xBA, 0xBD, 0xBE, 0xA3, 0xA4, 0xA3, 0xA3, 0xA5, 0xB9, 0xBE, 0xA8,
        0x93, 0xA4, 0xA4, 0xA3, 0xA4, 0xB6, 0xBE, 0x93, 0x7D, 0x93, 0x93, 0xA3, 0xA4, 0xB6, 0xBA, 0x61,
    },
    // Tile 305
    {
        0x3A, 0x3A, 0x3A, 0x3A, 0x3A, 0x3A, 0x3A, 0x44, 0x3A, 0x3A, 0x3A, 0x3A, 0x3A, 0x3A, 0x39, 0x39,
        0x3A, 0x3A, 0x3A, 0x3A, 0x39, 0x39, 0x39, 0x39, 0xAD, 0x3A, 0x3A, 0x39, 0x3A, 0x39, 0x3A, 0x39,
        0x85, 0xA8, 0xA8, 0xA8, 0x39, 0x3A, 0x3A, 0x3A, 0xA8, 0xBA, 0xBA, 0xCB, 0xCD, 0xBA, 0x3A, 0x3A,
        0xA5, 0xB9, 0xBA, 0xBD, 0xBA, 0xBA, 0xBA, 0xA8, 0x79, 0x92, 0xA5, 0xCD, 0xBD, 0xBA, 0xB9, 0xB9,
    },
    // Tile 306
    {
        0x3A, 0x3A, 0x39, 0x39, 0x3A, 0x39, 0x3A, 0x3A, 0x39, 0x3A, 0x3A, 0x3A, 0x3A, 0x3A, 0x3A, 0x3A,
        0x3A, 0x3A, 0x3A, 0x3A, 0x3A, 0x3A, 0x3A, 0x3A, 0x3A, 0x3A, 0x3A, 0x3A, 0x3A, 0x3A, 0x3A, 0x3A,
        0x3A, 0x3A, 0x3A, 0x3A, 0x3A, 0x3A, 0x3A, 0x2C, 0x3A, 0x3A, 0x51, 0x51, 0x3B, 0x2C, 0x2F, 0x3A,
        0x51, 0x52, 0x45, 0x2C, 0x2E, 0x3A, 0x3A, 0x3A, 0xCB, 0xBA, 0x2C, 0x39, 0x3A, 0x3A, 0x3A, 0x3A,
    },
    // Tile 307
    {
        0x13, 0x2C, 0x2D, 0x22, 0x2B, 0x23, 0x17, 0x13, 0x3A, 0x2C, 0x13, 0x2B, 0x1F, 0x1F, 0x16, 0x0E,
        0x2C, 0x3A, 0x3A, 0x2C, 0x1F, 0x1E, 0x1E, 0x12, 0x39, 0x2C, 0x2C, 0x39, 0x3A, 0x2C, 0x1E, 0x12,
        0x3A, 0x3A, 0x39, 0x39, 0x3A, 0x3A, 0x2C, 0x12, 0x3A, 0x3A, 0x3A, 0x3A, 0x3A, 0x2E, 0x3A, 0x2C,
        0x3A, 0x3A, 0x3A, 0x3A, 0x3A, 0x39, 0x39, 0x2B, 0x3A, 0x39, 0x39, 0x39, 0x3A, 0x3A, 0x3A, 0x36,
    },
    // Tile 308
    {
        0x13, 0x1E, 0x2C, 0x2C, 0x3A, 0x3A, 0x52, 0x70, 0x16, 0x16, 0x2C, 0x2E, 0x52, 0x66, 0x7E, 0x94,
        0x0B, 0x18, 0x30, 0x5A, 0x6F, 0x84, 0x9A, 0x9A, 0x0B, 0x12, 0x1F, 0x48, 0x89, 0x9C, 0x9B, 0x9A,
        0x04, 0x12, 0x13, 0x2C, 0x70, 0x9E, 0x9E, 0x9E, 0x12, 0x05, 0x04, 0x13, 0x59, 0x85, 0xA6, 0xA9,
        0x1F, 0x12, 0x0A, 0x05, 0x13, 0x3A, 0x94, 0xA8, 0x2B, 0x12, 0x0A, 0x0A, 0x0A, 0x1E, 0x1E, 0x59,
    },
    // Tile 309
    {
        0x3A, 0x3A, 0x3A, 0x3A, 0x3A, 0x3A, 0x3A, 0x44, 0x3A, 0x3A, 0x3A, 0x3A, 0x3A, 0x3A, 0x39, 0x39,
        0x3A, 0x3A, 0x3A, 0x3A, 0x39, 0x39, 0x39, 0x39, 0x3A, 0x3A, 0x3A, 0x39, 0x3A, 0x39, 0x3A, 0x39,
        0x1F, 0x36, 0x3A, 0x39, 0x39, 0x3A, 0x3A, 0x3A, 0x3A, 0x2C, 0x2B, 0x39, 0x3A, 0x3A, 0x3A, 0x3A,
        0x3A, 0x3A, 0x3A, 0x2C, 0x2C, 0x3A, 0x36, 0x2C, 0x39, 0x39, 0x3A, 0x3A, 0x3A, 0x2C, 0x1E, 0x1F,
    },
    // Tile 310
    {
        0x3A, 0x3A, 0x39, 0x39, 0x3A, 0x39, 0x3A, 0x3A, 0x39, 0x3A, 0x3A, 0x3A, 0x3A, 0x3A, 0x3A, 0x3A,
        0x3A, 0x3A, 0x3A, 0x3A, 0x3A, 0x3A, 0x2C, 0x2C, 0x3A, 0x3A, 0x3A, 0x3A, 0x2C, 0x2C, 0x2C, 0xD1,
        0x3A, 0x3A, 0x2C, 0x2C, 0x2C, 0x2B, 0x9A, 0x9E, 0x2C, 0x2C, 0x39, 0x2B, 0xA8, 0xA9, 0xA9, 0xBA,
        0x39, 0x2C, 0x9A, 0xA9, 0xBA, 0xBA, 0xBD, 0xBE, 0xA9, 0xAC, 0xBA, 0xBA, 0xBD, 0xCE, 0xBE, 0xA9,
    },
    // Tile 311
    {
        0x3A, 0x3A, 0x3A, 0x2C, 0x1F, 0x9A, 0xA9, 0xBA, 0x2C, 0x2C, 0x2C, 0xAB, 0xB9, 0xBA, 0xBA, 0xBD,
        0x36, 0xA8, 0xBD, 0xBA, 0xBA, 0xBD, 0xBE, 0xBE, 0xBA, 0xBA, 0xBD, 0xBD, 0xBE, 0xBF, 0xAD, 0xAD,
        0xBA, 0xBD, 0xBE, 0xBE, 0xBE, 0xAD, 0xAD, 0xAD, 0xBE, 0x9B, 0xAD, 0xAD, 0xAD, 0xAD, 0xAD, 0xAD,
        0xBE, 0x89, 0xAD, 0xAD, 0xAA, 0xA9, 0xA9, 0x9E, 0x89, 0x6F, 0xAD, 0xA9, 0xA9, 0x9E, 0x89, 0x70,
    },
    // Tile 312
    {
        0x9E, 0x45, 0x21, 0x15, 0x1F, 0x1F, 0x22, 0x16, 0x9E, 0x45, 0x2B, 0x1E, 0x16, 0x16, 0x0F, 0x07,
        0x9C, 0x22, 0x1F, 0x1E, 0x1F, 0x16, 0x2B, 0x39, 0x45, 0x1F, 0x15, 0x1E, 0x16, 0x0E, 0x3A, 0x39,
        0x16, 0x1C, 0x2C, 0x12, 0x14, 0x3A, 0x3A, 0x3A, 0x2C, 0x36, 0x36, 0x39, 0x3A, 0x3A, 0x3A, 0x3A,
        0x39, 0x39, 0x3A, 0x39, 0x3A, 0x3A, 0x4C, 0x3A, 0x39, 0x39, 0x39, 0x3A, 0x39, 0x3A, 0x36, 0x3A,
    },
    // Tile 313
    {
        0x2C, 0x3A, 0x3A, 0x3A, 0x3A, 0x3A, 0x52, 0x66, 0x0A, 0x15, 0x2C, 0x3A, 0x52, 0x7D, 0x94, 0xA5,
        0x00, 0x0A, 0x13, 0x2C, 0x65, 0x93, 0xA5, 0xA5, 0x00, 0x00, 0x00, 0x0B, 0x1E, 0x3A, 0x7C, 0x93,
        0x00, 0x00, 0x00, 0x00, 0x00, 0x0A, 0x13, 0x36, 0x00, 0x00, 0x00, 0x00, 0x00, 0x00, 0x00, 0x0B,
        0x00, 0x00, 0x00, 0x00, 0x00, 0x00, 0x00, 0x00, 0x00, 0x00, 0x00, 0x00, 0x00, 0x00, 0x00, 0x00,
    },
    // Tile 314
    {
        0x66, 0x52, 0x3A, 0x3A, 0x3A, 0x2B, 0x1E, 0x1F, 0xA5, 0x94, 0x7D, 0x52, 0x52, 0x6F, 0x93, 0x83,
        0xA5, 0xA5, 0x94, 0x66, 0x59, 0x93, 0x9A, 0xA6, 0x93, 0x6F, 0x52, 0x3A, 0x3A, 0x52, 0x7D, 0x94,
        0x3A, 0x3A, 0x3A, 0x3A, 0x3A, 0x3A, 0x3A, 0x51, 0x12, 0x1E, 0x2B, 0x3A, 0x44, 0x3A, 0x3A, 0x3A,
        0x00, 0x0A, 0x11, 0x1E, 0x2C, 0x39, 0x3A, 0x3A, 0x00, 0x00, 0x00, 0x0A, 0x12, 0x1E, 0x2C, 0x3A,
    },
    // Tile 315
    {
        0x1F, 0x1F, 0x39, 0x39, 0x4B, 0x4C, 0x52, 0xA6, 0x12, 0x1E, 0x2B, 0x2B, 0x39, 0x4B, 0x52, 0xA6,
        0xA6, 0x93, 0x1E, 0x1E, 0x1E, 0x2B, 0x3A, 0x93, 0x94, 0x7D, 0x52, 0x2C, 0x12, 0x1E, 0x22, 0x3A,
        0x3A, 0x3A, 0x3A, 0x3A, 0x2C, 0x2E, 0x15, 0x1E, 0x3A, 0x3A, 0x3A, 0x44, 0x45, 0x3A, 0x3A, 0x2B,
        0x51, 0x52, 0x45, 0x39, 0x3A, 0x3A, 0x3A, 0x3A, 0x3A, 0x3A, 0x2E, 0x39, 0x39, 0x39, 0x3A, 0x3A,
    },
    // Tile 316
    {
        0x4C, 0x65, 0x7D, 0xA3, 0x93, 0xA3, 0xBD, 0x39, 0x4C, 0x4C, 0x62, 0xB6, 0xA5, 0x93, 0xA9, 0x4C,
        0x39, 0x3A, 0x52, 0xA5, 0xA6, 0xB9, 0xBE, 0x51, 0x51, 0x4C, 0x52, 0xA5, 0xB6, 0xB7, 0xBE, 0x52,
        0x4C, 0x62, 0x62, 0x93, 0xA5, 0xA5, 0xBE, 0x52, 0x3A, 0x4C, 0x4C, 0x62, 0x91, 0xA5, 0xA9, 0x5A,
        0x39, 0x4C, 0x4C, 0x4C, 0x51, 0x66, 0x85, 0x70, 0x39, 0x39, 0x39, 0x4C, 0x4C, 0x51, 0x52, 0x45,
    },
    // Tile 317
    {
        0x4C, 0x4C, 0x65, 0x92, 0xA5, 0xBA, 0xBD, 0xBA, 0x4B, 0x39, 0x4B, 0x51, 0x65, 0x91, 0xA4, 0xB9,
        0x4C, 0x39, 0x4C, 0x4C, 0x4C, 0x61, 0x65, 0x92, 0x51, 0x51, 0x4C, 0x39, 0x4C, 0x4B, 0x4C, 0x91,
        0x4C, 0x52, 0x52, 0x51, 0x4C, 0x39, 0x3A, 0x91, 0xAF, 0xD6, 0x73, 0x3A, 0x51, 0x51, 0x3A, 0x79,
        0xD9, 0xE6, 0xDA, 0x52, 0x4B, 0x4C, 0x4C, 0x66, 0xC5, 0xDC, 0xD8, 0x5A, 0x39, 0x51, 0x66, 0x65,
    },
    // Tile 318
    {
        0xB9, 0xBA, 0xCD, 0xBE, 0x3A, 0x3A, 0x3A, 0x3A, 0xBA, 0xB9, 0xB9, 0xBD, 0xCE, 0xD1, 0x3A, 0x3A,
        0xA5, 0xB9, 0xBA, 0xCD, 0xBA, 0xCD, 0xD2, 0xBE, 0xA4, 0xA4, 0xA5, 0xB9, 0xBA, 0xBA, 0xBD, 0xCE,
        0xA5, 0xA5, 0xA5, 0xA5, 0xA5, 0xBA, 0xBD, 0xBE, 0xA3, 0xA5, 0xA5, 0xB6, 0xB6, 0xA5, 0xB8, 0xBC,
        0x93, 0xA3, 0xA5, 0xA5, 0xA5, 0xB6, 0xB7, 0xB9, 0x65, 0x92, 0x93, 0xA3, 0xA4, 0xA5, 0xA2, 0x92,
    },
    // Tile 319
    {
        0x3A, 0x3A, 0x3A, 0x3A, 0x39, 0x3A, 0x3A, 0x3A, 0x3A, 0x3A, 0x3A, 0x3A, 0x3A, 0x3A, 0x2C, 0x39,
        0x3A, 0x3A, 0x3A, 0x3A, 0x3A, 0x3A, 0x3A, 0x3A, 0xD3, 0xAD, 0x3A, 0x3A, 0x3A, 0x3A, 0x3A, 0x3A,
        0x9A, 0x9A, 0x36, 0x3A, 0x3A, 0x3A, 0x3A, 0x3A, 0xA8, 0xB9, 0xBA, 0xCD, 0x39, 0x3A, 0x3A, 0x4C,
        0xB9, 0xBD, 0xB9, 0xBA, 0xBA, 0xBA, 0x3A, 0x3A, 0xA5, 0xB9, 0xBA, 0xBA, 0xB9, 0xB9, 0xCB, 0xCB,
    },
    // Tile 320
    {
        0x3A, 0x3A, 0x3A, 0x3A, 0x39, 0x3A, 0x3A, 0x3A, 0x3A, 0x3A, 0x3A, 0x3A, 0x3A, 0x3A, 0x2C, 0x39,
        0x3A, 0x3A, 0x3A, 0x3A, 0x3A, 0x3A, 0x3A, 0x3A, 0x39, 0x3A, 0x3A, 0x3A, 0x3A, 0x3A, 0x3A, 0x3A,
        0x36, 0x2B, 0x36, 0x3A, 0x3A, 0x3A, 0x3A, 0x3A, 0x3A, 0x36, 0x36, 0x2B, 0x39, 0x3A, 0x3A, 0x4C,
        0x39, 0x39, 0x3A, 0x39, 0x3A, 0x2C, 0x3A, 0x2C, 0x39, 0x39, 0x39, 0x3A, 0x39, 0x2C, 0xA8, 0xA9,
    },
    // Tile 321
    {
        0x3A, 0x39, 0x36, 0x2C, 0x39, 0x3A, 0x3A, 0x3A, 0x39, 0x3A, 0x3A, 0x3A, 0x3A, 0x3A, 0x3A, 0x3A,
        0x3A, 0x3A, 0x3A, 0x3A, 0x3A, 0x3A, 0x4C, 0x39, 0x3A, 0x3A, 0x3A, 0x3A, 0x3A, 0x36, 0x2C, 0x2C,
        0x3A, 0x3A, 0x3A, 0x2C, 0xA8, 0xA8, 0xB9, 0xBE, 0x3A, 0x36, 0xA8, 0xA8, 0xA9, 0xBA, 0xBD, 0xCE,
        0xA8, 0xA9, 0xBA, 0xBA, 0xBD, 0xBD, 0xBE, 0xAC, 0xA9, 0xA9, 0xBD, 0xBD, 0xBE, 0xBE, 0x9E, 0x73,
    },
    // Tile 322
    {
        0x3A, 0x3A, 0x3A, 0x3A, 0x1F, 0x1F, 0xA8, 0xA9, 0x4C, 0x2C, 0x2C, 0x2C, 0xB9, 0xBD, 0xBA, 0xBA,
        0x36, 0x2C, 0xA8, 0xBA, 0xBA, 0xBD, 0xBD, 0xBE, 0xBD, 0xBA, 0xBD, 0xBD, 0xBD, 0xBD, 0xBE, 0xAD,
        0xBA, 0xBD, 0xCE, 0xCE, 0xBE, 0xAD, 0xAD, 0xAD, 0xBF, 0xBA, 0xBD, 0xAD, 0xAD, 0xAD, 0xAD, 0xAD,
        0xA9, 0xCD, 0xAC, 0xAD, 0xAD, 0xAA, 0xA9, 0x9E, 0x5B, 0xB9, 0xAD, 0xAD, 0xAA, 0xA9, 0x9E, 0x89,
    },
    // Tile 323
    {
        0xBA, 0xBA, 0xBD, 0xBE, 0xBE, 0xAD, 0x89, 0x70, 0xBD, 0xBE, 0xBE, 0xA9, 0x89, 0x70, 0x59, 0x45,
        0xBE, 0xAD, 0x9B, 0x70, 0x53, 0x46, 0x45, 0x45, 0xAD, 0x85, 0x59, 0x45, 0x45, 0x45, 0x45, 0x46,
        0xAD, 0x70, 0x45, 0x45, 0x45, 0x46, 0x59, 0x59, 0xA9, 0x70, 0x45, 0x59, 0x59, 0x45, 0x59, 0x53,
        0x9E, 0x70, 0x59, 0x59, 0x59, 0x45, 0x53, 0x45, 0x72, 0x5A, 0x59, 0x46, 0x53, 0x45, 0x45, 0x53,
    },
    // Tile 324
    {
        0x46, 0x45, 0xAA, 0xA9, 0x9E, 0x72, 0x5A, 0x53, 0x45, 0x3A, 0xAD, 0xBF, 0xAD, 0x5A, 0x53, 0x46,
        0x45, 0x3B, 0xBF, 0xC1, 0xAD, 0x5A, 0x46, 0x45, 0x53, 0x45, 0xAD, 0xAD, 0xA9, 0x53, 0x45, 0x53,
        0x59, 0x45, 0x9E, 0x9E, 0x85, 0x59, 0x59, 0x53, 0x45, 0x45, 0x9E, 0x85, 0x5A, 0x59, 0x45, 0x45,
        0x45, 0x45, 0x5A, 0x59, 0x46, 0x46, 0x45, 0x45, 0x59, 0x65, 0x46, 0x45, 0x45, 0x45, 0x45, 0x46,
    },
    // Tile 325
    {
        0x1F, 0x1F, 0x39, 0x39, 0x4B, 0x4C, 0x52, 0xA6, 0x12, 0x1E, 0x2B, 0x2B, 0x39, 0x4B, 0x52, 0xA6,
        0x3A, 0x2C, 0x1E, 0x1E, 0x1E, 0x2B, 0x3A, 0x93, 0x3A, 0x3A, 0x3A, 0x2C, 0x12, 0x1E, 0x22, 0x3A,
        0x3A, 0x3A, 0x3A, 0x3A, 0x2C, 0x2C, 0x15, 0x1E, 0x3A, 0x3A, 0x51, 0x51, 0x3B, 0x2C, 0x2F, 0x2B,
        0x51, 0x52, 0x45, 0x2C, 0x2E, 0x3A, 0x3A, 0x3A, 0x3A, 0x2C, 0x2C, 0x39, 0x3A, 0x3A, 0x3A, 0x3A,
    },
    // Tile 326
    {
        0x51, 0x4C, 0x4C, 0x4C, 0x39, 0x4C, 0x52, 0x39, 0x4C, 0x4C, 0x52, 0x4C, 0x39, 0x39, 0x45, 0x2C,
        0x39, 0x3A, 0x4C, 0x39, 0x4C, 0x4C, 0x52, 0x51, 0x3A, 0x3A, 0x3A, 0x4B, 0x4B, 0x4C, 0x52, 0x51,
        0x4C, 0x4C, 0x3A, 0x3A, 0x4B, 0x4C, 0x52, 0x51, 0x4C, 0x4C, 0x4C, 0x4C, 0x4C, 0x4C, 0x45, 0x52,
        0x3A, 0x4C, 0x4C, 0x4C, 0x4C, 0x61, 0x52, 0x66, 0x36, 0x39, 0x39, 0x4B, 0x4B, 0x51, 0x53, 0xA5,
    },
    // Tile 327
    {
        0x8C, 0xB2, 0x8B, 0x52, 0x52, 0xB1, 0xE0, 0xC7, 0x3A, 0x52, 0x4C, 0x4C, 0x52, 0xC7, 0xE3, 0xE1,
        0x4C, 0x4B, 0x4B, 0x3A, 0x3A, 0x8B, 0xD7, 0xDB, 0x62, 0x4C, 0x39, 0x39, 0x39, 0x3A, 0x72, 0x59,
        0x4C, 0x4C, 0x52, 0x3A, 0x39, 0x3A, 0x39, 0x3A, 0x4C, 0x4C, 0x4C, 0x51, 0x52, 0x51, 0x39, 0x4C,
        0x51, 0x39, 0x4C, 0x51, 0x3A, 0x4C, 0x51, 0x4C, 0xA4, 0x79, 0x51, 0x4C, 0x39, 0x4C, 0x4C, 0x51,
    },
    // Tile 328
    {
        0x3A, 0x51, 0x79, 0xA3, 0xA4, 0xA3, 0xA5, 0x4C, 0x5C, 0x39, 0x4C, 0xA5, 0xCB, 0xB9, 0xA6, 0x2B,
        0x59, 0x39, 0x5A, 0xD5, 0xD4, 0xBD, 0xCE, 0x1E, 0x4C, 0x52, 0xA0, 0xE3, 0xE2, 0xC2, 0xBA, 0x1E,
        0x39, 0x39, 0x8D, 0xE0, 0xE3, 0xC3, 0xA8, 0x1E, 0x39, 0x39, 0x59, 0xB0, 0xC6, 0x9D, 0x9A, 0x1E,
        0x39, 0x39, 0x39, 0x4C, 0x52, 0x51, 0x67, 0x1E, 0x61, 0x4C, 0x4B, 0x4B, 0x4B, 0x4B, 0x4C, 0x1E,
    },
    // Tile 329
    {
        0x3B, 0xB9, 0xAD, 0xAD, 0xA9, 0x9B, 0x70, 0x59, 0x20, 0xA5, 0xAC, 0xAD, 0xAD, 0x70, 0x53, 0x53,
        0x16, 0xBA, 0xAD, 0xAD, 0xAD, 0x70, 0x46, 0x45, 0x16, 0xA6, 0xAD, 0xAD, 0xAD, 0x70, 0x45, 0x46,
        0x1F, 0xA6, 0xAD, 0x9E, 0x9E, 0x70, 0x59, 0x59, 0x20, 0xA5, 0xA9, 0x9B, 0x85, 0x5A, 0x53, 0x46,
        0x1F, 0x92, 0x70, 0x5A, 0x53, 0x45, 0x45, 0x45, 0x1F, 0x51, 0x53, 0x45, 0x45, 0x45, 0x45, 0x45,
    },
    // Tile 330
    {
        0x53, 0x46, 0x46, 0x45, 0x45, 0x45, 0x59, 0x59, 0x45, 0x45, 0x45, 0x45, 0x53, 0x59, 0x59, 0x46,
        0x45, 0x45, 0x45, 0x53, 0x53, 0x46, 0x45, 0x45, 0x47, 0x45, 0x59, 0x46, 0x45, 0x45, 0x45, 0x46,
        0x59, 0x45, 0x46, 0x45, 0x45, 0x46, 0x59, 0x59, 0x45, 0x3B, 0x45, 0x45, 0x46, 0x53, 0x59, 0x45,
        0x45, 0x45, 0x46, 0x59, 0x59, 0x45, 0x46, 0x45, 0x59, 0x59, 0x53, 0x53, 0x53, 0x45, 0x53, 0x5A,
    },
    // Tile 331
    {
        0x53, 0x45, 0x45, 0x45, 0x45, 0x45, 0x53, 0x59, 0x46, 0x52, 0x46, 0x53, 0x59, 0x46, 0x53, 0x45,
        0x46, 0x45, 0x59, 0x59, 0x53, 0x45, 0x45, 0x45, 0x53, 0x58, 0x46, 0x45, 0x45, 0x45, 0x45, 0x53,
        0x53, 0x45, 0x45, 0x45, 0x3B, 0x45, 0x47, 0x59, 0x45, 0x45, 0x45, 0x45, 0x59, 0x59, 0x46, 0x45,
        0x45, 0x3A, 0x53, 0x53, 0x53, 0x46, 0x45, 0x3B, 0x72, 0x52, 0x46, 0x46, 0x45, 0x45, 0x45, 0x2F,
    },
    // Tile 332
    {
        0x9E, 0x52, 0x45, 0x45, 0x45, 0x2F, 0x22, 0x20, 0x9E, 0x3B, 0x3B, 0x2F, 0x22, 0x22, 0x20, 0x0E,
        0x9C, 0x3A, 0x23, 0x22, 0x22, 0x16, 0x2B, 0x39, 0x45, 0x1F, 0x16, 0x16, 0x2C, 0x39, 0x3A, 0x39,
        0x16, 0x1C, 0x2C, 0x39, 0x39, 0x3A, 0x3A, 0x3A, 0x2C, 0x2C, 0x2B, 0x39, 0x3A, 0x3A, 0x3A, 0x3A,
        0x3A, 0x3A, 0x3A, 0x2C, 0x2C, 0x3A, 0x4C, 0x3A, 0x39, 0x39, 0x3A, 0x3A, 0x3A, 0x3A, 0x2B, 0x3A,
    },
    // Tile 333
    {
        0x13, 0x2C, 0x2C, 0x3A, 0x3A, 0x3A, 0x3A, 0x3A, 0x06, 0x0D, 0x1E, 0x2B, 0x39, 0x3A, 0x3A, 0x3A,
        0x00, 0x04, 0x12, 0x13, 0x1E, 0x2B, 0x39, 0x3A, 0x00, 0x00, 0x00, 0x0B, 0x12, 0x1C, 0x1E, 0x2B,
        0x00, 0x00, 0x00, 0x00, 0x00, 0x0B, 0x12, 0x1C, 0x00, 0x00, 0x00, 0x00, 0x00, 0x00, 0x00, 0x0B,
        0x00, 0x00, 0x00, 0x00, 0x00, 0x00, 0x00, 0x00, 0x00, 0x00, 0x00, 0x00, 0x00, 0x00, 0x00, 0x00,
    },
    // Tile 334
    {
        0x3A, 0x3A, 0x3A, 0x3A, 0x39, 0x2B, 0x1E, 0x1F, 0x3A, 0x3A, 0x3A, 0x3A, 0x3A, 0x3A, 0x2C, 0x2B,
        0x3A, 0x3A, 0x3A, 0x3A, 0x3A, 0x3A, 0x3A, 0x3A, 0x39, 0x3A, 0x3A, 0x3A, 0x3A, 0x3A, 0x3A, 0x3A,
        0x1E, 0x2B, 0x36, 0x3A, 0x3A, 0x3A, 0x3A, 0x3A, 0x12, 0x12, 0x1C, 0x2B, 0x39, 0x3A, 0x3A, 0x4C,
        0x00, 0x0B, 0x12, 0x1C, 0x1F, 0x2C, 0x3A, 0x3A, 0x00, 0x00, 0x00, 0x0A, 0x0B, 0x12, 0x1E, 0x2C,
    },
    // Tile 335
    {
        0x1F, 0x1F, 0x39, 0x39, 0x4B, 0x4C, 0x52, 0xB8, 0x12, 0x1E, 0x2B, 0x2B, 0x39, 0x4B, 0x52, 0xA5,
        0x3A, 0x2C, 0x1E, 0x1E, 0x1E, 0x2B, 0x3A, 0x7D, 0x3A, 0x3A, 0x3A, 0x2C, 0x12, 0x1E, 0x22, 0x1F,
        0x3A, 0x3A, 0x3A, 0x3A, 0x36, 0x2B, 0x15, 0x0B, 0x3A, 0x4C, 0x4C, 0x3A, 0x2C, 0x3A, 0x3A, 0x3A,
        0x51, 0x3A, 0x2C, 0x39, 0x3A, 0x3A, 0x3A, 0x3A, 0x2C, 0x3A, 0x2E, 0x39, 0x39, 0x39, 0x3A, 0x3A,
    },
    // Tile 336
    {
        0xA5, 0xB9, 0xB6, 0x91, 0x4C, 0x39, 0x4B, 0x4C, 0xA5, 0xA5, 0xB7, 0xB9, 0xA5, 0x79, 0x39, 0x39,
        0x93, 0xA5, 0xA5, 0xA5, 0xA5, 0xB8, 0x93, 0x62, 0x3A, 0x91, 0xA3, 0xA4, 0xB6, 0xA5, 0xA5, 0x79,
        0x1F, 0x36, 0x51, 0x91, 0xA3, 0xA4, 0xA4, 0x79, 0x2C, 0x1C, 0x1F, 0x2C, 0x4C, 0x7D, 0xA3, 0x79,
        0x3A, 0x3A, 0x2C, 0x13, 0x1F, 0x21, 0x36, 0x39, 0x3A, 0x39, 0x3A, 0x3A, 0x1F, 0x13, 0x1E, 0x1F,
    },
    // Tile 337
    {
        0x4C, 0x51, 0x4C, 0x4C, 0x39, 0x39, 0x51, 0x1E, 0x4C, 0x4C, 0x4C, 0x3A, 0x4C, 0x4C, 0x3A, 0x1E,
        0x39, 0x39, 0x4C, 0x3A, 0x3A, 0x51, 0x62, 0x1E, 0x51, 0x51, 0x3A, 0x4C, 0x4B, 0x4C, 0x4C, 0x1F,
        0x4C, 0x51, 0x62, 0x4C, 0x39, 0x39, 0x3A, 0x1F, 0x4C, 0x4C, 0x4C, 0x4C, 0x51, 0x4C, 0x3A, 0x1E,
        0x4C, 0x4C, 0x4C, 0x4B, 0x4C, 0x62, 0x65, 0x1E, 0x1F, 0x39, 0x39, 0x4B, 0x4C, 0x4C, 0x1E, 0x1E,
    },
    // Tile 338
    {
        0x3A, 0x3A, 0x3A, 0x3A, 0x39, 0x3A, 0x3A, 0x3A, 0x3A, 0x3A, 0x3A, 0x3A, 0x3A, 0x3A, 0x2C, 0x39,
        0x3A, 0x3A, 0x3A, 0x3A, 0x3A, 0x3A, 0x3A, 0x3A, 0x39, 0x3A, 0x3A, 0x3A, 0x3A, 0x3A, 0x3A, 0x3A,
        0x36, 0x2B, 0x36, 0x3A, 0x3A, 0x3A, 0x3A, 0x3A, 0x3A, 0x36, 0x36, 0x2B, 0x39, 0x3A, 0x3A, 0x36,
        0x39, 0x39, 0x3A, 0x39, 0x3A, 0x2C, 0x3A, 0x2C, 0x39, 0x39, 0x39, 0x3A, 0x39, 0x3A, 0x29, 0x1F,
    },
    // Tile 339
    {
        0x3A, 0x39, 0x36, 0x2C, 0x2B, 0x2C, 0x2C, 0x2C, 0x39, 0x3A, 0x2C, 0x2C, 0x2C, 0x2C, 0x2C, 0x2B,
        0x3A, 0x2C, 0x2C, 0x2B, 0x1F, 0x1F, 0x29, 0x1E, 0x2C, 0x2C, 0x2B, 0x1F, 0x13, 0x1C, 0x12, 0x0B,
        0x2C, 0x2B, 0x1F, 0x13, 0x11, 0x12, 0x12, 0x0B, 0x2C, 0x29, 0x1C, 0x12, 0x0A, 0x12, 0x15, 0x1F,
        0x2B, 0x1E, 0x05, 0x0B, 0x12, 0x1F, 0x1F, 0x2C, 0x1E, 0x0B, 0x05, 0x12, 0x1F, 0x2B, 0x2C, 0x2C,
    },
    // Tile 340
    {
        0x3A, 0x3A, 0x3A, 0x3A, 0x3A, 0x3A, 0x2C, 0x1F, 0x2B, 0x2C, 0x2C, 0x2C, 0x2C, 0x1F, 0x2C, 0x3A,
        0x1C, 0x1E, 0x1E, 0x15, 0x1F, 0x2C, 0x3A, 0x39, 0x0B, 0x0A, 0x0B, 0x13, 0x1F, 0x2C, 0x2C, 0x3A,
        0x12, 0x12, 0x0A, 0x0A, 0x0A, 0x12, 0x1F, 0x2C, 0x1F, 0x1F, 0x13, 0x12, 0x0A, 0x05, 0x12, 0x13,
        0x2C, 0x2C, 0x2B, 0x1F, 0x1E, 0x0B, 0x05, 0x05, 0x3A, 0x3A, 0x3A, 0x2B, 0x2B, 0x1E, 0x05, 0x04,
    },
    // Tile 341
    {
        0x13, 0x3A, 0x3A, 0x3A, 0x3A, 0x3A, 0x3A, 0x3A, 0x3A, 0x2C, 0x13, 0x39, 0x3A, 0x3A, 0x3A, 0x3A,
        0x2C, 0x3A, 0x3A, 0x2C, 0x1F, 0x39, 0x3A, 0x3A, 0x39, 0x2C, 0x2C, 0x39, 0x3A, 0x2C, 0x2B, 0x39,
        0x2C, 0x3A, 0x39, 0x39, 0x3A, 0x3A, 0x3A, 0x2B, 0x1F, 0x2C, 0x3A, 0x3A, 0x3A, 0x2E, 0x3A, 0x3A,
        0x13, 0x2B, 0x2C, 0x3A, 0x3A, 0x39, 0x39, 0x39, 0x05, 0x12, 0x2B, 0x39, 0x3A, 0x3A, 0x3A, 0x36,
    },
    // Tile 342
    {
        0x3A, 0x3A, 0x3A, 0x3A, 0x3A, 0x3A, 0x3A, 0x44, 0x3A, 0x3A, 0x3A, 0x3A, 0x3A, 0x3A, 0x39, 0x39,
        0x3A, 0x3A, 0x3A, 0x3A, 0x39, 0x39, 0x2B, 0x2B, 0x3A, 0x3A, 0x3A, 0x39, 0x3A, 0x39, 0x3A, 0x1E,
        0x36, 0x36, 0x3A, 0x39, 0x39, 0x3A, 0x2C, 0x1F, 0x3A, 0x36, 0x36, 0x39, 0x3A, 0x3A, 0x3A, 0x1F,
        0x39, 0x39, 0x3A, 0x39, 0x3A, 0x3A, 0x4C, 0x2B, 0x39, 0x39, 0x39, 0x3A, 0x39, 0x3A, 0x36, 0x2C,
    },
    // Tile 343
    {
        0x3A, 0x3A, 0x39, 0x39, 0x3A, 0x39, 0x3A, 0x3A, 0x2B, 0x2C, 0x2C, 0x2C, 0x2C, 0x2C, 0x3A, 0x3A,
        0x1F, 0x1F, 0x1E, 0x1E, 0x1F, 0x2B, 0x2C, 0x2C, 0x1F, 0x13, 0x12, 0x12, 0x12, 0x13, 0x1F, 0x2B,
        0x13, 0x0B, 0x0A, 0x0A, 0x12, 0x12, 0x13, 0x13, 0x12, 0x0A, 0x04, 0x12, 0x14, 0x12, 0x13, 0x13,
        0x1E, 0x0A, 0x05, 0x12, 0x1E, 0x2B, 0x13, 0x13, 0x1E, 0x05, 0x04, 0x12, 0x2B, 0x2C, 0x2C, 0x1F,
    },
    // Tile 344
    {
        0x3A, 0x3A, 0x3A, 0x3A, 0x3A, 0x3A, 0x3B, 0x1F, 0x3A, 0x3A, 0x3A, 0x44, 0x3A, 0x1F, 0x2C, 0x3A,
        0x4C, 0x44, 0x3A, 0x21, 0x2C, 0x3A, 0x3A, 0x39, 0x2C, 0x2C, 0x2C, 0x3A, 0x3A, 0x3A, 0x3A, 0x3A,
        0x1F, 0x2C, 0x2C, 0x3A, 0x3A, 0x39, 0x3A, 0x3A, 0x1F, 0x2B, 0x2C, 0x3A, 0x3A, 0x3A, 0x39, 0x3A,
        0x13, 0x1F, 0x2B, 0x2C, 0x2C, 0x3A, 0x3A, 0x3A, 0x13, 0x13, 0x13, 0x2B, 0x2B, 0x2C, 0x3A, 0x3A,
    },
    // Tile 345
    {
        0x16, 0x51, 0x45, 0x45, 0x45, 0x45, 0x53, 0x59, 0x1F, 0x3A, 0x45, 0x53, 0x59, 0x53, 0x53, 0x46,
        0x1F, 0x52, 0x46, 0x59, 0x59, 0x45, 0x46, 0x45, 0x20, 0x51, 0x46, 0x46, 0x46, 0x3B, 0x45, 0x45,
        0x16, 0x3A, 0x45, 0x45, 0x45, 0x3A, 0x45, 0x59, 0x16, 0x3A, 0x45, 0x45, 0x53, 0x59, 0x59, 0x53,
        0x16, 0x51, 0x53, 0x46, 0x59, 0x53, 0x45, 0x45, 0x16, 0x0E, 0x53, 0x53, 0x53, 0x46, 0x45, 0x3B,
    },
    // Tile 346
    {
        0x59, 0x46, 0x46, 0x45, 0x45, 0x53, 0x88, 0xA9, 0x45, 0x45, 0x45, 0x46, 0x84, 0xA9, 0xBE, 0xAD,
        0x45, 0x5A, 0x89, 0x9E, 0xAD, 0xAD, 0xA9, 0x9E, 0x53, 0x9B, 0xBF, 0xAD, 0xA9, 0x9E, 0x9E, 0x89,
        0x59, 0x89, 0xAD, 0xA9, 0x9E, 0x9C, 0x70, 0x45, 0x59, 0x85, 0x9E, 0x89, 0x5C, 0x2F, 0x22, 0x16,
        0x45, 0x5B, 0x70, 0x2F, 0x22, 0x16, 0x16, 0x2C, 0x2F, 0x22, 0x16, 0x16, 0x14, 0x2C, 0x3A, 0x3A,
    },
    // Tile 347
    {
        0xA9, 0x89, 0x45, 0x45, 0x45, 0x2F, 0x22, 0x20, 0xA9, 0x9E, 0x3B, 0x2F, 0x22, 0x22, 0x20, 0x0E,
        0x9C, 0x9B, 0x23, 0x22, 0x22, 0x16, 0x2C, 0x3A, 0x5C, 0x45, 0x16, 0x16, 0x2C, 0x3A, 0x3A, 0x3A,
        0x22, 0x16, 0x29, 0x3A, 0x3A, 0x3A, 0x3A, 0x3A, 0x0E, 0x2B, 0x36, 0x2B, 0x39, 0x3A, 0x3A, 0x4C,
        0x3A, 0x3A, 0x3A, 0x39, 0x3A, 0x2C, 0x3A, 0x3A, 0x3A, 0x3A, 0x3A, 0x3A, 0x39, 0x3A, 0x36, 0x2C,
    },
    // Tile 348
    {
        0x16, 0x16, 0x29, 0x2C, 0x39, 0x3A, 0x3A, 0x3A, 0x2B, 0x3A, 0x3A, 0x3A, 0x3A, 0x3A, 0x3A, 0x3A,
        0x3A, 0x3A, 0x3A, 0x3A, 0x3A, 0x3A, 0x4C, 0x51, 0x3A, 0x3A, 0x3A, 0x3A, 0x3A, 0x4C, 0x3A, 0x3A,
        0x3A, 0x3A, 0x3A, 0x3A, 0x4C, 0x39, 0x2B, 0x16, 0x3A, 0x4C, 0x4C, 0x3A, 0x2C, 0x1F, 0x14, 0x0F,
        0x51, 0x3A, 0x2C, 0x1F, 0x16, 0x0E, 0x0C, 0x00, 0x2C, 0x16, 0x0E, 0x0E, 0x0C, 0x00, 0x00, 0x00,
    },
    // Tile 349
    {
        0x3A, 0x3A, 0x3A, 0x3A, 0x3A, 0x3A, 0x2C, 0x16, 0x4C, 0x3A, 0x3A, 0x3A, 0x2C, 0x16, 0x14, 0x16,
        0x4C, 0x3A, 0x2C, 0x16, 0x13, 0x14, 0x0E, 0x00, 0x2C, 0x16, 0x0F, 0x16, 0x16, 0x00, 0x00, 0x00,
        0x0F, 0x0E, 0x0F, 0x00, 0x00, 0x00, 0x00, 0x00, 0x0E, 0x00, 0x00, 0x00, 0x00, 0x00, 0x00, 0x00,
        0x00, 0x00, 0x00, 0x00, 0x00, 0x00, 0x00, 0x00, 0x00, 0x00, 0x00, 0x00, 0x00, 0x00, 0x00, 0x00,
    },
    // Tile 350
    {
        0x3A, 0x3A, 0x3A, 0x3A, 0x3A, 0x3A, 0x2C, 0x1E, 0x3A, 0x3A, 0x3A, 0x3A, 0x3A, 0x3A, 0x39, 0x39,
        0x3A, 0x3A, 0x3A, 0x3A, 0x39, 0x39, 0x39, 0x39, 0x3A, 0x3A, 0x3A, 0x39, 0x3A, 0x39, 0x3A, 0x39,
        0x2C, 0x36, 0x3A, 0x39, 0x39, 0x3A, 0x3A, 0x3A, 0x12, 0x1E, 0x2B, 0x39, 0x3A, 0x3A, 0x3A, 0x3A,
        0x00, 0x0A, 0x12, 0x1E, 0x36, 0x3A, 0x4C, 0x3A, 0x00, 0x00, 0x00, 0x0A, 0x12, 0x1E, 0x2C, 0x3A,
    },
    // Tile 351
    {
        0x1F, 0x1F, 0x1F, 0x39, 0x4B, 0x4C, 0x1C, 0x1E, 0x2B, 0x1E, 0x1F, 0x29, 0x2B, 0x39, 0x12, 0x1E,
        0x3A, 0x3A, 0x2C, 0x13, 0x1E, 0x2B, 0x12, 0x1E, 0x3A, 0x3A, 0x3A, 0x3A, 0x2C, 0x13, 0x13, 0x1E,
        0x3A, 0x3A, 0x3A, 0x3A, 0x3A, 0x2B, 0x13, 0x1E, 0x3A, 0x3A, 0x51, 0x51, 0x3B, 0x2C, 0x12, 0x15,
        0x51, 0x52, 0x45, 0x39, 0x3A, 0x3A, 0x2C, 0x12, 0x3A, 0x3A, 0x2E, 0x39, 0x39, 0x39, 0x3A, 0x3A,
    },
    // Tile 352
    {
        0xB9, 0xBD, 0xAC, 0x3A, 0x3A, 0x3A, 0x3A, 0x3A, 0xA8, 0xB9, 0xB9, 0xCB, 0xCE, 0x3A, 0x3A, 0x3A,
        0xB9, 0xBA, 0xBA, 0xBA, 0xBA, 0xCB, 0xBD, 0x3A, 0xB6, 0xA5, 0xB9, 0xBA, 0xB9, 0xA8, 0xBA, 0xCD,
        0xA4, 0xA4, 0xA3, 0xB6, 0xBA, 0xBA, 0xBD, 0xBE, 0xA3, 0xA4, 0xA3, 0xA3, 0xA5, 0xB9, 0xBE, 0xAD,
        0x93, 0xA4, 0xA4, 0xA3, 0xA4, 0xB6, 0xBE, 0xBE, 0x7D, 0x93, 0x93, 0xA3, 0xA4, 0xB6, 0xBA, 0xBE,
    },
    // Tile 353
    {
        0x3A, 0x3A, 0x3A, 0x3A, 0x3A, 0x3A, 0x3A, 0x44, 0x3A, 0x3A, 0x3A, 0x3A, 0x3A, 0x3A, 0x39, 0x39,
        0x3A, 0x3A, 0x3A, 0x3A, 0x39, 0x39, 0x39, 0x39, 0xAD, 0x3A, 0x3A, 0x39, 0x3A, 0x39, 0x3A, 0x39,
        0xBE, 0x89, 0x3A, 0x39, 0x39, 0x3A, 0x3A, 0x3A, 0xAD, 0x36, 0x36, 0x39, 0x3A, 0x3A, 0x3A, 0x3A,
        0xAD, 0x39, 0x3A, 0x39, 0x3A, 0x3A, 0x4C, 0x3A, 0xAD, 0x39, 0x39, 0x3A, 0x39, 0x3A, 0x36, 0x3A,
    },
    // Tile 354
    {
        0x3A, 0x0B, 0x05, 0x12, 0x1F, 0x2C, 0x2C, 0x3A, 0x45, 0x20, 0x13, 0x0A, 0x1E, 0x2C, 0x3A, 0x3A,
        0x52, 0x2C, 0x1F, 0x52, 0x7E, 0x1E, 0x39, 0x3A, 0x52, 0x2C, 0x13, 0x51, 0x7D, 0xA5, 0x9A, 0x2B,
        0x52, 0x39, 0x1E, 0x3A, 0x7E, 0xA8, 0x94, 0x59, 0x52, 0x2C, 0x1F, 0x3A, 0x6E, 0x59, 0x45, 0x3A,
        0x53, 0x1F, 0x1E, 0x13, 0x2C, 0x2C, 0x39, 0x39, 0x66, 0x0D, 0x0B, 0x0A, 0x1E, 0x2B, 0x3A, 0x39,
    },
    // Tile 355
    {
        0x3A, 0x3A, 0x3A, 0x3A, 0x39, 0x2C, 0x13, 0x0A, 0x3A, 0x3A, 0x3A, 0x3A, 0x3A, 0x3A, 0x1F, 0x12,
        0x3A, 0x3A, 0x3A, 0x3A, 0x3A, 0x3A, 0x3A, 0x2C, 0x39, 0x3A, 0x3A, 0x3A, 0x3A, 0x3A, 0x3A, 0x3A,
        0x36, 0x2B, 0x36, 0x3A, 0x3A, 0x3A, 0x3A, 0x3A, 0x3A, 0x36, 0x36, 0x2B, 0x39, 0x3A, 0x3A, 0x4C,
        0x39, 0x39, 0x3A, 0x39, 0x3A, 0x2C, 0x3A, 0x3A, 0x39, 0x39, 0x39, 0x3A, 0x39, 0x3A, 0x36, 0x2C,
    },
    // Tile 356
    {
        0x04, 0x0A, 0x12, 0x1F, 0x39, 0x3A, 0x3A, 0x3A, 0x04, 0x05, 0x0B, 0x1F, 0x2C, 0x3A, 0x3A, 0x3A,
        0x13, 0x0A, 0x0A, 0x13, 0x2C, 0x3A, 0x4C, 0x51, 0x2B, 0x0B, 0x04, 0x0A, 0x2B, 0x4C, 0x3A, 0x3A,
        0x2C, 0x1E, 0x05, 0x04, 0x1C, 0x2B, 0x2B, 0x2C, 0x3A, 0x2B, 0x11, 0x04, 0x0A, 0x1E, 0x2F, 0x3A,
        0x51, 0x2C, 0x13, 0x04, 0x04, 0x1E, 0x2C, 0x3A, 0x2C, 0x2C, 0x1F, 0x12, 0x04, 0x0A, 0x2B, 0x3A,
    },
    // Tile 357
    {
        0x0B, 0x12, 0x0A, 0x0A, 0x1F, 0x2C, 0x3A, 0x2C, 0x2C, 0x13, 0x02, 0x04, 0x12, 0x2C, 0x3A, 0x3A,
        0x1F, 0x1F, 0x12, 0x05, 0x05, 0x12, 0x2B, 0x3A, 0x39, 0x1F, 0x0A, 0x04, 0x04, 0x0B, 0x1E, 0x1E,
        0x3A, 0x2C, 0x12, 0x04, 0x05, 0x04, 0x1E, 0x1E, 0x3A, 0x3A, 0x2C, 0x0A, 0x05, 0x06, 0x05, 0x1F,
        0x3A, 0x3A, 0x2C, 0x1E, 0x0A, 0x0A, 0x04, 0x12, 0x3A, 0x39, 0x39, 0x2B, 0x12, 0x05, 0x0A, 0x04,
    },
    // Tile 358
    {
        0x2B, 0x13, 0x13, 0x13, 0x1E, 0x2C, 0x3A, 0x3A, 0x2C, 0x2B, 0x1E, 0x12, 0x13, 0x1F, 0x1F, 0x39,
        0x3A, 0x2C, 0x2C, 0x1F, 0x13, 0x13, 0x1F, 0x2C, 0x39, 0x3A, 0x2C, 0x2B, 0x1F, 0x12, 0x13, 0x2B,
        0x1F, 0x2B, 0x36, 0x2C, 0x2B, 0x12, 0x12, 0x1F, 0x3A, 0x2C, 0x2B, 0x2B, 0x2B, 0x1F, 0x12, 0x12,
        0x2C, 0x3A, 0x3A, 0x2C, 0x2C, 0x1F, 0x13, 0x12, 0x1E, 0x39, 0x3A, 0x3A, 0x3A, 0x3A, 0x1E, 0x0A,
    },
    // Tile 359
    {
        0x3A, 0x39, 0x36, 0x2C, 0x39, 0x3A, 0x3A, 0x3A, 0x39, 0x3A, 0x3A, 0x3A, 0x3A, 0x3A, 0x3A, 0x3A,
        0x3A, 0x3A, 0x3A, 0x3A, 0x3A, 0x3A, 0x4C, 0x51, 0x2C, 0x3A, 0x3A, 0x3A, 0x3A, 0x4C, 0x3A, 0x3A,
        0x2C, 0x2C, 0x3A, 0x3A, 0x4C, 0x39, 0x2B, 0x3A, 0x1F, 0x36, 0x4C, 0x3A, 0x2C, 0x3A, 0x3A, 0x3A,
        0x12, 0x1F, 0x1F, 0x39, 0x3A, 0x3A, 0x3A, 0x3A, 0x05, 0x12, 0x1E, 0x2B, 0x39, 0x39, 0x3A, 0x3A,
    },
    // Tile 360
    {
        0x16, 0x0E, 0x46, 0x46, 0x45, 0x45, 0x2F, 0x22, 0x16, 0x0E, 0x45, 0x45, 0x2F, 0x22, 0x17, 0x16,
        0x16, 0x0E, 0x3B, 0x22, 0x22, 0x22, 0x16, 0x93, 0x16, 0x0E, 0x22, 0x16, 0x16, 0x3A, 0x7D, 0x94,
        0x16, 0x0D, 0x13, 0x2C, 0x3A, 0x3A, 0x3A, 0x51, 0x16, 0x07, 0x36, 0x3A, 0x44, 0x3A, 0x3A, 0x3A,
        0x0E, 0x2B, 0x3A, 0x39, 0x3A, 0x39, 0x3A, 0x3A, 0x39, 0x39, 0x39, 0x3A, 0x39, 0x3A, 0x36, 0x3A,
    },
    // Tile 361
    {
        0x16, 0x17, 0x19, 0x2C, 0x3A, 0x3A, 0x52, 0x6F, 0x16, 0x7D, 0x7E, 0x52, 0x52, 0x7D, 0x93, 0x9A,
        0xA6, 0xA8, 0x9A, 0x67, 0x59, 0x84, 0xA5, 0xA5, 0x94, 0x7D, 0x52, 0x3A, 0x3A, 0x52, 0x7D, 0x94,
        0x3A, 0x3A, 0x3A, 0x3A, 0x3A, 0x44, 0x45, 0x45, 0x3A, 0x3A, 0x3A, 0x44, 0x45, 0x2F, 0x22, 0x16,
        0x51, 0x52, 0x45, 0x2F, 0x17, 0x0E, 0x0C, 0x00, 0x3A, 0x2D, 0x22, 0x0E, 0x08, 0x00, 0x00, 0x00,
    },
    // Tile 362
    {
        0x7D, 0x52, 0x3A, 0x3A, 0x3A, 0x3A, 0x3B, 0x2C, 0x9A, 0x94, 0x7E, 0x59, 0x45, 0x2F, 0x21, 0x16,
        0xA6, 0xA6, 0x9B, 0x6F, 0x22, 0x16, 0x0C, 0x00, 0x9B, 0x70, 0x3B, 0x16, 0x16, 0x00, 0x00, 0x00,
        0x30, 0x17, 0x0E, 0x00, 0x00, 0x00, 0x00, 0x00, 0x0E, 0x00, 0x00, 0x00, 0x00, 0x00, 0x00, 0x00,
        0x00, 0x00, 0x00, 0x00, 0x00, 0x00, 0x00, 0x00, 0x00, 0x00, 0x00, 0x00, 0x00, 0x00, 0x00, 0x00,
    },
    // Tile 363
    {
        0x4C, 0x65, 0x7D, 0xA3, 0x93, 0xA3, 0xBD, 0xAD, 0x4C, 0x4C, 0x62, 0xB6, 0xA5, 0x93, 0xA9, 0xA9,
        0x39, 0x3A, 0x52, 0xA5, 0xA6, 0xB9, 0xBE, 0xBE, 0x51, 0x4C, 0x52, 0xA5, 0xB6, 0xB7, 0xBE, 0xAD,
        0x4C, 0x62, 0x62, 0x93, 0xA5, 0xA5, 0xBE, 0xA9, 0x3A, 0x4C, 0x4C, 0x62, 0x91, 0xA5, 0xA9, 0x9C,
        0x39, 0x4C, 0x4C, 0x4C, 0x51, 0x66, 0x85, 0x70, 0x39, 0x39, 0x39, 0x4C, 0x4C, 0x51, 0x52, 0x53,
    },
    // Tile 364
    {
        0x9E, 0x3A, 0x3A, 0x3A, 0x3A, 0x3A, 0x3B, 0x85, 0xA9, 0x3A, 0x3A, 0x44, 0x3A, 0x94, 0x93, 0x9A,
        0xAD, 0x44, 0x3A, 0x84, 0x94, 0xA5, 0xA5, 0xA5, 0x9E, 0x7E, 0x93, 0x94, 0xA5, 0xA5, 0xA5, 0xA5,
        0x89, 0x6F, 0x7E, 0xA5, 0xA5, 0xA5, 0xA5, 0xA5, 0x73, 0x3A, 0x52, 0x93, 0xA5, 0xA5, 0xA5, 0xA6,
        0x59, 0x1F, 0x2B, 0x3A, 0x66, 0x93, 0xA5, 0xA6, 0x46, 0x12, 0x13, 0x2B, 0x2C, 0x3A, 0x7D, 0x9A,
    },
    // Tile 365
    {
        0x7E, 0x3A, 0x3A, 0x3A, 0x3A, 0x3A, 0x3A, 0x3A, 0x9A, 0x94, 0x85, 0x39, 0x3A, 0x3A, 0x3A, 0x3A,
        0xA5, 0xA5, 0xA6, 0xA5, 0xA6, 0x39, 0x3A, 0x3A, 0xA5, 0xA5, 0xA5, 0xA5, 0xA5, 0xB9, 0x9A, 0x39,
        0xA5, 0xA5, 0xA5, 0xA6, 0xA6, 0xA8, 0x94, 0x59, 0xA6, 0xA6, 0xA6, 0xA6, 0x9A, 0x6F, 0x45, 0xAC,
        0xA6, 0xA6, 0x9A, 0x7D, 0x52, 0x3A, 0x39, 0xA5, 0x94, 0x6F, 0x52, 0x3A, 0x39, 0x39, 0x3A, 0x62,
    },
    // Tile 366
    {
        0x7E, 0x2C, 0x2C, 0x13, 0x04, 0x04, 0x12, 0x2C, 0x9A, 0x94, 0x85, 0x1E, 0x0A, 0x04, 0x0A, 0x1F,
        0xA5, 0xA5, 0x7D, 0x7D, 0x1F, 0x04, 0x04, 0x12, 0x93, 0x66, 0x12, 0x12, 0x12, 0x13, 0x12, 0x04,
        0x92, 0x3A, 0x12, 0x13, 0x13, 0x15, 0x1E, 0x22, 0xA6, 0x67, 0x13, 0x13, 0x13, 0x15, 0x22, 0x2C,
        0xA6, 0xA6, 0x83, 0x66, 0x2C, 0x2C, 0x39, 0x39, 0x94, 0x6F, 0x52, 0x3A, 0x39, 0x39, 0x3A, 0x39,
    },
    // Tile 367
    {
        0x3A, 0x3A, 0x3A, 0x3A, 0x39, 0x3A, 0x3A, 0x3A, 0x3A, 0x3A, 0x3A, 0x3A, 0x3A, 0x3A, 0x2C, 0x39,
        0x2C, 0x3A, 0x3A, 0x3A, 0x3A, 0x3A, 0x3A, 0x3A, 0x12, 0x2C, 0x3A, 0x3A, 0x3A, 0x3A, 0x3A, 0x3A,
        0x1C, 0x2B, 0x36, 0x3A, 0x3A, 0x3A, 0x3A, 0x3A, 0x3A, 0x36, 0x36, 0x2B, 0x39, 0x3A, 0x3A, 0x4C,
        0x39, 0x39, 0x3A, 0x39, 0x3A, 0x2C, 0x3A, 0x3A, 0x39, 0x39, 0x39, 0x3A, 0x39, 0x3A, 0x36, 0x2C,
    },
    // Tile 368
    {
        0x3A, 0x39, 0x36, 0x2C, 0x1E, 0x0A, 0x04, 0x05, 0x39, 0x3A, 0x3A, 0x3A, 0x2C, 0x12, 0x04, 0x04,
        0x3A, 0x3A, 0x3A, 0x3A, 0x3A, 0x2B, 0x11, 0x04, 0x3A, 0x3A, 0x3A, 0x3A, 0x3A, 0x4C, 0x0A, 0x0A,
        0x3A, 0x3A, 0x3A, 0x3A, 0x4C, 0x39, 0x1E, 0x12, 0x3A, 0x4C, 0x4C, 0x3A, 0x2C, 0x3A, 0x3A, 0x2C,
        0x51, 0x3A, 0x2C, 0x39, 0x3A, 0x3A, 0x3A, 0x3A, 0x2C, 0x3A, 0x2E, 0x39, 0x39, 0x39, 0x3A, 0x3A,
    },
    // Tile 369
    {
        0x0B, 0x3A, 0x3A, 0x3A, 0x3A, 0x3A, 0x1F, 0x59, 0x04, 0x1F, 0x3A, 0x3A, 0x2C, 0x94, 0x7D, 0x6F,
        0x04, 0x0A, 0x13, 0x6F, 0x94, 0xA5, 0xA5, 0x93, 0x05, 0x0B, 0x12, 0x20, 0x51, 0xA5, 0xA5, 0xA5,
        0x13, 0x15, 0x12, 0x12, 0x12, 0x7C, 0xA5, 0xA5, 0x2C, 0x13, 0x0A, 0x12, 0x12, 0x52, 0xA5, 0xA6,
        0x3A, 0x3A, 0x2C, 0x2C, 0x66, 0x7D, 0xA5, 0xA6, 0x3A, 0x39, 0x3A, 0x3A, 0x3A, 0x52, 0x7D, 0x9A,
    },
    // Tile 370
    {
        0x51, 0x4C, 0x4C, 0x4C, 0x39, 0x4C, 0x52, 0x45, 0x4C, 0x4C, 0x52, 0x4C, 0x39, 0x39, 0x45, 0x45,
        0x39, 0x3A, 0x4C, 0x39, 0x4C, 0x4C, 0x52, 0x46, 0x3A, 0x3A, 0x3A, 0x4B, 0x4B, 0x4C, 0x52, 0x45,
        0x4C, 0x4C, 0x3A, 0x3A, 0x4B, 0x4C, 0x52, 0x45, 0x4C, 0x4C, 0x4C, 0x4C, 0x4C, 0x4C, 0x45, 0x45,
        0x3A, 0x4C, 0x4C, 0x4C, 0x4C, 0x61, 0x52, 0x53, 0x36, 0x39, 0x39, 0x4B, 0x4B, 0x51, 0x53, 0x59,
    },
    // Tile 371
    {
        0x45, 0x13, 0x13, 0x13, 0x1F, 0x1F, 0x2C, 0x2E, 0x45, 0x2B, 0x1E, 0x12, 0x13, 0x13, 0x1E, 0x2B,
        0x46, 0x2C, 0x2C, 0x1F, 0x0A, 0x0A, 0x12, 0x12, 0x3B, 0x3A, 0x2C, 0x2B, 0x13, 0x0A, 0x0A, 0x12,
        0x3B, 0x36, 0x3A, 0x2B, 0x2B, 0x0A, 0x0A, 0x0B, 0x3B, 0x36, 0x36, 0x39, 0x2C, 0x1F, 0x0A, 0x0A,
        0x46, 0x39, 0x3A, 0x39, 0x3A, 0x2C, 0x11, 0x0A, 0x46, 0x39, 0x39, 0x3A, 0x39, 0x3A, 0x29, 0x05,
    },
    // Tile 372
    {
        0x2C, 0x3A, 0x39, 0x39, 0x3A, 0x39, 0x3A, 0x4C, 0x2B, 0x2C, 0x2C, 0x3A, 0x3A, 0x3A, 0x3A, 0x4C,
        0x1E, 0x1F, 0x1F, 0x2C, 0x2C, 0x2C, 0x3A, 0x4C, 0x0B, 0x12, 0x13, 0x1E, 0x1F, 0x2C, 0x2C, 0x62,
        0x0B, 0x0B, 0x12, 0x12, 0x13, 0x1E, 0x1F, 0x4C, 0x0B, 0x0B, 0x12, 0x12, 0x13, 0x12, 0x13, 0x4C,
        0x04, 0x0B, 0x0D, 0x12, 0x12, 0x12, 0x0B, 0x4C, 0x04, 0x04, 0x06, 0x0A, 0x12, 0x12, 0x12, 0x4C,
    },
    // Tile 373
    {
        0x7E, 0x3A, 0x3A, 0x3A, 0x2C, 0x13, 0x05, 0x05, 0x9A, 0x94, 0x85, 0x39, 0x3A, 0x1F, 0x0A, 0x04,
        0xA5, 0xA5, 0xA6, 0xA5, 0xA6, 0x2B, 0x13, 0x12, 0xA5, 0xA5, 0xA5, 0xA5, 0xA5, 0xB9, 0x9A, 0x2B,
        0xA5, 0xA5, 0xA5, 0xA6, 0xA6, 0xA8, 0x94, 0x59, 0xA6, 0xA6, 0xA6, 0xA6, 0x9A, 0x6F, 0x45, 0x3A,
        0xA6, 0xA6, 0x9A, 0x7D, 0x52, 0x3A, 0x39, 0x39, 0x94, 0x6F, 0x52, 0x3A, 0x39, 0x39, 0x3A, 0x39,
    },
    // Tile 374
    {
        0x12, 0x2C, 0x3A, 0x3A, 0x3A, 0x3A, 0x3A, 0x44, 0x05, 0x1F, 0x3A, 0x3A, 0x3A, 0x3A, 0x39, 0x39,
        0x04, 0x12, 0x2C, 0x3A, 0x39, 0x39, 0x39, 0x39, 0x13, 0x0B, 0x2B, 0x39, 0x3A, 0x39, 0x3A, 0x39,
        0x36, 0x29, 0x3A, 0x39, 0x39, 0x3A, 0x3A, 0x3A, 0x3A, 0x36, 0x36, 0x39, 0x3A, 0x3A, 0x3A, 0x3A,
        0x39, 0x39, 0x3A, 0x39, 0x3A, 0x3A, 0x4C, 0x3A, 0x39, 0x39, 0x39, 0x3A, 0x39, 0x3A, 0x36, 0x3A,
    },
    // Tile 375
    {
        0x3A, 0x3A, 0x39, 0x0A, 0x04, 0x04, 0x0A, 0x12, 0x39, 0x3A, 0x3A, 0x2C, 0x0A, 0x0A, 0x0B, 0x0A,
        0x3A, 0x3A, 0x3A, 0x3A, 0x12, 0x04, 0x0B, 0x0B, 0x3A, 0x3A, 0x3A, 0x3A, 0x2C, 0x12, 0x0B, 0x13,
        0x3A, 0x3A, 0x3A, 0x3A, 0x3A, 0x3A, 0x3A, 0x3A, 0x3A, 0x3A, 0x51, 0x51, 0x3B, 0x3A, 0x3A, 0x3A,
        0x51, 0x52, 0x45, 0x39, 0x3A, 0x3A, 0x3A, 0x3A, 0x3A, 0x3A, 0x2E, 0x39, 0x39, 0x39, 0x3A, 0x3A,
    },
    // Tile 376
    {
        0x3A, 0x3A, 0x3A, 0x3A, 0x3A, 0x3A, 0x3B, 0x85, 0x2B, 0x3A, 0x3A, 0x44, 0x3A, 0x94, 0x93, 0x9A,
        0x1C, 0x44, 0x3A, 0x84, 0x94, 0xA5, 0xA5, 0xA5, 0x2C, 0x7E, 0x93, 0x94, 0xA5, 0xA5, 0xA5, 0xA5,
        0x52, 0x84, 0x94, 0xA5, 0xA5, 0xA5, 0xA5, 0xA5, 0x3A, 0x52, 0x66, 0x93, 0xA5, 0xA5, 0xA5, 0xA6,
        0x3A, 0x3A, 0x3A, 0x52, 0x7D, 0x93, 0xA5, 0xA6, 0x3A, 0x39, 0x3A, 0x3A, 0x3A, 0x52, 0x7D, 0x9A,
    },
    // Tile 377
    {
        0x3A, 0x3A, 0x3A, 0x3A, 0x3A, 0x3A, 0x3A, 0x44, 0x3A, 0x3A, 0x3A, 0x3A, 0x3A, 0x3A, 0x39, 0x39,
        0x3A, 0x3A, 0x3A, 0x3A, 0x39, 0x39, 0x39, 0x39, 0x3A, 0x3A, 0x3A, 0x39, 0x3A, 0x39, 0x3A, 0x39,
        0x1F, 0x36, 0x3A, 0x39, 0x39, 0x3A, 0x3A, 0x3A, 0x3A, 0x2C, 0x2B, 0x39, 0x3A, 0x3A, 0x3A, 0x3A,
        0x3A, 0x3A, 0x3A, 0x2C, 0x2C, 0x3A, 0x36, 0x2C, 0x39, 0x39, 0x3A, 0x3A, 0x3A, 0x2C, 0xA8, 0xA9,
    },
    // Tile 378
    {
        0x1F, 0x1F, 0x39, 0x39, 0x4B, 0x4C, 0x52, 0x45, 0x12, 0x1E, 0x2B, 0x2B, 0x39, 0x4B, 0x52, 0x45,
        0x3A, 0x2C, 0x1E, 0x1E, 0x1E, 0x2B, 0x3A, 0x23, 0x3A, 0x3A, 0x3A, 0x2C, 0x12, 0x1E, 0x22, 0x22,
        0x3A, 0x3A, 0x3A, 0x3A, 0x2C, 0x2C, 0x15, 0x12, 0x3A, 0x3A, 0x51, 0x51, 0x3B, 0x3A, 0x3A, 0x3A,
        0x51, 0x52, 0x45, 0x39, 0x3A, 0x3A, 0x3A, 0x3A, 0x3A, 0x3A, 0x2E, 0x39, 0x39, 0x39, 0x3A, 0x3A,
    },
    // Tile 379
    {
        0x45, 0x3A, 0x3A, 0x3A, 0x3A, 0x3A, 0x2D, 0x45, 0x2F, 0x1F, 0x3A, 0x44, 0x3A, 0x94, 0x7D, 0x6E,
        0x20, 0x13, 0x2C, 0x84, 0x94, 0xA5, 0xA5, 0x93, 0x16, 0x13, 0x7D, 0x94, 0xA5, 0xA5, 0xA5, 0xA5,
        0x1F, 0x6F, 0x94, 0xA5, 0xA5, 0xA5, 0xA5, 0xA5, 0x3A, 0x52, 0x66, 0x93, 0xA5, 0xA5, 0xA5, 0xA6,
        0x3A, 0x3A, 0x3A, 0x52, 0x7D, 0x93, 0xA5, 0xA6, 0x3A, 0x39, 0x3A, 0x3A, 0x3A, 0x52, 0x7D, 0x9A,
    },
    // Tile 380
    {
        0x0B, 0x02, 0x04, 0x05, 0x0B, 0x12, 0x12, 0x4C, 0x12, 0x0A, 0x06, 0x04, 0x05, 0x0B, 0x0B, 0x39,
        0x51, 0x0A, 0x0B, 0x05, 0x13, 0x0A, 0x0B, 0x4C, 0x92, 0x1F, 0x0A, 0x04, 0x05, 0x1F, 0x22, 0x62,
        0x93, 0x66, 0x0A, 0x05, 0x0A, 0x13, 0x1F, 0x62, 0xA6, 0x67, 0x2C, 0x0A, 0x04, 0x03, 0x0A, 0x4C,
        0xA6, 0x94, 0x44, 0x0A, 0x01, 0x01, 0x04, 0x4C, 0x94, 0x45, 0x13, 0x0A, 0x01, 0x01, 0x01, 0x93,
    },
    // Tile 381
    {
        0x3A, 0x3A, 0x3A, 0x3A, 0x39, 0x3A, 0x3A, 0x3A, 0x3A, 0x3A, 0x3A, 0x3A, 0x3A, 0x3A, 0x2C, 0x39,
        0x3A, 0x3A, 0x3A, 0x3A, 0x3A, 0x3A, 0x3A, 0x3A, 0x39, 0x3A, 0x3A, 0x3A, 0x3A, 0x3A, 0x3A, 0x3A,
        0x94, 0x9A, 0x9B, 0x3A, 0x3A, 0x3A, 0x3A, 0x3A, 0xA8, 0xA8, 0xCB, 0xCD, 0xCD, 0x3A, 0x3A, 0x4C,
        0xB9, 0xBA, 0xB9, 0xBA, 0xBA, 0xB9, 0xA9, 0x3A, 0x91, 0xA5, 0xB9, 0xB9, 0xB9, 0xA8, 0xB9, 0xBA,
    },
    // Tile 382
    {
        0x3A, 0x39, 0x36, 0x2C, 0x39, 0x3A, 0x3A, 0x3A, 0x39, 0x3A, 0x3A, 0x3A, 0x3A, 0x3A, 0x3A, 0x3A,
        0x3A, 0x3A, 0x3A, 0x3A, 0x3A, 0x3A, 0x4C, 0x51, 0x3A, 0x3A, 0x3A, 0x3A, 0x3A, 0x4C, 0x3A, 0x3A,
        0x3A, 0x3A, 0x3A, 0x3A, 0x4C, 0x39, 0x2B, 0x3A, 0x3A, 0x4C, 0x4C, 0x3A, 0x2C, 0x3A, 0x3A, 0x3A,
        0x51, 0x3A, 0x2C, 0x39, 0x3A, 0x3A, 0x3A, 0x3A, 0xBB, 0x3A, 0x2E, 0x39, 0x39, 0x39, 0x3A, 0x3A,
    },
    // Tile 383
    {
        0x3A, 0x3A, 0x3A, 0x3A, 0x39, 0x3A, 0x3A, 0x3A, 0x3A, 0x3A, 0x3A, 0x3A, 0x3A, 0x3A, 0x2C, 0x39,
        0x3A, 0x3A, 0x3A, 0x3A, 0x3A, 0x3A, 0x3A, 0x3A, 0x39, 0x3A, 0x3A, 0x3A, 0x3A, 0x3A, 0x3A, 0x3A,
        0x36, 0x2B, 0x36, 0x3A, 0x3A, 0x3A, 0x3A, 0x3A, 0x3A, 0x36, 0x36, 0x2B, 0x39, 0x3A, 0x3A, 0x4C,
        0x39, 0x39, 0x3A, 0x39, 0x3A, 0x1F, 0x2C, 0x2C, 0x39, 0x39, 0x39, 0x3A, 0x2B, 0x2C, 0x29, 0xA8,
    },
    // Tile 384
    {
        0x3A, 0x39, 0x36, 0x2C, 0x39, 0x3A, 0x3A, 0x3A, 0x39, 0x3A, 0x3A, 0x3A, 0x3A, 0x3A, 0x3A, 0x3A,
        0x3A, 0x3A, 0x3A, 0x3A, 0x3A, 0x3A, 0x36, 0x39, 0x3A, 0x3A, 0x3A, 0x3A, 0x2C, 0x36, 0xBC, 0xBD,
        0x3A, 0x2C, 0x2C, 0x2C, 0x2B, 0xA8, 0xA5, 0xA9, 0x2C, 0x36, 0x2B, 0xB9, 0xA8, 0xB9, 0xBD, 0xCE,
        0x2B, 0xA8, 0xBA, 0xBA, 0xBA, 0xBD, 0xBE, 0xBE, 0xBD, 0xBA, 0xBA, 0xBD, 0xBE, 0xBE, 0xA9, 0x9B,
    },
    // Tile 385
    {
        0x3A, 0x3A, 0x3A, 0x3A, 0x3A, 0x3A, 0x3A, 0x44, 0x3A, 0x3A, 0x3A, 0x3A, 0x3A, 0x3A, 0x39, 0x39,
        0x3A, 0x3A, 0x3A, 0x3A, 0x39, 0x39, 0x39, 0x39, 0x3A, 0x3A, 0x3A, 0x39, 0x3A, 0x39, 0x3A, 0x39,
        0x2C, 0x36, 0x3A, 0x39, 0x39, 0x3A, 0x3A, 0x3A, 0x12, 0x1E, 0x2B, 0x39, 0x3A, 0x3A, 0x3A, 0x3A,
        0x00, 0x0A, 0x12, 0x1E, 0x36, 0x3A, 0x4C, 0x3A, 0x00, 0x00, 0x00, 0x0A, 0x12, 0x1E, 0x2C, 0x3A,
    },
    // Tile 386
    {
        0x2C, 0x05, 0x0A, 0x04, 0x01, 0x01, 0x01, 0xA6, 0x2B, 0x13, 0x04, 0x04, 0x04, 0x02, 0x01, 0xA6,
        0x3A, 0x2C, 0x2B, 0x1F, 0x04, 0x01, 0x01, 0x93, 0x3A, 0x3A, 0x3A, 0x3A, 0x2C, 0x0A, 0x04, 0x3A,
        0x3A, 0x3A, 0x3A, 0x3A, 0x3A, 0x3A, 0x2B, 0x1E, 0x3A, 0x3A, 0x51, 0x51, 0x3B, 0x2C, 0x2F, 0x2B,
        0x51, 0x52, 0x45, 0x2C, 0x2E, 0x3A, 0x3A, 0x3A, 0x3A, 0x2C, 0x2C, 0x39, 0x3A, 0x3A, 0x3A, 0x3A,
    },
    // Tile 387
    {
        0x1F, 0x1F, 0x39, 0x39, 0x4B, 0x4C, 0x1C, 0x1E, 0x12, 0x1E, 0x2B, 0x2B, 0x39, 0x4B, 0x12, 0x1E,
        0x3A, 0x2C, 0x1E, 0x1E, 0x1E, 0x2B, 0x12, 0x1E, 0x3A, 0x3A, 0x3A, 0x2C, 0x12, 0x1E, 0x13, 0x1E,
        0x3A, 0x3A, 0x3A, 0x3A, 0x36, 0x1E, 0x13, 0x1E, 0x3A, 0x4C, 0x4C, 0x3A, 0x2C, 0x2C, 0x12, 0x15,
        0x51, 0x3A, 0x2C, 0x39, 0x3A, 0x3A, 0x2C, 0x12, 0x2C, 0x3A, 0x2E, 0x39, 0x39, 0x39, 0x3A, 0x3A,
    },
    // Tile 388
    {
        0x3A, 0x3A, 0x39, 0x39, 0x3A, 0x39, 0x3A, 0x3A, 0x39, 0x3A, 0x3A, 0x3A, 0x3A, 0x3A, 0x3A, 0x3A,
        0x3A, 0x3A, 0x3A, 0x3A, 0x3A, 0x3A, 0x3A, 0x3A, 0x3A, 0x3A, 0x3A, 0x3A, 0x3A, 0x3A, 0x3A, 0x3A,
        0x3A, 0x3A, 0x3A, 0x3A, 0x3A, 0x3A, 0x3A, 0x3A, 0x3A, 0x3A, 0x51, 0x51, 0x3B, 0x3A, 0x3A, 0x3A,
        0x51, 0x52, 0x45, 0x39, 0x3A, 0x3A, 0x3A, 0x3A, 0xCB, 0xBA, 0x2E, 0x39, 0x39, 0x39, 0x3A, 0x3A,
    },
    // Tile 389
    {
        0x3A, 0x3A, 0x3A, 0x3A, 0x3A, 0x3A, 0x3A, 0x44, 0x3A, 0x3A, 0x3A, 0x3A, 0x3A, 0x3A, 0x39, 0x39,
        0x3A, 0x3A, 0x3A, 0x3A, 0x39, 0x39, 0x39, 0x39, 0x3A, 0x3A, 0x3A, 0x39, 0x3A, 0x39, 0x3A, 0x39,
        0x36, 0x36, 0x3A, 0x39, 0x39, 0x3A, 0x3A, 0x3A, 0x3A, 0x36, 0x36, 0x39, 0x3A, 0x3A, 0x3A, 0x3A,
        0x39, 0x39, 0x3A, 0x39, 0x3A, 0x3A, 0x36, 0x2C, 0x39, 0x39, 0x39, 0x3A, 0x39, 0x2C, 0x29, 0x1F,
    },
    // Tile 390
    {
        0x16, 0x0E, 0x45, 0x45, 0x45, 0x2F, 0x22, 0x20, 0x16, 0x0E, 0x3B, 0x2F, 0x22, 0x22, 0x20, 0x0E,
        0x16, 0x0E, 0x23, 0x22, 0x22, 0x16, 0x2C, 0x3A, 0x16, 0x0E, 0x16, 0x16, 0x2C, 0x3A, 0x3A, 0x3A,
        0x16, 0x0D, 0x29, 0x3A, 0x3A, 0x3A, 0x3A, 0x3A, 0x16, 0x07, 0x36, 0x2B, 0x39, 0x3A, 0x3A, 0x4C,
        0x0E, 0x2B, 0x3A, 0x39, 0x3A, 0x2C, 0x3A, 0x3A, 0x39, 0x39, 0x39, 0x3A, 0x39, 0x3A, 0x36, 0x2C,
    },
    // Tile 391
    {
        0xB9, 0xBA, 0xCD, 0xBE, 0x3A, 0x3A, 0x3A, 0x3A, 0xBA, 0xB9, 0xB9, 0xBD, 0xCE, 0xD1, 0x3A, 0x3A,
        0xA5, 0xB9, 0xBA, 0xCD, 0xBA, 0xCD, 0xD2, 0xBE, 0xA4, 0xA4, 0xA5, 0xB9, 0xBA, 0xBA, 0xBD, 0xCE,
        0xA5, 0xA5, 0xA5, 0xA5, 0xA5, 0xBA, 0xBD, 0xBE, 0xA3, 0xA5, 0xA5, 0xB6, 0xB6, 0xA5, 0xBA, 0xAC,
        0x93, 0xA3, 0xA5, 0xA5, 0xA5, 0xB6, 0xBA, 0xA5, 0x65, 0x92, 0x93, 0xA3, 0xA4, 0xA5, 0xA6, 0x62,
    },
    // Tile 392
    {
        0x3A, 0x3A, 0x3A, 0x3A, 0x3A, 0x3A, 0x3A, 0x44, 0x3A, 0x3A, 0x3A, 0x3A, 0x3A, 0x3A, 0x39, 0x39,
        0x3A, 0x3A, 0x3A, 0x3A, 0x39, 0x39, 0x39, 0x39, 0xD3, 0xAD, 0x3A, 0x39, 0x3A, 0x39, 0x3A, 0x39,
        0x94, 0x9A, 0x9B, 0x39, 0x39, 0x3A, 0x3A, 0x3A, 0xA8, 0xA8, 0xCB, 0xCD, 0xCD, 0x3A, 0x3A, 0x3A,
        0xB9, 0xBA, 0xB9, 0xBA, 0xBA, 0xB9, 0xA9, 0x3A, 0x91, 0xA5, 0xB9, 0xB9, 0xB9, 0xA8, 0xB9, 0xBA,
    },
    // Tile 393
    {
        0x3A, 0x3A, 0x39, 0x39, 0x3A, 0x39, 0x3A, 0x3A, 0x39, 0x3A, 0x3A, 0x3A, 0x3A, 0x3A, 0x3A, 0x3A,
        0x3A, 0x3A, 0x3A, 0x3A, 0x3A, 0x3A, 0x3A, 0x2C, 0x3A, 0x3A, 0x3A, 0x3A, 0x3A, 0x2C, 0x2C, 0x2C,
        0x3A, 0x3A, 0x3A, 0x2C, 0x2C, 0xA8, 0xA5, 0xA9, 0x3A, 0x2C, 0x39, 0xB9, 0xA8, 0xB9, 0xBD, 0xCE,
        0x39, 0xA8, 0xBA, 0xBA, 0xBA, 0xBD, 0xBE, 0xBE, 0xBD, 0xBA, 0xBA, 0xBD, 0xBE, 0xBE, 0xA9, 0x9B,
    },
    // Tile 394
    {
        0x3A, 0x3A, 0x3A, 0x3A, 0x1F, 0x1F, 0xA8, 0xA9, 0x3A, 0x2C, 0x2C, 0x2E, 0xB9, 0xBD, 0xBA, 0xBA,
        0x36, 0x2E, 0xA8, 0xBA, 0xBA, 0xBD, 0xBD, 0xBE, 0xBD, 0xBA, 0xBD, 0xBD, 0xBD, 0xBD, 0xBE, 0xAD,
        0xBA, 0xBD, 0xCE, 0xCE, 0xBE, 0xAD, 0xAD, 0xAD, 0xBF, 0xBA, 0xBD, 0xAD, 0xAD, 0xAD, 0xAD, 0xAD,
        0xAD, 0xCD, 0xAC, 0xAD, 0xAD, 0xAA, 0xA9, 0x9E, 0x70, 0xB9, 0xAD, 0xAD, 0xAA, 0xA9, 0x9E, 0x89,
    },
    // Tile 395
    {
        0x3A, 0x51, 0x79, 0xA3, 0xA4, 0xA3, 0xA5, 0x4C, 0x5C, 0x39, 0x4C, 0xA5, 0xCB, 0xB9, 0xA6, 0x4C,
        0x59, 0x39, 0x5A, 0xD5, 0xD4, 0xBD, 0xCE, 0x4C, 0x4C, 0x52, 0xA0, 0xE3, 0xE2, 0xC2, 0xBA, 0x62,
        0x39, 0x39, 0x8D, 0xE0, 0xE3, 0xC3, 0xA8, 0x4C, 0x39, 0x39, 0x59, 0xB0, 0xC6, 0x9D, 0x9A, 0x4C,
        0x39, 0x39, 0x39, 0x4C, 0x52, 0x51, 0x67, 0x4C, 0x61, 0x4C, 0x4B, 0x4B, 0x4B, 0x4B, 0x4C, 0x4C,
    },
    // Tile 396
    {
        0x46, 0xB9, 0xAD, 0xAD, 0xA9, 0x9B, 0x70, 0x59, 0x46, 0xA5, 0xAC, 0xAD, 0xAD, 0x70, 0x53, 0x53,
        0x46, 0xBA, 0xAD, 0xAD, 0xAD, 0x70, 0x46, 0x45, 0x46, 0xA6, 0xAD, 0xAD, 0xAD, 0x70, 0x45, 0x46,
        0x3B, 0xA6, 0xAD, 0x9E, 0x9E, 0x70, 0x59, 0x59, 0x46, 0xA5, 0xA9, 0x9B, 0x85, 0x5A, 0x53, 0x46,
        0x46, 0x92, 0x70, 0x5A, 0x53, 0x45, 0x45, 0x45, 0x5A, 0x51, 0x53, 0x45, 0x45, 0x45, 0x45, 0x45,
    },
    // Tile 397
    {
        0x1F, 0x1F, 0x39, 0x39, 0x4B, 0x4C, 0x52, 0xB8, 0x12, 0x1E, 0x2B, 0x2B, 0x39, 0x4B, 0x52, 0xA5,
        0x3A, 0x2C, 0x1E, 0x1E, 0x1E, 0x2B, 0x3A, 0x7D, 0x3A, 0x3A, 0x3A, 0x2C, 0x12, 0x1E, 0x22, 0x1F,
        0x3A, 0x3A, 0x3A, 0x3A, 0x2C, 0x2C, 0x15, 0x0B, 0x3A, 0x3A, 0x51, 0x51, 0x3B, 0x3A, 0x3A, 0x3A,
        0x51, 0x52, 0x45, 0x39, 0x3A, 0x3A, 0x3A, 0x3A, 0x3A, 0x3A, 0x2E, 0x39, 0x39, 0x39, 0x3A, 0x3A,
    },
    // Tile 398
    {
        0x4C, 0x51, 0x4C, 0x4C, 0x39, 0x39, 0x51, 0x4C, 0x4C, 0x4C, 0x4C, 0x3A, 0x4C, 0x4C, 0x3A, 0x39,
        0x39, 0x39, 0x4C, 0x3A, 0x3A, 0x51, 0x62, 0x4C, 0x51, 0x51, 0x3A, 0x4C, 0x4B, 0x4C, 0x4C, 0x62,
        0x4C, 0x51, 0x62, 0x4C, 0x39, 0x39, 0x3A, 0x62, 0x4C, 0x4C, 0x4C, 0x4C, 0x51, 0x4C, 0x3A, 0x4C,
        0x4C, 0x4C, 0x4C, 0x4B, 0x4C, 0x62, 0x65, 0x4C, 0x1F, 0x39, 0x39, 0x4B, 0x4C, 0x4C, 0x51, 0x93,
    },
    // Tile 399
    {
        0x3A, 0x3A, 0x39, 0x39, 0x3A, 0x39, 0x3A, 0x3A, 0x39, 0x3A, 0x3A, 0x3A, 0x3A, 0x3A, 0x3A, 0x3A,
        0x3A, 0x3A, 0x3A, 0x3A, 0x3A, 0x3A, 0x3A, 0x3A, 0x3A, 0x3A, 0x3A, 0x3A, 0x3A, 0x3A, 0x3A, 0x3A,
        0x3A, 0x3A, 0x3A, 0x3A, 0x3A, 0x3A, 0x3A, 0x2C, 0x3A, 0x3A, 0x51, 0x51, 0x3B, 0x2C, 0x2F, 0x3A,
        0x51, 0x52, 0x45, 0x2C, 0x2E, 0x3A, 0x3A, 0x3A, 0xBB, 0x2C, 0x2C, 0x39, 0x3A, 0x3A, 0x3A, 0x3A,
    },
    // Tile 400
    {
        0x3A, 0x3A, 0x3A, 0x3A, 0x3A, 0x3A, 0x3A, 0x44, 0x3A, 0x3A, 0x3A, 0x3A, 0x3A, 0x3A, 0x39, 0x39,
        0x3A, 0x3A, 0x3A, 0x3A, 0x39, 0x39, 0x39, 0x39, 0x3A, 0x3A, 0x3A, 0x39, 0x3A, 0x39, 0x3A, 0x39,
        0x1F, 0x36, 0x3A, 0x39, 0x39, 0x3A, 0x3A, 0x3A, 0x3A, 0x2C, 0x2B, 0x39, 0x3A, 0x3A, 0x3A, 0x3A,
        0x3A, 0x3A, 0x3A, 0x2C, 0x2C, 0x2C, 0x36, 0x2C, 0x39, 0x39, 0x3A, 0x3A, 0x2C, 0x2C, 0x1E, 0xA8,
    },
    // Tile 401
    {
        0x46, 0x51, 0x45, 0x45, 0x45, 0x45, 0x53, 0x59, 0x45, 0x3A, 0x45, 0x53, 0x59, 0x53, 0x53, 0x46,
        0x46, 0x52, 0x46, 0x59, 0x59, 0x45, 0x46, 0x45, 0x59, 0x51, 0x46, 0x46, 0x46, 0x3B, 0x45, 0x45,
        0x46, 0x3A, 0x45, 0x45, 0x45, 0x3A, 0x45, 0x59, 0x45, 0x3A, 0x45, 0x45, 0x53, 0x59, 0x59, 0x53,
        0x47, 0x51, 0x53, 0x46, 0x59, 0x53, 0x45, 0x45, 0x9C, 0x52, 0x53, 0x53, 0x53, 0x46, 0x45, 0x3B,
    },
    // Tile 402
    {
        0xA9, 0x89, 0x45, 0x45, 0x45, 0x2F, 0x22, 0x20, 0xA9, 0x9E, 0x3B, 0x2F, 0x22, 0x22, 0x20, 0x0E,
        0x9C, 0x9B, 0x23, 0x22, 0x22, 0x16, 0x2B, 0x39, 0x5C, 0x45, 0x16, 0x16, 0x2C, 0x39, 0x3A, 0x39,
        0x22, 0x16, 0x2C, 0x39, 0x39, 0x3A, 0x3A, 0x3A, 0x0E, 0x29, 0x36, 0x39, 0x3A, 0x3A, 0x3A, 0x3A,
        0x39, 0x39, 0x3A, 0x39, 0x3A, 0x3A, 0x4C, 0x3A, 0x39, 0x39, 0x39, 0x3A, 0x39, 0x3A, 0x36, 0x3A,
    },
    // Tile 403
    {
        0x1F, 0x1F, 0x1F, 0x39, 0x4B, 0x4C, 0x4C, 0xA6, 0x2B, 0x1E, 0x1F, 0x29, 0x2B, 0x39, 0x39, 0xA6,
        0x3A, 0x3A, 0x2C, 0x13, 0x1E, 0x2B, 0x2C, 0x93, 0x3A, 0x3A, 0x3A, 0x3A, 0x2C, 0x13, 0x1F, 0x3A,
        0x3A, 0x3A, 0x3A, 0x3A, 0x3A, 0x3A, 0x1F, 0x1E, 0x3A, 0x3A, 0x51, 0x51, 0x3B, 0x3A, 0x3A, 0x2B,
        0x51, 0x52, 0x45, 0x39, 0x3A, 0x3A, 0x3A, 0x3A, 0x3A, 0x3A, 0x2E, 0x39, 0x39, 0x39, 0x3A, 0x3A,
    },
    // Tile 404
    {
        0x3A, 0x3A, 0x3A, 0x3A, 0x39, 0x3A, 0x3A, 0x3A, 0x3A, 0x3A, 0x3A, 0x3A, 0x3A, 0x3A, 0x2C, 0x39,
        0x3A, 0x3A, 0x3A, 0x3A, 0x3A, 0x3A, 0x3A, 0x3A, 0xAD, 0x3A, 0x3A, 0x3A, 0x3A, 0x3A, 0x3A, 0x3A,
        0xBE, 0x89, 0x36, 0x3A, 0x3A, 0x3A, 0x3A, 0x3A, 0xAD, 0x2C, 0x2B, 0x2B, 0x39, 0x3A, 0x3A, 0x4C,
        0xAD, 0x3A, 0x3A, 0x2C, 0x2C, 0x2C, 0x3A, 0x3A, 0xAD, 0x39, 0x3A, 0x3A, 0x3A, 0x3A, 0x2B, 0x2C,
    },
    // Tile 405
    {
        0x3A, 0x3A, 0x3A, 0x3A, 0x39, 0x3A, 0x3A, 0x3A, 0x3A, 0x3A, 0x3A, 0x3A, 0x3A, 0x3A, 0x2C, 0x39,
        0x3A, 0x3A, 0x3A, 0x3A, 0x3A, 0x3A, 0x3A, 0x3A, 0x39, 0x3A, 0x3A, 0x3A, 0x3A, 0x3A, 0x3A, 0x3A,
        0x2C, 0x2B, 0x36, 0x3A, 0x3A, 0x3A, 0x3A, 0x3A, 0x3A, 0x39, 0x36, 0x2B, 0x39, 0x3A, 0x3A, 0x4C,
        0x3A, 0x3A, 0x3A, 0x39, 0x3A, 0x2C, 0x2C, 0x2C, 0x3A, 0x3A, 0x3A, 0x3A, 0x39, 0x2C, 0x29, 0xA8,
    },
    // Tile 406
    {
        0x3A, 0x39, 0x36, 0x2C, 0x39, 0x3A, 0x3A, 0x3A, 0x39, 0x3A, 0x3A, 0x3A, 0x3A, 0x3A, 0x3A, 0x3A,
        0x3A, 0x3A, 0x3A, 0x3A, 0x3A, 0x3A, 0x36, 0x39, 0x3A, 0x3A, 0x3A, 0x3A, 0x2C, 0x36, 0x2C, 0xD1,
        0x3A, 0x3A, 0x2C, 0x2C, 0x36, 0xA8, 0xA5, 0xA9, 0x2C, 0x36, 0x36, 0xB9, 0xA8, 0xB9, 0xBD, 0xCE,
        0x39, 0xA8, 0xBA, 0xBA, 0xBA, 0xBD, 0xBE, 0xBE, 0xBD, 0xBA, 0xBA, 0xBD, 0xBE, 0xBE, 0xA9, 0x9B,
    },
    // Tile 407
    {
        0x9E, 0x4C, 0x46, 0x46, 0x45, 0x45, 0x2F, 0x22, 0x9E, 0x3A, 0x45, 0x45, 0x2F, 0x22, 0x17, 0x16,
        0x9C, 0x3A, 0x3B, 0x22, 0x22, 0x22, 0x16, 0x2B, 0x45, 0x1F, 0x22, 0x16, 0x16, 0x2B, 0x3A, 0x39,
        0x16, 0x13, 0x13, 0x2B, 0x39, 0x3A, 0x3A, 0x3A, 0x2C, 0x36, 0x36, 0x39, 0x3A, 0x3A, 0x3A, 0x3A,
        0x39, 0x39, 0x3A, 0x39, 0x3A, 0x3A, 0x4C, 0x3A, 0x39, 0x39, 0x39, 0x3A, 0x39, 0x3A, 0x36, 0x3A,
    },
    // Tile 408
    {
        0x16, 0x17, 0x19, 0x2B, 0x3A, 0x39, 0x3A, 0x3A, 0x16, 0x2C, 0x3A, 0x3A, 0x3A, 0x3A, 0x3A, 0x3A,
        0x3A, 0x3A, 0x3A, 0x3A, 0x3A, 0x3A, 0x3A, 0x3A, 0x3A, 0x3A, 0x3A, 0x3A, 0x3A, 0x3A, 0x3A, 0x3A,
        0x3A, 0x3A, 0x3A, 0x3A, 0x3A, 0x3A, 0x3A, 0x2E, 0x3A, 0x3A, 0x51, 0x51, 0x3B, 0x2F, 0x22, 0x16,
        0x51, 0x52, 0x45, 0x2F, 0x19, 0x0E, 0x0B, 0x00, 0x3A, 0x2C, 0x22, 0x14, 0x08, 0x00, 0x00, 0x00,
    },
    // Tile 409
    {
        0x1F, 0x1F, 0x39, 0x39, 0x4B, 0x4C, 0x1C, 0x1E, 0x12, 0x1E, 0x2B, 0x2B, 0x39, 0x4B, 0x12, 0x1E,
        0x3A, 0x2C, 0x1E, 0x1E, 0x1E, 0x2B, 0x12, 0x1E, 0x3A, 0x3A, 0x3A, 0x2C, 0x12, 0x1E, 0x13, 0x1E,
        0x3A, 0x3A, 0x3A, 0x3A, 0x2C, 0x1F, 0x13, 0x1E, 0x3A, 0x3A, 0x51, 0x51, 0x3B, 0x1F, 0x12, 0x15,
        0x51, 0x52, 0x45, 0x2C, 0x2E, 0x3A, 0x2C, 0x12, 0x3A, 0x2C, 0x2C, 0x39, 0x3A, 0x3A, 0x3A, 0x3A,
    },
    // Tile 410
    {
        0x9E, 0x3A, 0x3A, 0x3A, 0x3A, 0x3A, 0x2C, 0x85, 0xA9, 0x3A, 0x3A, 0x3A, 0x2C, 0x94, 0x93, 0x9A,
        0xAD, 0x3A, 0x2C, 0x84, 0x94, 0xA5, 0xA5, 0xA5, 0x9E, 0x7E, 0x93, 0x94, 0xA5, 0xA5, 0xA5, 0xA5,
        0x89, 0x6F, 0x7E, 0xA5, 0xA5, 0xA5, 0xA5, 0xA5, 0x73, 0x3A, 0x52, 0x93, 0xA5, 0xA5, 0xA5, 0xA6,
        0x59, 0x1F, 0x2B, 0x3A, 0x66, 0x93, 0xA5, 0xA6, 0x46, 0x12, 0x13, 0x2B, 0x2C, 0x3A, 0x7D, 0x9A,
    },
    // Tile 411
    {
        0x66, 0x52, 0x3A, 0x3A, 0x3A, 0x44, 0x52, 0x66, 0xA5, 0x94, 0x7D, 0x52, 0x52, 0x6F, 0x93, 0x9A,
        0xA5, 0xA5, 0x94, 0x66, 0x59, 0x93, 0x9A, 0xA6, 0x93, 0x6F, 0x52, 0x3A, 0x3A, 0x52, 0x7D, 0x94,
        0x36, 0x3A, 0x3A, 0x3A, 0x3A, 0x3A, 0x3A, 0x51, 0x3A, 0x36, 0x36, 0x3A, 0x44, 0x3A, 0x3A, 0x3A,
        0x39, 0x39, 0x3A, 0x39, 0x3A, 0x39, 0x2C, 0x2C, 0x39, 0x39, 0x39, 0x3A, 0x39, 0x2C, 0x29, 0xA8,
    },
    // Tile 412
    {
        0x66, 0x52, 0x3A, 0x3A, 0x3A, 0x3A, 0x52, 0x6F, 0x9A, 0x94, 0x7E, 0x52, 0x52, 0x7D, 0x93, 0x9A,
        0xA6, 0xA8, 0x9A, 0x67, 0x59, 0x84, 0x93, 0x93, 0x94, 0x7D, 0x52, 0x3A, 0x2C, 0x3A, 0x66, 0xD1,
        0x3A, 0x3A, 0x2C, 0x2C, 0x2C, 0xA8, 0xA5, 0xA9, 0x2C, 0x2C, 0x2C, 0xB9, 0xA8, 0xB9, 0xBD, 0xCE,
        0x39, 0xA8, 0xBA, 0xBA, 0xBA, 0xBD, 0xBE, 0xBE, 0xBD, 0xBA, 0xBA, 0xBD, 0xBE, 0xBE, 0xA9, 0x9B,
    },
    // Tile 413
    {
        0x7D, 0x52, 0x3A, 0x2C, 0x1F, 0x9A, 0xA9, 0xBA, 0x84, 0x7D, 0x67, 0xAB, 0xB9, 0xBA, 0xBA, 0xBD,
        0x93, 0xA8, 0xBD, 0xBA, 0xBA, 0xBD, 0xBE, 0xBE, 0xBA, 0xBA, 0xBD, 0xBD, 0xBE, 0xBF, 0xAD, 0xAD,
        0xBA, 0xBD, 0xBE, 0xBE, 0xBE, 0xAD, 0xAD, 0xAD, 0xBF, 0xBD, 0xAD, 0xAD, 0xAD, 0xAD, 0xAD, 0xAD,
        0xAD, 0xBE, 0xAD, 0xAD, 0xAA, 0xA9, 0xA9, 0x9E, 0x70, 0xAC, 0xAD, 0xA9, 0xA9, 0x9E, 0x89, 0x70,
    },
    // Tile 414
    {
        0x16, 0x0E, 0x45, 0x45, 0x45, 0x2F, 0x22, 0x20, 0x16, 0x0E, 0x3B, 0x2F, 0x22, 0x22, 0x20, 0x0E,
        0x16, 0x0E, 0x23, 0x22, 0x22, 0x16, 0x2B, 0x39, 0x16, 0x0E, 0x16, 0x16, 0x2C, 0x39, 0x3A, 0x39,
        0x16, 0x0D, 0x2C, 0x39, 0x39, 0x3A, 0x3A, 0x3A, 0x16, 0x07, 0x2B, 0x39, 0x3A, 0x3A, 0x3A, 0x3A,
        0x0E, 0x2C, 0x3A, 0x2C, 0x2C, 0x3A, 0x4C, 0x3A, 0x39, 0x39, 0x3A, 0x3A, 0x3A, 0x3A, 0x2B, 0x3A,
    },
    // Tile 415
    {
        0x3A, 0x3A, 0x3A, 0x3A, 0x2B, 0x12, 0x1E, 0x1F, 0x3A, 0x3A, 0x3A, 0x3A, 0x3A, 0x3A, 0x1F, 0x13,
        0x3A, 0x3A, 0x3A, 0x3A, 0x3A, 0x3A, 0x3A, 0x3A, 0x39, 0x3A, 0x3A, 0x3A, 0x3A, 0x3A, 0x3A, 0x3A,
        0x1E, 0x2B, 0x36, 0x3A, 0x3A, 0x3A, 0x3A, 0x3A, 0x12, 0x12, 0x1C, 0x2B, 0x39, 0x3A, 0x3A, 0x4C,
        0x00, 0x0B, 0x12, 0x1C, 0x1F, 0x2C, 0x3A, 0x3A, 0x00, 0x00, 0x00, 0x0A, 0x0B, 0x12, 0x1E, 0x2C,
    },
    // Tile 416
    {
        0x1E, 0x1E, 0x12, 0x1E, 0x1F, 0x3A, 0x53, 0xA6, 0x1E, 0x13, 0x1E, 0x1E, 0x16, 0x39, 0x52, 0xA6,
        0x2C, 0x0B, 0x1E, 0x1E, 0x16, 0x2B, 0x3A, 0x93, 0x3A, 0x2C, 0x13, 0x1F, 0x1F, 0x1F, 0x1F, 0x3A,
        0x3A, 0x3A, 0x2C, 0x13, 0x13, 0x1E, 0x15, 0x1E, 0x3A, 0x4C, 0x4C, 0x3A, 0x2C, 0x3A, 0x3A, 0x2B,
        0x51, 0x3A, 0x2C, 0x39, 0x3A, 0x3A, 0x3A, 0x3A, 0x2C, 0x3A, 0x2E, 0x39, 0x39, 0x39, 0x3A, 0x3A,
    },
    // Tile 417
    {
        0x9E, 0x45, 0x21, 0x15, 0x1F, 0x1F, 0x22, 0x16, 0x9E, 0x45, 0x2B, 0x1E, 0x16, 0x16, 0x0F, 0x07,
        0x9C, 0x22, 0x1F, 0x1E, 0x1F, 0x16, 0x2C, 0x3A, 0x45, 0x1F, 0x15, 0x1E, 0x16, 0x0E, 0x3A, 0x3A,
        0x16, 0x12, 0x29, 0x12, 0x14, 0x3A, 0x3A, 0x3A, 0x2C, 0x36, 0x36, 0x2B, 0x39, 0x3A, 0x3A, 0x4C,
        0x39, 0x39, 0x3A, 0x39, 0x3A, 0x2C, 0x3A, 0x3A, 0x39, 0x39, 0x39, 0x3A, 0x39, 0x3A, 0x36, 0x2C,
    },
    // Tile 418
    {
        0x2C, 0x05, 0x0A, 0x04, 0x01, 0x01, 0x01, 0xA6, 0x2B, 0x13, 0x04, 0x04, 0x04, 0x02, 0x01, 0xA6,
        0x3A, 0x2C, 0x2B, 0x1F, 0x04, 0x01, 0x01, 0x93, 0x3A, 0x3A, 0x3A, 0x3A, 0x2C, 0x0A, 0x04, 0x3A,
        0x3A, 0x3A, 0x3A, 0x3A, 0x3A, 0x3A, 0x2B, 0x1E, 0x3A, 0x3A, 0x51, 0x51, 0x3B, 0x3A, 0x3A, 0x2B,
        0x51, 0x52, 0x45, 0x39, 0x3A, 0x3A, 0x3A, 0x3A, 0x3A, 0x3A, 0x2E, 0x39, 0x39, 0x39, 0x3A, 0x3A,
    },
    // Tile 419
    {
        0x3A, 0x3A, 0x3A, 0x3A, 0x3A, 0x3A, 0x3A, 0x44, 0x3A, 0x3A, 0x3A, 0x3A, 0x3A, 0x3A, 0x39, 0x39,
        0x3A, 0x3A, 0x3A, 0x3A, 0x39, 0x39, 0x39, 0x39, 0x3A, 0x3A, 0x3A, 0x39, 0x3A, 0x39, 0x3A, 0x39,
        0x85, 0xA8, 0xA8, 0xA8, 0x39, 0x3A, 0x3A, 0x3A, 0xA8, 0xBA, 0xBA, 0xCB, 0xCD, 0xBA, 0x3A, 0x3A,
        0xA5, 0xB9, 0xBA, 0xBD, 0xBA, 0xBA, 0xBA, 0xA8, 0x79, 0x92, 0xA5, 0xCD, 0xBD, 0xBA, 0xB9, 0xB9,
    },
    // Tile 420
    {
        0x3A, 0x3A, 0x3A, 0x3A, 0x3A, 0x3A, 0x3A, 0x44, 0x3A, 0x3A, 0x3A, 0x3A, 0x3A, 0x3A, 0x39, 0x39,
        0x3A, 0x3A, 0x3A, 0x3A, 0x39, 0x39, 0x39, 0x39, 0x3A, 0x3A, 0x3A, 0x39, 0x3A, 0x39, 0x3A, 0x39,
        0x36, 0x36, 0x3A, 0x39, 0x39, 0x3A, 0x3A, 0x3A, 0x3A, 0x36, 0x36, 0x39, 0x3A, 0x3A, 0x3A, 0x3A,
        0x39, 0x39, 0x3A, 0x39, 0x3A, 0x2C, 0x36, 0x2C, 0x39, 0x39, 0x39, 0x3A, 0x2B, 0x2C, 0x29, 0x1F,
    },
    // Tile 421
    {
        0x3A, 0x3A, 0x39, 0x39, 0x3A, 0x39, 0x3A, 0x3A, 0x39, 0x3A, 0x3A, 0x3A, 0x3A, 0x3A, 0x3A, 0x3A,
        0x3A, 0x3A, 0x3A, 0x3A, 0x3A, 0x3A, 0x2C, 0x2C, 0x3A, 0x3A, 0x3A, 0x3A, 0x2C, 0x2C, 0xBC, 0xBD,
        0x3A, 0x2C, 0x2C, 0x2C, 0x2B, 0x2B, 0x9A, 0x9E, 0x2C, 0x2C, 0x2B, 0x2B, 0xA8, 0xA9, 0xA9, 0xBA,
        0x2B, 0x2C, 0x9A, 0xA9, 0xBA, 0xBA, 0xBD, 0xBE, 0xA9, 0xAC, 0xBA, 0xBA, 0xBD, 0xCE, 0xBE, 0xA9,
    },
    // Tile 422
    {
        0x3A, 0x3A, 0x3A, 0x2C, 0x93, 0xA8, 0xBA, 0xBA, 0x2C, 0x2C, 0xA8, 0xA8, 0xA8, 0xA9, 0xBD, 0xBE,
        0xBA, 0xBD, 0xBA, 0xA9, 0xBA, 0xBD, 0xBD, 0xAD, 0xA8, 0xBA, 0xBD, 0xBD, 0xBD, 0xAD, 0xAD, 0xAD,
        0xBA, 0xBE, 0xBE, 0xBE, 0xAD, 0xAD, 0xAD, 0xAD, 0xBE, 0x9B, 0xBF, 0xAD, 0xAE, 0xAD, 0xAD, 0xAD,
        0xBE, 0x89, 0x9E, 0x85, 0x9C, 0x9E, 0x9E, 0x9E, 0x89, 0x6F, 0x70, 0x2C, 0x3B, 0x88, 0x85, 0x5A,
    },
    // Tile 423
    {
        0x4C, 0x65, 0x4B, 0x1F, 0x3A, 0xA6, 0xAC, 0x39, 0x39, 0x39, 0x28, 0x1E, 0x2C, 0xA6, 0xA9, 0x4C,
        0x39, 0x35, 0x1B, 0x1E, 0x2C, 0xA9, 0xBE, 0x51, 0x4B, 0x2B, 0x12, 0x13, 0x2C, 0xA5, 0xAD, 0x52,
        0x51, 0x38, 0x12, 0x1E, 0x22, 0x94, 0xAD, 0x52, 0x3A, 0x39, 0x1B, 0x1E, 0x22, 0x7E, 0xA9, 0x5A,
        0x39, 0x38, 0x1B, 0x1E, 0x1F, 0x53, 0x89, 0x70, 0x39, 0x39, 0x1B, 0x1E, 0x20, 0x3A, 0x66, 0x45,
    },
    // Tile 424
    {
        0x3A, 0x3A, 0x3A, 0x3A, 0x3A, 0x3A, 0x3A, 0x44, 0x3A, 0x3A, 0x3A, 0x3A, 0x3A, 0x3A, 0x39, 0x39,
        0x3A, 0x3A, 0x3A, 0x3A, 0x39, 0x39, 0x39, 0x39, 0x3A, 0x3A, 0x3A, 0x39, 0x3A, 0x39, 0x3A, 0x39,
        0x1F, 0x36, 0x3A, 0x39, 0x39, 0x3A, 0x3A, 0x3A, 0x3A, 0x2C, 0x2B, 0x39, 0x3A, 0x3A, 0x3A, 0x3A,
        0x3A, 0x3A, 0x3A, 0x2C, 0x2C, 0x3A, 0x4C, 0x2C, 0x39, 0x39, 0x3A, 0x3A, 0x3A, 0x2C, 0x1E, 0xA8,
    },
    // Tile 425
    {
        0x46, 0x45, 0x70, 0x1F, 0x22, 0x59, 0x59, 0x46, 0x45, 0x3A, 0x5A, 0x1E, 0x1F, 0x3B, 0x45, 0x45,
        0x45, 0x3B, 0x70, 0x1E, 0x1F, 0x3A, 0x45, 0x45, 0x53, 0x45, 0x6F, 0x1E, 0x1F, 0x2F, 0x53, 0x59,
        0x59, 0x45, 0x5A, 0x1E, 0x16, 0x3B, 0x59, 0x59, 0x45, 0x45, 0x45, 0x1F, 0x1F, 0x3B, 0x45, 0x46,
        0x45, 0x45, 0x2C, 0x1F, 0x1F, 0x2F, 0x45, 0x45, 0x59, 0x52, 0x22, 0x1E, 0x1F, 0x2F, 0x46, 0x59,
    },
    // Tile 426
    {
        0x3A, 0x36, 0x1B, 0x1E, 0x1F, 0x3A, 0x53, 0x39, 0x4C, 0x39, 0x1B, 0x1E, 0x1F, 0x3A, 0x45, 0x2C,
        0x39, 0x35, 0x1B, 0x1E, 0x21, 0x3A, 0x45, 0x51, 0x39, 0x28, 0x12, 0x1E, 0x1F, 0x3A, 0x59, 0x51,
        0x4C, 0x28, 0x12, 0x1E, 0x1F, 0x3A, 0x53, 0x51, 0x4B, 0x2A, 0x1B, 0x13, 0x1F, 0x3A, 0x52, 0x52,
        0x39, 0x35, 0x1B, 0x13, 0x16, 0x3A, 0x53, 0x66, 0x2B, 0x2A, 0x12, 0x15, 0x16, 0x3A, 0x59, 0xA5,
    },
    // Tile 427
    {
        0x3A, 0x3A, 0x3A, 0x3A, 0x39, 0x3A, 0x3A, 0x3A, 0x3A, 0x3A, 0x3A, 0x3A, 0x3A, 0x3A, 0x2C, 0x39,
        0x3A, 0x3A, 0x3A, 0x3A, 0x3A, 0x3A, 0x3A, 0x3A, 0xAD, 0x3A, 0x3A, 0x3A, 0x3A, 0x3A, 0x3A, 0x3A,
        0x94, 0x9A, 0x9B, 0x3A, 0x3A, 0x3A, 0x3A, 0x3A, 0xA8, 0xA8, 0xCB, 0xCD, 0xCD, 0x3A, 0x3A, 0x4C,
        0xB9, 0xBA, 0xB9, 0xBA, 0xBA, 0xB9, 0xA9, 0x3A, 0x91, 0xA5, 0xB9, 0xB9, 0xB9, 0xA8, 0xB9, 0xBA,
    },
    // Tile 428
    {
        0x3A, 0x3A, 0x3A, 0x3A, 0x39, 0x3A, 0x3A, 0x3A, 0x3A, 0x3A, 0x3A, 0x3A, 0x3A, 0x3A, 0x2C, 0x39,
        0x3A, 0x3A, 0x3A, 0x3A, 0x3A, 0x3A, 0x3A, 0x3A, 0x39, 0x3A, 0x3A, 0x3A, 0x3A, 0x3A, 0x3A, 0x3A,
        0x36, 0x2B, 0x36, 0x3A, 0x3A, 0x3A, 0x3A, 0x3A, 0x3A, 0x36, 0x36, 0x2B, 0x39, 0x3A, 0x3A, 0x4C,
        0x39, 0x39, 0x3A, 0x39, 0x3A, 0x2C, 0x2C, 0x2C, 0x39, 0x39, 0x39, 0x3A, 0x39, 0x2C, 0x29, 0xA8,
    },
    // Tile 429
    {
        0x53, 0x45, 0x2C, 0x1E, 0x1F, 0x2F, 0x59, 0x46, 0x46, 0x52, 0x22, 0x1E, 0x1F, 0x3A, 0x45, 0x45,
        0x46, 0x45, 0x21, 0x1E, 0x16, 0x2F, 0x45, 0x45, 0x53, 0x58, 0x1F, 0x1E, 0x16, 0x22, 0x45, 0x46,
        0x53, 0x45, 0x1F, 0x1E, 0x16, 0x22, 0x45, 0x53, 0x45, 0x45, 0x1F, 0x1E, 0x16, 0x22, 0x45, 0x45,
        0x45, 0x3A, 0x1F, 0x15, 0x16, 0x22, 0x45, 0x45, 0x72, 0x52, 0x21, 0x1E, 0x1F, 0x22, 0x3A, 0x2E,
    },
    // Tile 430
    {
        0x1E, 0x1E, 0x12, 0x1E, 0x1F, 0x3A, 0x53, 0xB8, 0x1E, 0x13, 0x1E, 0x1E, 0x16, 0x39, 0x52, 0xA5,
        0x2C, 0x0B, 0x1E, 0x1E, 0x16, 0x2B, 0x3A, 0x7D, 0x3A, 0x2C, 0x13, 0x1F, 0x1F, 0x1F, 0x1F, 0x1F,
        0x3A, 0x3A, 0x2C, 0x13, 0x13, 0x1E, 0x15, 0x0B, 0x3A, 0x3A, 0x51, 0x51, 0x3B, 0x2C, 0x2F, 0x3A,
        0x51, 0x52, 0x45, 0x2C, 0x2E, 0x3A, 0x3A, 0x3A, 0x3A, 0x2C, 0x2C, 0x39, 0x3A, 0x3A, 0x3A, 0x3A,
    },
    // Tile 431
    {
        0xA9, 0x89, 0x21, 0x15, 0x1F, 0x1F, 0x22, 0x16, 0xA9, 0x9E, 0x2B, 0x1E, 0x16, 0x16, 0x0F, 0x07,
        0x9C, 0x9B, 0x1F, 0x1E, 0x1F, 0x16, 0x2B, 0x39, 0x5C, 0x45, 0x15, 0x1E, 0x16, 0x0E, 0x3A, 0x39,
        0x22, 0x16, 0x2C, 0x12, 0x14, 0x3A, 0x3A, 0x3A, 0x0E, 0x1F, 0x2B, 0x39, 0x3A, 0x3A, 0x3A, 0x3A,
        0x3A, 0x3A, 0x3A, 0x2C, 0x2C, 0x3A, 0x4C, 0x3A, 0x39, 0x39, 0x3A, 0x3A, 0x3A, 0x3A, 0x2B, 0x3A,
    },
    // Tile 432
    {
        0x3A, 0x3A, 0x3A, 0x3A, 0x39, 0x3A, 0x2C, 0x1E, 0x3A, 0x3A, 0x3A, 0x3A, 0x3A, 0x3A, 0x2C, 0x39,
        0x3A, 0x3A, 0x3A, 0x3A, 0x3A, 0x3A, 0x3A, 0x3A, 0x39, 0x3A, 0x3A, 0x3A, 0x3A, 0x3A, 0x3A, 0x3A,
        0x1E, 0x2B, 0x36, 0x3A, 0x3A, 0x3A, 0x3A, 0x3A, 0x12, 0x12, 0x1C, 0x2B, 0x39, 0x3A, 0x3A, 0x4C,
        0x00, 0x0B, 0x12, 0x1C, 0x1F, 0x2C, 0x3A, 0x3A, 0x00, 0x00, 0x00, 0x0A, 0x0B, 0x12, 0x1E, 0x2C,
    },
    // Tile 433
    {
        0x1F, 0x1F, 0x1F, 0x39, 0x4B, 0x4C, 0x4C, 0xA6, 0x2B, 0x1E, 0x1F, 0x29, 0x2B, 0x39, 0x39, 0xA6,
        0x3A, 0x3A, 0x2C, 0x13, 0x1E, 0x2B, 0x2C, 0x93, 0x3A, 0x3A, 0x3A, 0x3A, 0x2C, 0x13, 0x1F, 0x3A,
        0x3A, 0x3A, 0x3A, 0x3A, 0x4C, 0x39, 0x12, 0x1E, 0x3A, 0x4C, 0x4C, 0x3A, 0x2C, 0x3A, 0x3A, 0x2B,
        0x51, 0x3A, 0x2C, 0x39, 0x3A, 0x3A, 0x3A, 0x3A, 0x2C, 0x3A, 0x2E, 0x39, 0x39, 0x39, 0x3A, 0x3A,
    },
    // Tile 434
    {
        0x9E, 0x4C, 0x46, 0x46, 0x45, 0x45, 0x2F, 0x22, 0x9E, 0x3A, 0x45, 0x45, 0x2F, 0x22, 0x17, 0x16,
        0x9C, 0x3A, 0x3B, 0x22, 0x22, 0x22, 0x16, 0x2C, 0x45, 0x1F, 0x22, 0x16, 0x16, 0x2C, 0x3A, 0x3A,
        0x16, 0x13, 0x13, 0x2C, 0x3A, 0x3A, 0x3A, 0x3A, 0x2C, 0x36, 0x36, 0x2B, 0x39, 0x3A, 0x3A, 0x4C,
        0x39, 0x39, 0x3A, 0x39, 0x3A, 0x2C, 0x3A, 0x3A, 0x39, 0x39, 0x39, 0x3A, 0x39, 0x3A, 0x36, 0x2C,
    },
    // Tile 435
    {
        0x16, 0x17, 0x19, 0x1F, 0x39, 0x3A, 0x3A, 0x3A, 0x16, 0x2C, 0x3A, 0x3A, 0x3A, 0x3A, 0x3A, 0x3A,
        0x3A, 0x3A, 0x3A, 0x3A, 0x3A, 0x3A, 0x4C, 0x51, 0x3A, 0x3A, 0x3A, 0x3A, 0x3A, 0x4C, 0x3A, 0x3A,
        0x3A, 0x3A, 0x3A, 0x3A, 0x4C, 0x39, 0x2B, 0x16, 0x3A, 0x4C, 0x4C, 0x3A, 0x2C, 0x1F, 0x14, 0x0F,
        0x51, 0x3A, 0x2C, 0x1F, 0x16, 0x0E, 0x0C, 0x00, 0x2C, 0x16, 0x0E, 0x0E, 0x0C, 0x00, 0x00, 0x00,
    },
    // Tile 436
    {
        0x1F, 0x1F, 0x39, 0x39, 0x4B, 0x4C, 0x1C, 0x1E, 0x12, 0x1E, 0x2B, 0x2B, 0x39, 0x4B, 0x12, 0x1E,
        0xA6, 0x93, 0x1E, 0x1E, 0x1E, 0x2B, 0x12, 0x1E, 0x94, 0x7D, 0x52, 0x2C, 0x12, 0x1E, 0x13, 0x1E,
        0x3A, 0x3A, 0x3A, 0x3A, 0x2C, 0x21, 0x13, 0x1E, 0x3A, 0x3A, 0x3A, 0x44, 0x45, 0x2C, 0x12, 0x15,
        0x51, 0x52, 0x45, 0x39, 0x3A, 0x3A, 0x2C, 0x12, 0x3A, 0x3A, 0x2E, 0x39, 0x39, 0x39, 0x3A, 0x3A,
    },
    // Tile 437
    {
        0x3A, 0x3A, 0x3A, 0x3A, 0x3A, 0x3A, 0x3A, 0x44, 0x3A, 0x3A, 0x3A, 0x3A, 0x3A, 0x3A, 0x39, 0x39,
        0x3A, 0x3A, 0x3A, 0x3A, 0x39, 0x39, 0x39, 0x39, 0xAD, 0x3A, 0x3A, 0x39, 0x3A, 0x39, 0x3A, 0x39,
        0xBE, 0x89, 0x3A, 0x39, 0x39, 0x3A, 0x3A, 0x3A, 0xAD, 0x36, 0x36, 0x39, 0x3A, 0x3A, 0x3A, 0x3A,
        0xAD, 0x39, 0x3A, 0x39, 0x3A, 0x3A, 0x36, 0x2C, 0xAD, 0x39, 0x39, 0x3A, 0x39, 0x2C, 0x29, 0xA8,
    },
    // Tile 438
    {
        0x4C, 0x65, 0x7D, 0xA3, 0x93, 0xA3, 0xBD, 0xAD, 0x4C, 0x4C, 0x62, 0xB6, 0xA5, 0x93, 0xA9, 0xA9,
        0x39, 0x3A, 0x52, 0xA5, 0xA6, 0xB9, 0xBE, 0xBE, 0x51, 0x4C, 0x52, 0xA5, 0xB6, 0xB7, 0xBE, 0xD1,
        0x4C, 0x62, 0x62, 0x93, 0xA5, 0xA5, 0xCA, 0xBD, 0x3A, 0x4C, 0x4C, 0x62, 0x91, 0xA5, 0xA9, 0xB9,
        0x39, 0x4C, 0x4C, 0x4C, 0x51, 0x66, 0x85, 0xA5, 0x39, 0x39, 0x39, 0x4C, 0x4C, 0x51, 0x52, 0xA5,
    },
    // Tile 439
    {
        0x9E, 0x3A, 0x3A, 0x2C, 0x1F, 0x9A, 0xA9, 0xBA, 0xA9, 0x2C, 0x2C, 0xAB, 0xB9, 0xBA, 0xBA, 0xBD,
        0xAD, 0xA8, 0xBD, 0xBA, 0xBA, 0xBD, 0xBE, 0xBE, 0xBA, 0xBA, 0xBD, 0xBD, 0xBE, 0xBF, 0xAD, 0xAD,
        0xBA, 0xBD, 0xBE, 0xBE, 0xBE, 0xAD, 0xAD, 0xAD, 0xB9, 0xBD, 0xAD, 0xAD, 0xAD, 0xAD, 0xAD, 0xAD,
        0xB9, 0xBE, 0xAD, 0xAD, 0xAA, 0xA9, 0xA9, 0x9E, 0xA5, 0xAC, 0xAD, 0xA9, 0xA9, 0x9E, 0x89, 0x70,
    },
    // Tile 440
    {
        0x51, 0x4C, 0x4C, 0x4C, 0x39, 0x4C, 0x52, 0xA3, 0x4C, 0x4C, 0x52, 0x4C, 0x39, 0x39, 0x45, 0xA4,
        0x39, 0x3A, 0x4C, 0x39, 0x4C, 0x4C, 0x52, 0xB7, 0x3A, 0x3A, 0x3A, 0x4B, 0x4B, 0x4C, 0x52, 0xB6,
        0x4C, 0x4C, 0x3A, 0x3A, 0x4B, 0x4C, 0x52, 0xB5, 0x4C, 0x4C, 0x4C, 0x4C, 0x4C, 0x4C, 0x45, 0x91,
        0x3A, 0x4C, 0x4C, 0x4C, 0x4C, 0x61, 0x52, 0x4C, 0x36, 0x39, 0x39, 0x4B, 0x4B, 0x51, 0x53, 0x4C,
    },
    // Tile 441
    {
        0xA5, 0xA9, 0xAA, 0xA9, 0x9E, 0x72, 0x5A, 0x53, 0xA5, 0xA9, 0xAD, 0xBF, 0xAD, 0x5A, 0x53, 0x46,
        0xB8, 0xBD, 0xBF, 0xC1, 0xAD, 0x5A, 0x46, 0x45, 0xB8, 0xBD, 0xAD, 0xAD, 0xA9, 0x53, 0x45, 0x53,
        0xB8, 0xBD, 0x9E, 0x9E, 0x85, 0x59, 0x59, 0x53, 0xA4, 0xA9, 0x9E, 0x85, 0x5A, 0x59, 0x45, 0x45,
        0x65, 0x84, 0x5A, 0x59, 0x46, 0x46, 0x45, 0x45, 0x4C, 0x65, 0x46, 0x45, 0x45, 0x45, 0x45, 0x46,
    },
    // Tile 442
    {
        0x1F, 0x1F, 0x39, 0x39, 0x4B, 0x4C, 0x52, 0x3A, 0x12, 0x1E, 0x2B, 0x2B, 0x39, 0x4B, 0x52, 0x4C,
        0x3A, 0x2C, 0x1E, 0x1E, 0x1E, 0x2B, 0x3A, 0x4C, 0x3A, 0x3A, 0x2C, 0x13, 0x12, 0x1E, 0x22, 0x39,
        0x3A, 0x3A, 0x3A, 0x2B, 0x0B, 0x0A, 0x15, 0x3A, 0x3A, 0x3A, 0x51, 0x39, 0x1F, 0x12, 0x12, 0x3A,
        0x51, 0x52, 0x45, 0x39, 0x2B, 0x12, 0x12, 0x4C, 0x3A, 0x3A, 0x2E, 0x39, 0x2B, 0x1E, 0x0B, 0x39,
    },
    // Tile 443
    {
        0x3A, 0x52, 0x45, 0x45, 0x45, 0x45, 0x53, 0x59, 0x39, 0x52, 0x46, 0x53, 0x59, 0x46, 0x53, 0x45,
        0x4C, 0x59, 0x59, 0x59, 0x53, 0x45, 0x45, 0x45, 0x4C, 0x59, 0x46, 0x45, 0x45, 0x45, 0x45, 0x53,
        0x4C, 0x53, 0x45, 0x45, 0x3B, 0x45, 0x47, 0x59, 0x4C, 0x45, 0x45, 0x45, 0x59, 0x59, 0x46, 0x45,
        0x51, 0x52, 0x53, 0x53, 0x53, 0x46, 0x45, 0x3B, 0x4C, 0x52, 0x46, 0x46, 0x45, 0x45, 0x45, 0x2F,
    },
    // Tile 444
    {
        0x9E, 0x52, 0x45, 0x45, 0x45, 0x2F, 0x22, 0x20, 0x9E, 0x3B, 0x3B, 0x2F, 0x22, 0x22, 0x20, 0x0E,
        0x9C, 0x3A, 0x23, 0x22, 0x22, 0x16, 0x84, 0xA6, 0x45, 0x1F, 0x16, 0x16, 0x2C, 0x52, 0x7D, 0x94,
        0x16, 0x1F, 0x2C, 0x3A, 0x3A, 0x3A, 0x3A, 0x51, 0x2C, 0x36, 0x36, 0x3A, 0x44, 0x3A, 0x3A, 0x3A,
        0x39, 0x39, 0x3A, 0x39, 0x3A, 0x39, 0x3A, 0x3A, 0x39, 0x39, 0x39, 0x3A, 0x39, 0x3A, 0x36, 0x3A,
    },
    // Tile 445
    {
        0x16, 0x16, 0x2C, 0x3A, 0x3A, 0x3A, 0x52, 0x6F, 0x83, 0x94, 0x7E, 0x52, 0x52, 0x7D, 0x93, 0x9A,
        0xA6, 0xA8, 0x9A, 0x67, 0x59, 0x84, 0xA5, 0xA5, 0x94, 0x7D, 0x52, 0x3A, 0x3A, 0x52, 0x7D, 0x94,
        0x3A, 0x3A, 0x3A, 0x3A, 0x3A, 0x44, 0x45, 0x45, 0x3A, 0x3A, 0x3A, 0x44, 0x45, 0x2F, 0x22, 0x16,
        0x51, 0x52, 0x45, 0x2F, 0x17, 0x0E, 0x0C, 0x00, 0x3A, 0x2D, 0x22, 0x0E, 0x08, 0x00, 0x00, 0x00,
    },
    // Tile 446
    {
        0x2C, 0x3A, 0x3A, 0x3A, 0x3A, 0x1F, 0x12, 0x39, 0x0B, 0x15, 0x2B, 0x39, 0x3A, 0x2C, 0x12, 0x36,
        0x00, 0x09, 0x12, 0x29, 0x36, 0x39, 0x10, 0x1F, 0x00, 0x00, 0x00, 0x0B, 0x1E, 0x29, 0x29, 0x12,
        0x00, 0x00, 0x00, 0x00, 0x00, 0x0B, 0x13, 0x1F, 0x00, 0x00, 0x00, 0x00, 0x00, 0x00, 0x00, 0x0B,
        0x00, 0x00, 0x00, 0x00, 0x00, 0x00, 0x00, 0x00, 0x00, 0x00, 0x00, 0x00, 0x00, 0x00, 0x00, 0x00,
    },
    // Tile 447
    {
        0x39, 0x52, 0x45, 0x45, 0x45, 0x2F, 0x22, 0x20, 0x39, 0x3B, 0x3B, 0x2F, 0x22, 0x22, 0x20, 0x0E,
        0x2C, 0x3A, 0x23, 0x22, 0x22, 0x16, 0x2B, 0x39, 0x13, 0x1F, 0x16, 0x16, 0x2C, 0x39, 0x3A, 0x39,
        0x1F, 0x29, 0x2C, 0x39, 0x39, 0x3A, 0x3A, 0x3A, 0x12, 0x1E, 0x2B, 0x39, 0x3A, 0x3A, 0x3A, 0x3A,
        0x00, 0x0A, 0x12, 0x1E, 0x36, 0x3A, 0x4C, 0x3A, 0x00, 0x00, 0x00, 0x0A, 0x12, 0x1E, 0x2C, 0x3A,
    },
};

const uint16_t g_dungeon_bg_map[DUNGEON_BG_MAP_HEIGHT_TILES][DUNGEON_BG_MAP_WIDTH_TILES] __attribute__((aligned(4))) = {
    { 0, 0, 0, 0, 0, 0, 0, 0, 0, 0, 0, 0, 0, 0, 0, 0, 0, 0, 0, 0, 0, 0, 0, 0, 0, 0, 0, 0, 0, 0, 0, 0, 0, 0, 0, 0, 0, 0, 0, 0, 0, 0, 0, 0, 0, 0, 0, 0, 0, 0, 0, 0, 0, 0, 0, 0, 0, 0, 0, 0, 0, 0, 0, 0, 0, 0, 0, 0, 0, 0, 0, 0, 0, 0, 0, 0, 0, 0, 0, 0, 0, 0, 0, 0, 0, 0, 0, 0, 0, 0, 0, 0, 0, 0, 0, 0, 0, 0, 0, 0, 0, 0, 0, 0, 0, 0, 0, 0, 0, 0, 0, 0, 0, 0, 0, 0, 0, 0, 0, 0, 0, 0, 0, 0, 0, 0, 0, 0, 0, 0, 0, 0, 0, 0, 0, 0, 0, 0, 0, 0, 0, 0, 0, 0, },
    { 0, 0, 0, 0, 0, 0, 0, 0, 0, 0, 0, 0, 0, 0, 0, 0, 0, 0, 0, 0, 0, 0, 0, 0, 0, 0, 0, 0, 0, 0, 0, 0, 0, 0, 0, 0, 0, 0, 0, 0, 0, 0, 0, 0, 0, 0, 0, 0, 0, 0, 0, 0, 0, 0, 0, 0, 0, 0, 0, 0, 0, 0, 0, 0, 0, 0, 0, 0, 0, 0, 0, 0, 0, 0, 0, 0, 0, 0, 0, 0, 0, 0, 0, 0, 0, 0, 0, 0, 0, 0, 0, 0, 0, 0, 0, 0, 0, 0, 0, 0, 0, 0, 0, 0, 0, 0, 0, 0, 0, 0, 0, 0, 0, 0, 0, 0, 0, 0, 0, 0, 0, 0, 0, 0, 0, 0, 0, 0, 0, 0, 0, 0, 0, 0, 0, 0, 0, 0, 0, 0, 0, 0, 0, 0, },
    { 0, 0, 0, 0, 0, 0, 0, 0, 0, 0, 0, 0, 0, 0, 0, 0, 0, 0, 0, 0, 0, 0, 0, 0, 0, 0, 0, 0, 0, 0, 0, 0, 0, 0, 0, 0, 0, 0, 0, 0, 0, 0, 0, 0, 0, 0, 0, 0, 0, 0, 0, 0, 0, 0, 0, 0, 0, 0, 0, 0, 0, 0, 0, 0, 0, 0, 0, 0, 0, 0, 0, 0, 0, 0, 0, 0, 0, 0, 0, 0, 0, 0, 0, 0, 0, 0, 0, 0, 0, 0, 0, 0, 0, 0, 0, 0, 0, 0, 0, 0, 0, 0, 0, 0, 0, 0, 0, 0, 0, 0, 0, 0, 0, 0, 0, 0, 0, 0, 0, 0, 0, 0, 0, 0, 0, 0, 0, 0, 0, 0, 0, 0, 0, 0, 0, 0, 0, 0, 0, 0, 0, 0, 0, 0, },
    { 0, 0, 0, 0, 0, 0, 0, 0, 0, 0, 0, 0, 0, 0, 0, 0, 0, 0, 0, 0, 0, 0, 0, 0, 0, 0, 0, 0, 0, 0, 0, 0, 0, 0, 0, 0, 0, 0, 0, 0, 0, 0, 0, 0, 0, 0, 0, 0, 0, 0, 0, 0, 0, 0, 0, 0, 0, 0, 0, 0, 0, 0, 0, 0, 0, 0, 0, 0, 0, 0, 0, 0, 0, 0, 0, 0, 0, 0, 0, 0, 0, 0, 0, 0, 0, 0, 0, 0, 0, 0, 0, 0, 0, 0, 0, 0, 0, 0, 0, 0, 0, 0, 0, 0, 0, 0, 0, 0, 0, 0, 0, 0, 0, 0, 0, 0, 0, 0, 0, 0, 0, 0, 0, 0, 0, 0, 0, 0, 0, 0, 0, 0, 0, 0, 0, 0, 0, 0, 0, 0, 0, 0, 0, 0, },
    { 0, 0, 0, 0, 0, 0, 0, 0, 0, 0, 0, 0, 0, 0, 0, 0, 0, 0, 0, 0, 0, 0, 0, 0, 0, 0, 0, 0, 0, 0, 0, 0, 0, 0, 0, 0, 0, 0, 0, 0, 0, 0, 0, 0, 0, 0, 0, 0, 0, 0, 0, 0, 0, 0, 0, 0, 0, 0, 0, 0, 0, 0, 0, 0, 0, 0, 0, 0, 0, 0, 0, 0, 0, 0, 0, 0, 0, 0, 0, 0, 0, 0, 0, 0, 0, 0, 0, 0, 0, 0, 0, 0, 0, 0, 0, 0, 0, 0, 0, 0, 0, 0, 0, 0, 0, 0, 0, 0, 0, 0, 0, 0, 0, 0, 0, 0, 0, 0, 0, 0, 0, 0, 0, 0, 0, 0, 0, 0, 0, 0, 0, 0, 0, 0, 0, 0, 0, 0, 0, 0, 0, 0, 0, 0, },
    { 0, 0, 0, 0, 0, 0, 0, 0, 0, 0, 0, 0, 0, 0, 0, 0, 0, 0, 0, 0, 0, 0, 0, 0, 0, 0, 0, 0, 0, 0, 0, 0, 0, 0, 0, 0, 0, 0, 0, 0, 0, 0, 0, 0, 0, 0, 0, 0, 0, 0, 0, 0, 0, 0, 0, 0, 0, 0, 0, 0, 0, 0, 0, 0, 0, 0, 0, 0, 0, 0, 0, 0, 0, 0, 0, 0, 0, 0, 0, 0, 0, 0, 0, 0, 0, 0, 0, 0, 0, 0, 0, 0, 0, 0, 0, 0, 0, 0, 0, 0, 0, 0, 0, 0, 0, 0, 0, 0, 0, 0, 0, 0, 0, 0, 0, 0, 0, 0, 0, 0, 0, 0, 0, 0, 0, 0, 0, 0, 0, 0, 0, 0, 0, 0, 0, 0, 0, 0, 0, 0, 0, 0, 0, 0, },
    { 0, 0, 0, 0, 0, 0, 0, 0, 0, 0, 0, 0, 0, 0, 0, 0, 0, 0, 0, 0, 0, 0, 0, 0, 0, 0, 0, 0, 0, 0, 0, 0, 0, 0, 0, 0, 0, 0, 0, 0, 0, 0, 0, 0, 0, 0, 0, 0, 0, 0, 0, 0, 0, 0, 0, 0, 0, 0, 0, 0, 0, 0, 0, 0, 0, 0, 0, 0, 0, 0, 0, 0, 0, 0, 0, 0, 0, 0, 0, 0, 0, 0, 0, 0, 0, 0, 0, 0, 0, 0, 0, 0, 0, 0, 0, 0, 0, 0, 0, 0, 0, 0, 0, 0, 0, 0, 0, 0, 0, 0, 0, 0, 0, 0, 0, 0, 0, 0, 0, 0, 0, 0, 0, 0, 0, 0, 0, 0, 0, 0, 0, 0, 0, 0, 0, 0, 0, 0, 0, 0, 0, 0, 0, 0, },
    { 0, 0, 0, 0, 0, 0, 0, 0, 0, 0, 0, 0, 0, 0, 0, 0, 0, 0, 0, 0, 0, 0, 0, 0, 0, 0, 0, 0, 0, 0, 0, 0, 0, 0, 0, 0, 0, 0, 0, 0, 0, 0, 0, 0, 0, 0, 0, 0, 0, 0, 0, 0, 0, 0, 0, 0, 0, 0, 0, 0, 0, 0, 0, 0, 0, 0, 0, 0, 0, 0, 0, 0, 0, 0, 0, 0, 0, 0, 0, 0, 0, 0, 0, 0, 0, 0, 0, 0, 0, 0, 0, 0, 0, 0, 0, 0, 0, 0, 0, 0, 0, 0, 0, 0, 0, 0, 0, 0, 0, 0, 0, 0, 0, 0, 0, 0, 0, 0, 0, 0, 0, 0, 0, 0, 0, 0, 0, 0, 0, 0, 0, 0, 0, 0, 0, 0, 0, 0, 0, 0, 0, 0, 0, 0, },
    { 0, 0, 0, 0, 0, 0, 0, 0, 0, 0, 0, 0, 0, 0, 0, 0, 0, 0, 0, 0, 0, 0, 0, 0, 0, 0, 0, 0, 0, 0, 0, 0, 0, 0, 0, 0, 0, 0, 0, 0, 0, 0, 0, 0, 0, 0, 0, 0, 0, 0, 0, 0, 0, 0, 0, 0, 0, 0, 0, 0, 0, 0, 0, 0, 0, 0, 0, 0, 0, 0, 0, 0, 0, 0, 0, 0, 0, 0, 0, 0, 0, 0, 0, 0, 0, 0, 0, 0, 0, 0, 0, 0, 0, 0, 0, 0, 0, 0, 0, 0, 0, 0, 0, 0, 0, 0, 0, 0, 0, 0, 0, 0, 0, 0, 0, 0, 0, 0, 0, 0, 0, 0, 0, 0, 0, 0, 0, 0, 0, 0, 0, 0, 0, 0, 0, 0, 0, 0, 0, 0, 0, 0, 0, 0, },
    { 0, 0, 0, 0, 0, 0, 0, 0, 0, 0, 0, 0, 0, 0, 0, 0, 0, 0, 0, 0, 0, 0, 0, 0, 0, 0, 0, 0, 0, 0, 0, 0, 0, 0, 0, 0, 0, 0, 0, 0, 0, 0, 0, 0, 0, 0, 0, 0, 0, 0, 0, 0, 0, 0, 0, 0, 0, 0, 0, 0, 0, 0, 0, 0, 0, 0, 0, 0, 0, 0, 0, 0, 0, 0, 0, 0, 0, 0, 0, 0, 0, 0, 0, 0, 0, 0, 0, 0, 0, 0, 0, 0, 0, 0, 0, 0, 0, 0, 0, 0, 0, 0, 0, 0, 0, 0, 0, 0, 0, 0, 0, 0, 0, 0, 0, 0, 0, 0, 0, 0, 0, 0, 0, 0, 0, 0, 0, 0, 0, 0, 0, 0, 0, 0, 0, 0, 0, 0, 0, 0, 0, 0, 0, 0, },
    { 0, 0, 0, 0, 0, 0, 0, 0, 0, 0, 0, 0, 0, 0, 0, 0, 0, 0, 0, 0, 0, 0, 0, 0, 0, 0, 0, 0, 0, 0, 0, 0, 0, 0, 0, 0, 0, 0, 0, 0, 0, 0, 0, 0, 0, 0, 0, 0, 0, 0, 0, 0, 0, 0, 0, 0, 0, 0, 0, 0, 0, 0, 0, 0, 0, 0, 0, 0, 0, 0, 0, 0, 0, 0, 0, 0, 0, 0, 0, 0, 0, 0, 0, 0, 0, 0, 0, 0, 0, 0, 0, 0, 0, 0, 0, 0, 0, 0, 0, 0, 0, 0, 0, 0, 0, 0, 0, 0, 0, 0, 0, 0, 0, 0, 0, 0, 0, 0, 0, 0, 0, 0, 0, 0, 0, 0, 0, 0, 0, 0, 0, 0, 0, 0, 0, 0, 0, 0, 0, 0, 0, 0, 0, 0, },
    { 0, 0, 0, 0, 0, 0, 0, 0, 0, 0, 0, 0, 0, 0, 0, 0, 0, 0, 0, 0, 0, 0, 0, 0, 0, 0, 0, 0, 0, 0, 0, 0, 0, 0, 0, 0, 0, 0, 0, 0, 0, 0, 0, 0, 0, 0, 0, 0, 0, 0, 0, 0, 0, 0, 0, 0, 0, 0, 0, 0, 0, 0, 0, 0, 0, 0, 0, 0, 0, 0, 0, 0, 0, 0, 0, 0, 0, 0, 0, 0, 0, 0, 0, 0, 0, 0, 0, 0, 0, 0, 0, 0, 0, 0, 0, 0, 0, 0, 0, 0, 0, 0, 0, 0, 0, 0, 0, 0, 0, 0, 0, 0, 0, 0, 0, 0, 0, 0, 0, 0, 0, 0, 0, 0, 0, 0, 0, 0, 0, 0, 0, 0, 0, 0, 0, 0, 0, 0, 0, 0, 0, 0, 0, 0, },
    { 0, 0, 0, 0, 0, 0, 0, 0, 0, 0, 0, 0, 0, 0, 0, 0, 0, 0, 0, 0, 0, 0, 0, 0, 0, 0, 0, 0, 0, 0, 0, 0, 0, 0, 0, 0, 0, 0, 0, 0, 0, 0, 0, 0, 0, 0, 0, 0, 0, 0, 0, 0, 0, 0, 0, 0, 0, 0, 0, 0, 0, 0, 0, 0, 0, 0, 0, 0, 0, 0, 0, 1, 2, 3, 0, 0, 0, 0, 0, 0, 0, 0, 0, 0, 0, 0, 0, 0, 0, 0, 0, 0, 0, 0, 0, 0, 0, 0, 0, 0, 0, 0, 0, 0, 0, 0, 0, 0, 0, 0, 0, 0, 0, 0, 0, 0, 0, 0, 0, 0, 0, 0, 0, 0, 0, 0, 0, 0, 0, 0, 0, 0, 0, 0, 0, 0, 0, 0, 0, 0, 0, 0, 0, 0, },
    { 0, 0, 0, 0, 0, 0, 0, 0, 0, 0, 0, 0, 0, 0, 0, 0, 0, 0, 0, 0, 0, 0, 0, 0, 0, 0, 0, 0, 0, 0, 0, 0, 0, 0, 0, 0, 0, 0, 0, 0, 0, 0, 0, 0, 0, 0, 0, 0, 0, 0, 0, 0, 0, 0, 0, 0, 0, 0, 0, 0, 0, 0, 0, 0, 0, 0, 0, 0, 0, 1, 4, 5, 6, 7, 8, 0, 0, 0, 0, 0, 0, 0, 0, 0, 0, 0, 0, 0, 0, 0, 0, 0, 0, 0, 0, 0, 0, 0, 0, 0, 0, 0, 0, 0, 0, 0, 0, 0, 0, 0, 0, 0, 0, 0, 0, 0, 0, 0, 0, 0, 0, 0, 0, 0, 0, 0, 0, 0, 0, 0, 0, 0, 0, 0, 0, 0, 0, 0, 0, 0, 0, 0, 0, 0, },
    { 0, 0, 0, 0, 0, 0, 0, 0, 0, 0, 0, 0, 0, 0, 0, 0, 0, 0, 0, 0, 0, 0, 0, 0, 0, 0, 0, 0, 0, 0, 0, 0, 0, 0, 0, 0, 0, 0, 0, 0, 0, 0, 0, 0, 0, 0, 0, 0, 0, 0, 0, 0, 0, 0, 0, 0, 0, 0, 0, 0, 0, 0, 0, 0, 0, 0, 0, 1, 4, 5, 9, 10, 11, 12, 13, 14, 8, 0, 0, 0, 0, 0, 0, 0, 0, 0, 0, 0, 0, 0, 0, 0, 0, 0, 0, 0, 0, 0, 0, 0, 0, 0, 0, 0, 0, 0, 0, 0, 0, 0, 0, 0, 0, 0, 0, 0, 0, 0, 0, 0, 0, 0, 0, 0, 0, 0, 0, 0, 0, 0, 0, 0, 0, 0, 0, 0, 0, 0, 0, 0, 0, 0, 0, 0, },
    { 0, 0, 0, 0, 0, 0, 0, 0, 0, 0, 0, 0, 0, 0, 0, 0, 0, 0, 0, 0, 0, 0, 0, 0, 0, 0, 0, 0, 0, 0, 0, 0, 0, 0, 0, 0, 0, 0, 0, 0, 0, 0, 0, 0, 0, 0, 0, 0, 0, 0, 0, 0, 0, 0, 0, 0, 0, 0, 0, 0, 0, 0, 0, 0, 0, 0, 15, 16, 9, 10, 17, 18, 19, 20, 21, 12, 13, 22, 23, 0, 0, 0, 0, 0, 0, 0, 0, 0, 0, 0, 0, 0, 0, 0, 0, 0, 0, 0, 0, 0, 0, 0, 0, 0, 0, 0, 0, 0, 0, 0, 0, 0, 0, 0, 0, 0, 0, 0, 0, 0, 0, 0, 0, 0, 0, 0, 0, 0, 0, 0, 0, 0, 0, 0, 0, 0, 0, 0, 0, 0, 0, 0, 0, 0, },
    { 0, 0, 0, 0, 0, 0, 0, 0, 0, 0, 0, 0, 0, 0, 0, 0, 0, 0, 0, 0, 0, 0, 0, 0, 0, 0, 0, 0, 0, 0, 0, 0, 0, 0, 0, 0, 0, 0, 0, 0, 0, 0, 0, 0, 0, 0, 0, 0, 0, 0, 0, 0, 0, 0, 0, 0, 0, 0, 0, 0, 0, 0, 0, 1, 2, 24, 25, 26, 17, 18, 27, 28, 29, 30, 31, 20, 32, 33, 34, 35, 8, 0, 0, 0, 0, 0, 0, 0, 0, 0, 0, 0, 0, 0, 0, 0, 0, 0, 0, 0, 0, 0, 0, 0, 0, 0, 0, 0, 0, 0, 0, 0, 0, 0, 0, 0, 0, 0, 0, 0, 0, 0, 0, 0, 0, 0, 0, 0, 0, 0, 0, 0, 0, 0, 0, 0, 0, 0, 0, 0, 0, 0, 0, 0, },
    { 0, 0, 0, 0, 0, 0, 0, 0, 0, 0, 0, 0, 0, 0, 0, 0, 0, 0, 0, 0, 0, 0, 0, 0, 0, 0, 0, 0, 0, 0, 0, 0, 0, 0, 0, 0, 0, 0, 0, 0, 0, 0, 0, 0, 0, 0, 0, 0, 0, 0, 0, 0, 0, 0, 0, 0, 0, 0, 0, 0, 0, 1, 4, 5, 9, 36, 37, 38, 27, 28, 39, 40, 41, 42, 43, 30, 44, 45, 46, 12, 13, 14, 8, 0, 0, 0, 0, 0, 0, 0, 0, 0, 0, 0, 0, 0, 0, 0, 0, 0, 0, 0, 0, 0, 0, 0, 0, 0, 0, 0, 0, 0, 0, 0, 0, 0, 0, 0, 0, 0, 0, 0, 0, 0, 0, 0, 0, 0, 0, 0, 0, 0, 0, 0, 0, 0, 0, 0, 0, 0, 0, 0, 0, 0, },
    { 0, 0, 0, 0, 0, 0, 0, 0, 0, 0, 0, 0, 0, 0, 0, 0, 0, 0, 0, 0, 0, 0, 0, 0, 0, 0, 0, 0, 0, 0, 0, 0, 0, 0, 0, 0, 0, 0, 0, 0, 0, 0, 0, 0, 0, 0, 0, 0, 0, 0, 0, 0, 0, 0, 0, 0, 0, 0, 0, 1, 4, 5, 9, 10, 17, 47, 48, 49, 39, 40, 41, 50, 51, 40, 41, 42, 52, 53, 54, 20, 21, 12, 13, 14, 8, 0, 0, 0, 0, 0, 0, 0, 0, 0, 0, 0, 0, 0, 0, 0, 0, 0, 0, 0, 0, 0, 0, 0, 0, 0, 0, 0, 0, 0, 0, 0, 0, 0, 0, 0, 0, 0, 0, 0, 0, 0, 0, 0, 0, 0, 0, 0, 0, 0, 0, 0, 0, 0, 0, 0, 0, 0, 0, 0, },
    { 0, 0, 0, 0, 0, 0, 0, 0, 0, 0, 0, 0, 0, 0, 0, 0, 0, 0, 0, 0, 0, 0, 0, 0, 0, 0, 0, 0, 0, 0, 0, 0, 0, 0, 0, 0, 0, 0, 0, 0, 0, 0, 0, 0, 0, 0, 0, 0, 0, 0, 0, 0, 0, 0, 0, 0, 0, 55, 56, 5, 9, 10, 17, 18, 27, 57, 58, 59, 60, 61, 51, 40, 41, 50, 51, 40, 41, 42, 62, 30, 31, 20, 21, 12, 63, 64, 0, 0, 0, 0, 0, 0, 0, 0, 0, 0, 0, 0, 0, 0, 0, 0, 0, 0, 0, 0, 0, 0, 0, 0, 0, 0, 0, 0, 0, 0, 0, 0, 0, 0, 0, 0, 0, 0, 0, 0, 0, 0, 0, 0, 0, 0, 0, 0, 0, 0, 0, 0, 0, 0, 0, 0, 0, 0, },
    { 0, 0, 0, 0, 0, 0, 0, 0, 0, 0, 0, 0, 0, 0, 0, 0, 0, 0, 0, 0, 0, 0, 0, 0, 0, 0, 0, 0, 0, 0, 0, 0, 0, 0, 0, 0, 0, 0, 0, 0, 0, 0, 0, 0, 0, 0, 0, 0, 0, 0, 0, 0, 0, 0, 0, 0, 65, 66, 67, 68, 17, 18, 27, 28, 39, 40, 69, 70, 71, 72, 41, 50, 51, 40, 41, 50, 51, 40, 41, 42, 43, 30, 31, 20, 73, 74, 75, 76, 23, 0, 0, 0, 0, 0, 0, 0, 0, 0, 0, 0, 0, 0, 0, 0, 0, 0, 0, 0, 0, 0, 0, 0, 0, 0, 0, 0, 0, 0, 0, 0, 0, 0, 0, 0, 0, 0, 0, 0, 0, 0, 0, 0, 0, 0, 0, 0, 0, 0, 0, 0, 0, 0, 0, 0, },
    { 0, 0, 0, 0, 0, 0, 0, 0, 0, 0, 0, 0, 0, 0, 0, 0, 0, 0, 0, 0, 0, 0, 0, 0, 0, 0, 0, 0, 0, 0, 0, 0, 0, 0, 0, 0, 0, 0, 0, 0, 0, 0, 0, 0, 0, 0, 0, 0, 0, 0, 0, 0, 0, 1, 2, 24, 25, 77, 78, 18, 27, 79, 39, 40, 41, 50, 51, 40, 41, 50, 51, 40, 41, 50, 51, 40, 41, 50, 51, 40, 41, 42, 80, 30, 81, 82, 83, 33, 34, 35, 8, 0, 0, 0, 0, 0, 0, 0, 0, 0, 0, 0, 0, 0, 0, 0, 0, 0, 0, 0, 0, 0, 0, 0, 0, 0, 0, 0, 0, 0, 0, 0, 0, 0, 0, 0, 0, 0, 0, 0, 0, 0, 0, 0, 0, 0, 0, 0, 0, 0, 0, 0, 0, 0, },
    { 0, 0, 0, 0, 0, 0, 0, 0, 0, 0, 0, 0, 0, 0, 0, 0, 0, 0, 0, 0, 0, 0, 0, 0, 0, 0, 0, 0, 0, 0, 0, 0, 0, 0, 0, 0, 0, 0, 0, 0, 0, 0, 0, 0, 0, 0, 0, 0, 0, 0, 0, 1, 4, 5, 9, 36, 37, 84, 85, 86, 87, 88, 89, 90, 51, 40, 41, 50, 51, 40, 41, 50, 51, 40, 41, 50, 91, 59, 60, 61, 92, 93, 94, 95, 96, 97, 98, 45, 46, 12, 13, 14, 8, 0, 0, 0, 0, 0, 0, 0, 0, 0, 0, 0, 0, 0, 0, 0, 0, 0, 0, 0, 0, 0, 0, 0, 0, 0, 0, 0, 0, 0, 0, 0, 0, 0, 0, 0, 0, 0, 0, 0, 0, 0, 0, 0, 0, 0, 0, 0, 0, 0, 0, 0, },
    { 0, 0, 0, 0, 0, 0, 0, 0, 0, 0, 0, 0, 0, 0, 0, 0, 0, 0, 0, 0, 0, 0, 0, 0, 0, 0, 0, 0, 0, 0, 0, 0, 0, 0, 0, 0, 0, 0, 0, 0, 0, 0, 0, 0, 0, 0, 0, 0, 0, 1, 4, 5, 9, 10, 17, 47, 48, 99, 100, 40, 101, 102, 103, 88, 89, 90, 51, 40, 41, 50, 51, 40, 41, 50, 51, 40, 69, 70, 104, 105, 94, 106, 107, 108, 41, 109, 110, 53, 54, 20, 21, 12, 111, 112, 0, 0, 0, 0, 0, 0, 0, 0, 0, 0, 0, 0, 0, 0, 0, 0, 0, 0, 0, 0, 0, 0, 0, 0, 0, 0, 0, 0, 0, 0, 0, 0, 0, 0, 0, 0, 0, 0, 0, 0, 0, 0, 0, 0, 0, 0, 0, 0, 0, 0, },
    { 0, 0, 0, 0, 0, 0, 0, 0, 0, 0, 0, 0, 0, 0, 0, 0, 0, 0, 0, 0, 0, 0, 0, 0, 0, 0, 0, 0, 0, 0, 0, 0, 0, 0, 0, 0, 0, 0, 0, 0, 0, 0, 0, 0, 0, 0, 0, 1, 4, 5, 9, 10, 17, 18, 27, 57, 113, 40, 41, 50, 51, 40, 101, 102, 103, 88, 89, 90, 51, 40, 41, 50, 51, 40, 41, 50, 92, 93, 94, 106, 107, 108, 41, 50, 51, 40, 41, 42, 62, 30, 31, 20, 114, 115, 116, 117, 8, 0, 0, 0, 0, 0, 0, 0, 0, 0, 0, 0, 0, 0, 0, 0, 0, 0, 0, 0, 0, 0, 0, 0, 0, 0, 0, 0, 0, 0, 0, 0, 0, 0, 0, 0, 0, 0, 0, 0, 0, 0, 0, 0, 0, 0, 0, 0, },
    { 0, 0, 0, 0, 0, 0, 0, 0, 0, 0, 0, 0, 0, 0, 0, 0, 0, 0, 0, 0, 0, 0, 0, 0, 0, 0, 0, 0, 0, 0, 0, 0, 0, 0, 0, 0, 0, 0, 0, 0, 0, 0, 0, 0, 0, 0, 15, 16, 9, 10, 17, 18, 27, 118, 119, 72, 41, 50, 51, 40, 41, 50, 51, 40, 101, 102, 103, 88, 89, 90, 120, 121, 41, 50, 92, 93, 94, 106, 107, 108, 41, 50, 51, 40, 41, 50, 91, 59, 60, 122, 43, 30, 123, 124, 125, 12, 13, 22, 23, 0, 0, 0, 0, 0, 0, 0, 0, 0, 0, 0, 0, 0, 0, 0, 0, 0, 0, 0, 0, 0, 0, 0, 0, 0, 0, 0, 0, 0, 0, 0, 0, 0, 0, 0, 0, 0, 0, 0, 0, 0, 0, 0, 0, 0, },
    { 0, 0, 0, 0, 0, 0, 0, 0, 0, 0, 0, 0, 0, 0, 0, 0, 0, 0, 0, 0, 0, 0, 0, 0, 0, 0, 0, 0, 0, 0, 0, 0, 0, 0, 0, 0, 0, 0, 0, 0, 0, 0, 0, 1, 2, 24, 25, 26, 17, 18, 27, 28, 39, 40, 41, 50, 51, 40, 41, 50, 51, 40, 41, 50, 51, 40, 101, 102, 103, 88, 126, 127, 92, 93, 94, 106, 107, 108, 41, 50, 51, 40, 41, 50, 51, 40, 69, 70, 71, 72, 41, 42, 128, 129, 130, 20, 32, 33, 34, 35, 8, 0, 0, 0, 0, 0, 0, 0, 0, 0, 0, 0, 0, 0, 0, 0, 0, 0, 0, 0, 0, 0, 0, 0, 0, 0, 0, 0, 0, 0, 0, 0, 0, 0, 0, 0, 0, 0, 0, 0, 0, 0, 0, 0, },
    { 0, 0, 0, 0, 0, 0, 0, 0, 0, 0, 0, 0, 0, 0, 0, 0, 0, 0, 0, 0, 0, 0, 0, 0, 0, 0, 0, 0, 0, 0, 0, 0, 0, 0, 0, 0, 0, 0, 0, 0, 0, 1, 4, 5, 9, 36, 37, 38, 27, 79, 39, 40, 41, 50, 51, 40, 41, 50, 51, 40, 41, 50, 91, 59, 60, 61, 51, 40, 101, 102, 103, 131, 132, 106, 107, 108, 41, 50, 51, 40, 41, 50, 51, 40, 41, 50, 51, 40, 41, 50, 51, 40, 41, 50, 133, 30, 44, 45, 46, 12, 13, 14, 8, 0, 0, 0, 0, 0, 0, 0, 0, 0, 0, 0, 0, 0, 0, 0, 0, 0, 0, 0, 0, 0, 0, 0, 0, 0, 0, 0, 0, 0, 0, 0, 0, 0, 0, 0, 0, 0, 0, 0, 0, 0, },
    { 0, 0, 0, 0, 0, 0, 0, 0, 0, 0, 0, 0, 0, 0, 0, 0, 0, 0, 0, 0, 0, 0, 0, 0, 0, 0, 0, 0, 0, 0, 0, 0, 0, 0, 0, 0, 0, 0, 0, 55, 56, 5, 9, 10, 17, 47, 48, 134, 87, 88, 89, 90, 51, 40, 41, 50, 51, 40, 41, 50, 51, 40, 69, 70, 71, 72, 41, 50, 92, 93, 94, 135, 136, 88, 89, 90, 51, 40, 41, 50, 51, 40, 41, 50, 51, 40, 41, 50, 51, 40, 41, 50, 92, 93, 94, 95, 137, 53, 54, 20, 21, 12, 63, 64, 0, 0, 0, 0, 0, 0, 0, 0, 0, 0, 0, 0, 0, 0, 0, 0, 0, 0, 0, 0, 0, 0, 0, 0, 0, 0, 0, 0, 0, 0, 0, 0, 0, 0, 0, 0, 0, 0, 0, 0, },
    { 0, 0, 0, 0, 0, 0, 0, 0, 0, 0, 0, 0, 0, 0, 0, 0, 0, 0, 0, 0, 0, 0, 0, 0, 0, 0, 0, 0, 0, 0, 0, 0, 0, 0, 0, 0, 0, 1, 138, 139, 67, 68, 17, 18, 27, 57, 113, 40, 101, 102, 103, 88, 89, 90, 51, 40, 41, 50, 51, 40, 41, 50, 51, 40, 41, 50, 92, 93, 94, 106, 107, 108, 101, 102, 103, 88, 89, 90, 51, 40, 41, 50, 51, 40, 41, 50, 51, 40, 41, 50, 92, 93, 94, 106, 107, 108, 69, 140, 141, 30, 31, 20, 73, 74, 75, 117, 8, 0, 0, 0, 0, 0, 0, 0, 0, 0, 0, 0, 0, 0, 0, 0, 0, 0, 0, 0, 0, 0, 0, 0, 0, 0, 0, 0, 0, 0, 0, 0, 0, 0, 0, 0, 0, 0, },
    { 0, 0, 0, 0, 0, 0, 0, 0, 0, 0, 0, 0, 0, 0, 0, 0, 0, 0, 0, 0, 0, 0, 0, 0, 0, 0, 0, 0, 0, 0, 0, 0, 0, 0, 0, 0, 15, 16, 9, 142, 78, 18, 27, 28, 39, 40, 41, 50, 51, 40, 101, 102, 103, 88, 89, 90, 51, 40, 41, 50, 51, 40, 41, 50, 92, 93, 94, 106, 107, 108, 41, 50, 91, 59, 143, 144, 103, 88, 89, 90, 51, 40, 41, 50, 51, 40, 41, 50, 92, 93, 94, 106, 107, 108, 41, 50, 51, 40, 41, 42, 43, 30, 81, 82, 145, 12, 13, 22, 23, 0, 0, 0, 0, 0, 0, 0, 0, 0, 0, 0, 0, 0, 0, 0, 0, 0, 0, 0, 0, 0, 0, 0, 0, 0, 0, 0, 0, 0, 0, 0, 0, 0, 0, 0, },
    { 0, 0, 0, 0, 0, 0, 0, 0, 0, 0, 0, 0, 0, 0, 0, 0, 0, 0, 0, 0, 0, 0, 0, 0, 0, 0, 0, 0, 0, 0, 0, 0, 0, 1, 2, 24, 25, 26, 17, 146, 85, 147, 39, 40, 41, 50, 51, 40, 41, 50, 51, 40, 101, 102, 103, 88, 89, 90, 120, 121, 41, 50, 92, 93, 94, 106, 107, 108, 41, 50, 51, 40, 69, 70, 71, 72, 101, 102, 103, 88, 89, 90, 120, 121, 41, 50, 92, 93, 94, 106, 107, 108, 41, 50, 51, 40, 41, 50, 51, 40, 41, 42, 148, 97, 149, 20, 32, 33, 34, 35, 8, 0, 0, 0, 0, 0, 0, 0, 0, 0, 0, 0, 0, 0, 0, 0, 0, 0, 0, 0, 0, 0, 0, 0, 0, 0, 0, 0, 0, 0, 0, 0, 0, 0, },
    { 0, 0, 0, 0, 0, 0, 0, 0, 0, 0, 0, 0, 0, 0, 0, 0, 0, 0, 0, 0, 0, 0, 0, 0, 0, 0, 0, 0, 0, 0, 0, 1, 4, 5, 9, 36, 37, 38, 27, 150, 100, 40, 41, 50, 51, 40, 41, 50, 91, 59, 60, 61, 51, 40, 101, 102, 103, 88, 126, 127, 92, 93, 94, 106, 107, 108, 41, 50, 51, 40, 41, 50, 51, 40, 41, 50, 51, 40, 101, 102, 103, 88, 126, 127, 92, 93, 94, 106, 107, 108, 41, 50, 51, 40, 41, 50, 51, 40, 41, 50, 51, 40, 41, 109, 151, 30, 44, 45, 46, 12, 111, 112, 0, 0, 0, 0, 0, 0, 0, 0, 0, 0, 0, 0, 0, 0, 0, 0, 0, 0, 0, 0, 0, 0, 0, 0, 0, 0, 0, 0, 0, 0, 0, 0, },
    { 0, 0, 0, 0, 0, 0, 0, 0, 0, 0, 0, 0, 0, 0, 0, 0, 0, 0, 0, 0, 0, 0, 0, 0, 0, 0, 0, 0, 0, 1, 4, 5, 9, 10, 17, 47, 48, 152, 39, 40, 41, 50, 51, 40, 41, 50, 51, 40, 69, 153, 154, 155, 41, 50, 51, 40, 101, 102, 103, 131, 132, 106, 107, 108, 41, 50, 51, 40, 41, 50, 51, 40, 41, 50, 51, 40, 41, 50, 51, 40, 101, 102, 103, 131, 132, 106, 107, 108, 41, 156, 157, 158, 159, 50, 51, 40, 41, 50, 51, 40, 41, 50, 51, 40, 41, 42, 160, 53, 54, 20, 114, 115, 116, 117, 8, 0, 0, 0, 0, 0, 0, 0, 0, 0, 0, 0, 0, 0, 0, 0, 0, 0, 0, 0, 0, 0, 0, 0, 0, 0, 0, 0, 0, 0, },
    { 0, 0, 0, 0, 0, 0, 0, 0, 0, 0, 0, 0, 0, 0, 0, 0, 0, 0, 0, 0, 0, 0, 0, 0, 0, 0, 0, 1, 4, 5, 9, 10, 17, 18, 27, 161, 162, 88, 89, 90, 51, 40, 41, 50, 51, 40, 41, 50, 51, 40, 163, 164, 165, 40, 41, 50, 92, 93, 94, 135, 136, 88, 89, 90, 51, 40, 41, 50, 51, 40, 41, 50, 51, 40, 41, 50, 51, 40, 41, 50, 92, 93, 94, 135, 136, 88, 89, 90, 51, 166, 167, 168, 169, 40, 41, 50, 51, 40, 41, 50, 51, 40, 41, 50, 92, 93, 94, 95, 170, 30, 123, 124, 125, 12, 13, 14, 8, 0, 0, 0, 0, 0, 0, 0, 0, 0, 0, 0, 0, 0, 0, 0, 0, 0, 0, 0, 0, 0, 0, 0, 0, 0, 0, 0, },
    { 0, 0, 0, 0, 0, 0, 0, 0, 0, 0, 0, 0, 0, 0, 0, 0, 0, 0, 0, 0, 0, 0, 0, 0, 0, 0, 15, 16, 9, 10, 17, 18, 27, 28, 39, 40, 101, 102, 103, 88, 89, 90, 51, 40, 41, 50, 51, 40, 41, 50, 171, 172, 173, 50, 92, 93, 94, 106, 174, 175, 143, 144, 103, 88, 89, 90, 51, 40, 41, 50, 51, 40, 41, 50, 51, 40, 41, 50, 92, 93, 94, 106, 107, 108, 101, 102, 103, 88, 89, 90, 176, 40, 177, 178, 51, 40, 41, 50, 51, 40, 41, 50, 92, 93, 94, 106, 107, 108, 41, 42, 128, 129, 130, 20, 21, 12, 13, 22, 23, 0, 0, 0, 0, 0, 0, 0, 0, 0, 0, 0, 0, 0, 0, 0, 0, 0, 0, 0, 0, 0, 0, 0, 0, 0, },
    { 0, 0, 0, 0, 0, 0, 0, 0, 0, 0, 0, 0, 0, 0, 0, 0, 0, 0, 0, 0, 0, 0, 0, 55, 179, 24, 25, 26, 17, 18, 27, 28, 39, 40, 41, 50, 51, 40, 101, 102, 103, 88, 89, 90, 51, 40, 41, 50, 51, 40, 41, 50, 180, 181, 94, 106, 107, 108, 69, 70, 71, 72, 101, 102, 103, 88, 89, 90, 51, 40, 41, 50, 51, 40, 41, 50, 92, 93, 94, 106, 107, 108, 41, 50, 51, 40, 101, 102, 103, 88, 182, 183, 91, 59, 60, 61, 51, 40, 41, 50, 92, 93, 94, 106, 107, 108, 41, 50, 51, 40, 41, 50, 184, 30, 31, 20, 32, 33, 185, 186, 0, 0, 0, 0, 0, 0, 0, 0, 0, 0, 0, 0, 0, 0, 0, 0, 0, 0, 0, 0, 0, 0, 0, 0, },
    { 0, 0, 0, 0, 0, 0, 0, 0, 0, 0, 0, 0, 0, 0, 0, 0, 0, 0, 0, 0, 0, 1, 138, 139, 67, 187, 37, 38, 27, 28, 39, 40, 41, 50, 91, 59, 60, 61, 51, 40, 101, 102, 103, 88, 89, 90, 120, 121, 41, 50, 92, 93, 94, 106, 107, 108, 41, 50, 51, 40, 41, 50, 51, 40, 101, 102, 103, 88, 89, 90, 120, 121, 41, 50, 92, 93, 94, 106, 107, 108, 41, 50, 51, 40, 41, 50, 51, 40, 101, 102, 103, 88, 188, 189, 190, 191, 41, 50, 92, 93, 94, 106, 107, 108, 41, 50, 51, 40, 41, 50, 51, 40, 41, 42, 43, 30, 44, 45, 192, 74, 75, 117, 8, 0, 0, 0, 0, 0, 0, 0, 0, 0, 0, 0, 0, 0, 0, 0, 0, 0, 0, 0, 0, 0, },
    { 0, 0, 0, 0, 0, 0, 0, 0, 0, 0, 0, 0, 0, 0, 0, 0, 0, 0, 0, 1, 4, 5, 9, 142, 78, 47, 48, 49, 39, 40, 41, 50, 51, 40, 69, 70, 71, 72, 41, 50, 51, 40, 101, 102, 103, 88, 126, 127, 92, 93, 94, 106, 107, 108, 41, 50, 51, 40, 41, 50, 51, 40, 41, 50, 51, 40, 101, 102, 103, 88, 126, 127, 92, 93, 94, 106, 107, 108, 41, 50, 51, 40, 41, 50, 51, 40, 41, 50, 51, 40, 101, 102, 103, 88, 126, 127, 92, 93, 94, 106, 107, 108, 41, 50, 51, 40, 41, 50, 51, 40, 41, 50, 51, 40, 41, 42, 52, 53, 193, 82, 145, 12, 13, 14, 8, 0, 0, 0, 0, 0, 0, 0, 0, 0, 0, 0, 0, 0, 0, 0, 0, 0, 0, 0, },
    { 0, 0, 0, 0, 0, 0, 0, 0, 0, 0, 0, 0, 0, 0, 0, 0, 0, 1, 4, 5, 9, 10, 17, 146, 85, 194, 113, 40, 41, 50, 51, 40, 41, 50, 51, 40, 41, 50, 51, 40, 41, 50, 51, 40, 101, 102, 103, 131, 132, 106, 107, 108, 41, 50, 51, 40, 41, 50, 51, 40, 41, 50, 51, 40, 41, 50, 51, 40, 101, 102, 103, 131, 132, 106, 107, 108, 41, 50, 51, 40, 41, 50, 51, 40, 41, 50, 51, 40, 41, 50, 51, 40, 101, 102, 103, 131, 132, 106, 107, 108, 41, 50, 91, 59, 60, 61, 51, 40, 41, 50, 51, 40, 41, 50, 51, 40, 41, 42, 195, 97, 149, 20, 21, 12, 13, 14, 8, 0, 0, 0, 0, 0, 0, 0, 0, 0, 0, 0, 0, 0, 0, 0, 0, 0, },
    { 0, 0, 0, 0, 0, 0, 0, 0, 0, 0, 0, 0, 0, 0, 0, 0, 15, 16, 9, 10, 17, 18, 27, 196, 197, 88, 89, 90, 51, 40, 41, 50, 51, 40, 41, 50, 51, 40, 41, 50, 51, 40, 41, 50, 92, 93, 94, 135, 136, 88, 89, 90, 51, 40, 41, 50, 51, 40, 41, 50, 51, 40, 41, 50, 51, 40, 41, 50, 92, 93, 94, 135, 136, 88, 89, 90, 51, 40, 41, 50, 51, 40, 41, 50, 51, 40, 41, 50, 51, 40, 41, 50, 92, 93, 94, 135, 136, 88, 89, 90, 51, 40, 69, 70, 71, 72, 41, 50, 51, 40, 41, 50, 51, 40, 41, 50, 92, 93, 94, 198, 199, 30, 31, 20, 21, 12, 13, 22, 23, 0, 0, 0, 0, 0, 0, 0, 0, 0, 0, 0, 0, 0, 0, 0, },
    { 0, 0, 0, 0, 0, 0, 0, 0, 0, 0, 0, 0, 0, 1, 2, 24, 25, 26, 17, 18, 27, 28, 39, 40, 101, 102, 103, 88, 89, 90, 51, 40, 41, 50, 51, 40, 41, 50, 51, 40, 41, 50, 92, 93, 94, 106, 107, 108, 101, 102, 103, 88, 89, 90, 51, 40, 41, 50, 51, 40, 41, 50, 51, 40, 41, 50, 92, 93, 94, 106, 200, 201, 202, 203, 103, 88, 89, 90, 91, 59, 60, 61, 51, 40, 41, 50, 51, 40, 41, 50, 92, 93, 94, 106, 107, 108, 101, 102, 103, 88, 89, 90, 51, 40, 41, 50, 51, 40, 41, 50, 51, 40, 41, 50, 92, 93, 94, 106, 107, 108, 41, 42, 43, 30, 31, 20, 32, 33, 34, 35, 8, 0, 0, 0, 0, 0, 0, 0, 0, 0, 0, 0, 0, 0, },
    { 0, 0, 0, 0, 0, 0, 0, 0, 0, 0, 0, 1, 4, 5, 9, 36, 37, 38, 27, 28, 204, 59, 60, 61, 51, 40, 101, 102, 103, 88, 89, 90, 51, 40, 41, 50, 51, 40, 41, 50, 92, 93, 94, 106, 107, 108, 41, 50, 51, 40, 101, 102, 103, 88, 89, 90, 51, 40, 41, 50, 51, 40, 41, 50, 92, 93, 94, 106, 200, 201, 205, 206, 207, 208, 202, 203, 103, 88, 188, 189, 71, 72, 41, 50, 51, 40, 41, 50, 92, 93, 94, 106, 107, 108, 41, 50, 51, 40, 101, 102, 103, 88, 89, 90, 51, 40, 41, 50, 51, 40, 41, 50, 92, 93, 94, 106, 107, 108, 41, 50, 51, 40, 41, 42, 43, 30, 44, 45, 46, 12, 13, 14, 8, 0, 0, 0, 0, 0, 0, 0, 0, 0, 0, 0, },
    { 0, 0, 0, 0, 0, 0, 0, 0, 0, 1, 4, 5, 9, 10, 17, 47, 48, 49, 39, 40, 69, 70, 71, 72, 41, 50, 51, 40, 101, 102, 103, 88, 89, 90, 120, 121, 41, 50, 92, 93, 94, 106, 107, 108, 41, 50, 51, 40, 41, 50, 51, 40, 101, 102, 103, 88, 89, 90, 120, 121, 41, 50, 92, 93, 94, 106, 200, 201, 205, 206, 209, 210, 211, 212, 207, 208, 202, 203, 103, 88, 89, 90, 120, 121, 41, 50, 92, 93, 94, 106, 107, 108, 41, 50, 51, 40, 41, 50, 51, 40, 101, 102, 103, 88, 89, 90, 120, 121, 41, 50, 92, 93, 94, 106, 107, 108, 41, 50, 51, 40, 41, 50, 51, 40, 41, 42, 52, 53, 54, 20, 21, 12, 111, 213, 214, 215, 0, 0, 0, 0, 0, 0, 0, 0, },
    { 0, 0, 0, 0, 0, 0, 0, 0, 216, 217, 218, 219, 220, 18, 27, 57, 113, 40, 41, 50, 51, 40, 41, 50, 51, 40, 41, 50, 51, 40, 101, 102, 103, 88, 126, 127, 92, 93, 94, 106, 107, 108, 41, 50, 51, 40, 41, 50, 51, 40, 41, 50, 51, 40, 101, 102, 103, 88, 126, 127, 92, 93, 94, 106, 200, 201, 205, 206, 209, 210, 221, 222, 223, 224, 211, 212, 207, 208, 202, 203, 103, 88, 126, 127, 92, 93, 94, 106, 174, 175, 60, 61, 51, 40, 41, 50, 51, 40, 41, 50, 51, 40, 101, 102, 103, 88, 126, 127, 92, 93, 94, 106, 107, 108, 41, 50, 51, 40, 41, 50, 51, 40, 41, 50, 51, 40, 41, 42, 62, 30, 31, 225, 226, 227, 228, 229, 0, 0, 0, 0, 0, 0, 0, 0, },
    { 0, 0, 0, 0, 0, 0, 0, 0, 230, 231, 232, 233, 234, 235, 236, 40, 41, 50, 51, 40, 41, 50, 51, 40, 41, 50, 51, 40, 41, 50, 91, 59, 143, 144, 103, 131, 132, 106, 107, 108, 41, 50, 51, 40, 41, 50, 51, 40, 41, 50, 51, 40, 41, 50, 51, 40, 101, 102, 103, 131, 132, 106, 200, 201, 205, 206, 209, 210, 221, 222, 223, 224, 221, 222, 223, 224, 211, 212, 207, 208, 202, 203, 103, 131, 132, 106, 107, 108, 69, 70, 71, 72, 41, 50, 51, 40, 41, 50, 51, 40, 41, 50, 51, 40, 101, 102, 103, 131, 132, 106, 107, 108, 41, 50, 51, 40, 41, 50, 51, 40, 41, 50, 91, 59, 60, 61, 51, 40, 41, 237, 238, 239, 228, 240, 241, 242, 0, 0, 0, 0, 0, 0, 0, 0, },
    { 0, 0, 0, 0, 0, 0, 0, 0, 243, 244, 245, 246, 247, 233, 248, 249, 51, 40, 41, 50, 51, 40, 41, 50, 51, 40, 41, 50, 51, 40, 69, 70, 104, 105, 94, 135, 136, 88, 89, 90, 51, 40, 41, 50, 51, 40, 41, 50, 51, 40, 41, 50, 51, 40, 41, 50, 92, 93, 94, 135, 136, 88, 250, 251, 207, 208, 252, 253, 223, 224, 221, 222, 223, 224, 221, 222, 254, 255, 205, 206, 256, 257, 94, 135, 136, 88, 89, 90, 51, 40, 41, 50, 51, 40, 41, 50, 51, 40, 41, 50, 51, 40, 41, 50, 92, 93, 94, 135, 136, 88, 89, 90, 51, 40, 41, 50, 51, 40, 41, 50, 51, 40, 69, 70, 71, 72, 41, 258, 259, 260, 228, 240, 241, 261, 262, 263, 0, 0, 0, 0, 0, 0, 0, 0, },
    { 0, 0, 0, 0, 0, 0, 0, 0, 264, 265, 266, 267, 268, 246, 269, 270, 271, 272, 273, 40, 41, 50, 51, 40, 41, 50, 51, 40, 41, 50, 92, 93, 94, 106, 107, 108, 101, 102, 103, 88, 89, 90, 51, 40, 41, 50, 51, 40, 41, 50, 51, 40, 41, 50, 92, 93, 94, 106, 107, 108, 101, 102, 103, 88, 250, 251, 207, 208, 252, 253, 223, 224, 221, 222, 254, 255, 205, 206, 256, 257, 94, 106, 107, 108, 101, 102, 103, 88, 89, 90, 51, 40, 41, 50, 51, 40, 41, 50, 91, 59, 60, 61, 92, 93, 94, 106, 107, 108, 101, 102, 103, 88, 89, 90, 51, 40, 41, 50, 51, 40, 41, 50, 51, 40, 41, 274, 275, 276, 277, 278, 241, 261, 262, 279, 280, 281, 0, 0, 0, 0, 0, 0, 0, 0, },
    { 0, 0, 0, 0, 0, 0, 0, 0, 0, 0, 282, 283, 284, 267, 285, 286, 287, 233, 288, 289, 273, 40, 41, 50, 51, 40, 41, 50, 92, 93, 94, 106, 107, 108, 41, 50, 51, 40, 101, 102, 103, 88, 89, 90, 51, 40, 41, 50, 51, 40, 41, 50, 92, 93, 94, 106, 107, 108, 41, 50, 51, 40, 101, 102, 103, 88, 250, 251, 207, 208, 252, 253, 254, 255, 205, 206, 256, 257, 94, 106, 107, 108, 41, 50, 51, 40, 101, 102, 103, 88, 89, 90, 51, 40, 41, 50, 51, 40, 69, 70, 104, 105, 94, 106, 107, 108, 41, 50, 51, 40, 101, 102, 103, 88, 89, 90, 51, 40, 41, 50, 51, 40, 41, 274, 290, 260, 228, 291, 292, 293, 262, 279, 280, 281, 0, 0, 0, 0, 0, 0, 0, 0, 0, 0, },
    { 0, 0, 0, 0, 0, 0, 0, 0, 0, 0, 0, 0, 282, 283, 294, 295, 296, 246, 247, 233, 288, 289, 273, 40, 41, 50, 92, 93, 94, 106, 107, 108, 41, 50, 51, 40, 41, 50, 51, 40, 101, 102, 103, 88, 89, 90, 120, 121, 41, 50, 92, 93, 94, 106, 107, 108, 41, 50, 51, 40, 41, 50, 51, 40, 101, 102, 103, 88, 250, 251, 297, 298, 205, 206, 256, 257, 94, 106, 107, 108, 41, 50, 51, 40, 41, 50, 51, 40, 101, 102, 103, 88, 89, 90, 120, 121, 41, 50, 92, 93, 94, 106, 107, 108, 41, 50, 51, 40, 41, 50, 51, 40, 101, 102, 103, 88, 89, 90, 51, 40, 41, 274, 290, 260, 228, 240, 241, 299, 300, 301, 280, 281, 0, 0, 0, 0, 0, 0, 0, 0, 0, 0, 0, 0, },
    { 0, 0, 0, 0, 0, 0, 0, 0, 0, 0, 0, 0, 0, 0, 282, 302, 303, 267, 268, 246, 247, 233, 304, 305, 306, 93, 94, 106, 107, 108, 41, 50, 51, 40, 41, 50, 51, 40, 41, 50, 51, 40, 101, 102, 103, 88, 126, 127, 92, 93, 94, 106, 107, 108, 41, 50, 51, 40, 41, 50, 51, 40, 41, 50, 51, 40, 101, 102, 103, 88, 307, 308, 256, 257, 94, 106, 107, 108, 41, 50, 51, 40, 41, 50, 51, 40, 41, 50, 51, 40, 101, 102, 103, 88, 126, 127, 92, 93, 94, 106, 107, 108, 41, 50, 51, 40, 41, 50, 91, 59, 60, 61, 51, 40, 101, 102, 103, 88, 89, 309, 310, 311, 228, 240, 241, 261, 262, 312, 280, 281, 0, 0, 0, 0, 0, 0, 0, 0, 0, 0, 0, 0, 0, 0, },
    { 0, 0, 0, 0, 0, 0, 0, 0, 0, 0, 0, 0, 0, 0, 0, 0, 313, 314, 315, 267, 268, 246, 316, 317, 318, 319, 107, 108, 41, 50, 51, 40, 41, 50, 51, 40, 41, 50, 51, 40, 41, 50, 51, 40, 101, 102, 103, 131, 132, 106, 174, 175, 60, 61, 51, 40, 41, 50, 51, 40, 41, 50, 51, 40, 41, 50, 51, 40, 101, 102, 103, 131, 132, 106, 107, 108, 41, 50, 51, 40, 41, 50, 51, 40, 41, 50, 51, 40, 41, 50, 51, 40, 101, 102, 103, 131, 132, 106, 107, 108, 41, 50, 51, 40, 41, 50, 51, 40, 69, 70, 71, 72, 41, 50, 51, 40, 101, 320, 321, 322, 323, 324, 241, 261, 262, 279, 280, 281, 0, 0, 0, 0, 0, 0, 0, 0, 0, 0, 0, 0, 0, 0, 0, 0, },
    { 0, 0, 0, 0, 0, 0, 0, 0, 0, 0, 0, 0, 0, 0, 0, 0, 0, 0, 282, 283, 325, 267, 326, 327, 328, 270, 271, 272, 273, 40, 41, 50, 51, 40, 41, 50, 51, 40, 41, 50, 51, 40, 41, 50, 92, 93, 94, 135, 136, 88, 188, 189, 71, 72, 41, 50, 51, 40, 41, 50, 51, 40, 41, 50, 51, 40, 41, 50, 92, 93, 94, 135, 136, 88, 89, 90, 51, 40, 41, 50, 51, 40, 41, 50, 91, 59, 60, 61, 51, 40, 41, 50, 92, 93, 94, 135, 136, 88, 89, 90, 51, 40, 41, 50, 51, 40, 41, 50, 51, 40, 41, 50, 51, 40, 41, 274, 275, 276, 277, 329, 330, 331, 262, 332, 280, 281, 0, 0, 0, 0, 0, 0, 0, 0, 0, 0, 0, 0, 0, 0, 0, 0, 0, 0, },
    { 0, 0, 0, 0, 0, 0, 0, 0, 0, 0, 0, 0, 0, 0, 0, 0, 0, 0, 0, 0, 333, 334, 335, 336, 337, 286, 287, 233, 288, 289, 273, 40, 41, 50, 51, 40, 41, 50, 51, 40, 41, 50, 92, 93, 94, 106, 107, 108, 101, 338, 339, 340, 341, 90, 51, 40, 41, 50, 51, 40, 41, 50, 51, 40, 41, 50, 92, 93, 94, 106, 107, 108, 101, 102, 103, 88, 89, 90, 51, 40, 41, 50, 51, 40, 69, 70, 71, 72, 41, 342, 343, 344, 94, 106, 107, 108, 101, 102, 103, 88, 89, 90, 51, 40, 41, 50, 51, 40, 41, 50, 51, 40, 41, 274, 290, 260, 228, 291, 292, 345, 346, 347, 348, 349, 0, 0, 0, 0, 0, 0, 0, 0, 0, 0, 0, 0, 0, 0, 0, 0, 0, 0, 0, 0, },
    { 0, 0, 0, 0, 0, 0, 0, 0, 0, 0, 0, 0, 0, 0, 0, 0, 0, 0, 0, 0, 0, 0, 282, 350, 351, 295, 296, 246, 247, 233, 352, 353, 51, 40, 41, 50, 51, 40, 41, 50, 92, 93, 94, 106, 107, 108, 41, 50, 51, 166, 354, 355, 356, 88, 89, 90, 51, 40, 41, 50, 91, 59, 60, 61, 92, 93, 94, 106, 107, 108, 41, 50, 51, 40, 101, 102, 103, 88, 89, 90, 51, 40, 41, 50, 51, 40, 41, 50, 92, 93, 357, 358, 359, 108, 41, 50, 51, 40, 101, 102, 103, 88, 89, 90, 51, 40, 41, 50, 51, 40, 41, 274, 290, 260, 228, 240, 241, 299, 300, 360, 361, 362, 0, 0, 0, 0, 0, 0, 0, 0, 0, 0, 0, 0, 0, 0, 0, 0, 0, 0, 0, 0, 0, 0, },
    { 0, 0, 0, 0, 0, 0, 0, 0, 0, 0, 0, 0, 0, 0, 0, 0, 0, 0, 0, 0, 0, 0, 0, 0, 282, 302, 303, 267, 268, 246, 363, 364, 365, 272, 273, 40, 41, 50, 92, 93, 94, 106, 107, 108, 41, 50, 51, 40, 41, 50, 176, 40, 366, 367, 103, 88, 89, 90, 120, 121, 69, 70, 104, 105, 94, 106, 107, 108, 41, 50, 51, 40, 41, 50, 51, 40, 101, 102, 103, 88, 89, 90, 120, 121, 41, 50, 92, 93, 94, 106, 368, 369, 173, 50, 91, 59, 60, 61, 51, 40, 101, 102, 103, 88, 89, 90, 51, 40, 41, 274, 290, 260, 228, 240, 241, 261, 262, 312, 280, 281, 0, 0, 0, 0, 0, 0, 0, 0, 0, 0, 0, 0, 0, 0, 0, 0, 0, 0, 0, 0, 0, 0, 0, 0, },
    { 0, 0, 0, 0, 0, 0, 0, 0, 0, 0, 0, 0, 0, 0, 0, 0, 0, 0, 0, 0, 0, 0, 0, 0, 0, 0, 282, 283, 284, 267, 370, 371, 372, 233, 248, 249, 92, 93, 94, 106, 107, 108, 41, 50, 51, 40, 41, 50, 51, 40, 373, 374, 51, 40, 101, 102, 103, 88, 126, 127, 92, 93, 94, 106, 107, 108, 41, 50, 51, 40, 41, 50, 51, 40, 41, 50, 51, 40, 101, 102, 103, 88, 126, 127, 92, 93, 94, 106, 107, 108, 41, 50, 375, 376, 69, 70, 71, 72, 41, 50, 51, 40, 101, 102, 103, 88, 89, 377, 259, 260, 228, 240, 241, 261, 262, 279, 280, 281, 0, 0, 0, 0, 0, 0, 0, 0, 0, 0, 0, 0, 0, 0, 0, 0, 0, 0, 0, 0, 0, 0, 0, 0, 0, 0, },
    { 0, 0, 0, 0, 0, 0, 0, 0, 0, 0, 0, 0, 0, 0, 0, 0, 0, 0, 0, 0, 0, 0, 0, 0, 0, 0, 0, 0, 282, 283, 378, 379, 380, 246, 269, 270, 271, 381, 382, 108, 41, 50, 51, 40, 41, 50, 51, 40, 41, 50, 51, 40, 41, 50, 51, 40, 101, 102, 103, 131, 132, 106, 107, 108, 41, 50, 51, 40, 41, 50, 91, 59, 60, 61, 51, 40, 41, 50, 51, 40, 101, 102, 103, 131, 132, 106, 107, 108, 41, 50, 51, 40, 41, 50, 51, 40, 41, 50, 51, 40, 41, 50, 51, 40, 101, 383, 384, 276, 277, 278, 241, 261, 262, 279, 280, 281, 0, 0, 0, 0, 0, 0, 0, 0, 0, 0, 0, 0, 0, 0, 0, 0, 0, 0, 0, 0, 0, 0, 0, 0, 0, 0, 0, 0, },
    { 0, 0, 0, 0, 0, 0, 0, 0, 0, 0, 0, 0, 0, 0, 0, 0, 0, 0, 0, 0, 0, 0, 0, 0, 0, 0, 0, 0, 0, 0, 282, 385, 386, 267, 285, 286, 287, 233, 288, 289, 273, 40, 41, 50, 51, 40, 41, 50, 51, 40, 41, 50, 51, 40, 41, 50, 92, 93, 94, 135, 136, 88, 89, 90, 51, 40, 41, 50, 51, 40, 69, 70, 71, 72, 41, 50, 51, 40, 41, 50, 92, 93, 94, 135, 136, 88, 89, 90, 51, 40, 41, 50, 51, 40, 41, 50, 51, 40, 41, 50, 51, 40, 41, 274, 290, 260, 228, 291, 292, 293, 262, 332, 280, 281, 0, 0, 0, 0, 0, 0, 0, 0, 0, 0, 0, 0, 0, 0, 0, 0, 0, 0, 0, 0, 0, 0, 0, 0, 0, 0, 0, 0, 0, 0, },
    { 0, 0, 0, 0, 0, 0, 0, 0, 0, 0, 0, 0, 0, 0, 0, 0, 0, 0, 0, 0, 0, 0, 0, 0, 0, 0, 0, 0, 0, 0, 0, 0, 333, 334, 387, 295, 296, 246, 247, 233, 304, 305, 388, 40, 41, 50, 91, 59, 60, 61, 51, 40, 41, 50, 92, 93, 94, 106, 107, 108, 101, 102, 103, 88, 89, 90, 51, 40, 41, 50, 51, 40, 41, 50, 51, 40, 41, 50, 92, 93, 94, 106, 107, 108, 101, 102, 103, 88, 89, 90, 51, 40, 41, 50, 51, 40, 41, 50, 51, 40, 41, 389, 310, 311, 228, 240, 241, 299, 300, 390, 348, 349, 0, 0, 0, 0, 0, 0, 0, 0, 0, 0, 0, 0, 0, 0, 0, 0, 0, 0, 0, 0, 0, 0, 0, 0, 0, 0, 0, 0, 0, 0, 0, 0, },
    { 0, 0, 0, 0, 0, 0, 0, 0, 0, 0, 0, 0, 0, 0, 0, 0, 0, 0, 0, 0, 0, 0, 0, 0, 0, 0, 0, 0, 0, 0, 0, 0, 0, 0, 282, 302, 303, 267, 268, 246, 316, 317, 391, 392, 273, 40, 69, 70, 71, 72, 41, 50, 92, 93, 94, 106, 107, 108, 41, 50, 51, 40, 101, 102, 103, 88, 89, 90, 51, 40, 41, 50, 51, 40, 41, 50, 92, 93, 94, 106, 174, 175, 60, 61, 51, 40, 101, 102, 103, 88, 89, 90, 51, 40, 41, 50, 51, 40, 41, 274, 393, 394, 323, 324, 241, 261, 262, 312, 280, 281, 0, 0, 0, 0, 0, 0, 0, 0, 0, 0, 0, 0, 0, 0, 0, 0, 0, 0, 0, 0, 0, 0, 0, 0, 0, 0, 0, 0, 0, 0, 0, 0, 0, 0, },
    { 0, 0, 0, 0, 0, 0, 0, 0, 0, 0, 0, 0, 0, 0, 0, 0, 0, 0, 0, 0, 0, 0, 0, 0, 0, 0, 0, 0, 0, 0, 0, 0, 0, 0, 0, 0, 282, 283, 284, 267, 326, 327, 395, 233, 248, 249, 51, 40, 41, 50, 92, 93, 94, 106, 107, 108, 41, 50, 51, 40, 41, 50, 51, 40, 101, 102, 103, 88, 89, 90, 120, 121, 41, 50, 92, 93, 94, 106, 107, 108, 69, 70, 71, 72, 41, 50, 51, 40, 101, 102, 103, 88, 89, 90, 51, 40, 41, 258, 259, 260, 228, 396, 330, 331, 262, 279, 280, 281, 0, 0, 0, 0, 0, 0, 0, 0, 0, 0, 0, 0, 0, 0, 0, 0, 0, 0, 0, 0, 0, 0, 0, 0, 0, 0, 0, 0, 0, 0, 0, 0, 0, 0, 0, 0, },
    { 0, 0, 0, 0, 0, 0, 0, 0, 0, 0, 0, 0, 0, 0, 0, 0, 0, 0, 0, 0, 0, 0, 0, 0, 0, 0, 0, 0, 0, 0, 0, 0, 0, 0, 0, 0, 0, 0, 282, 283, 397, 336, 398, 246, 269, 270, 271, 272, 399, 93, 94, 106, 107, 108, 41, 50, 91, 59, 60, 61, 51, 40, 41, 50, 51, 40, 101, 102, 103, 88, 126, 127, 92, 93, 94, 106, 107, 108, 41, 50, 51, 40, 41, 50, 51, 40, 41, 50, 51, 40, 101, 102, 103, 88, 89, 400, 275, 276, 277, 278, 241, 401, 346, 402, 280, 281, 0, 0, 0, 0, 0, 0, 0, 0, 0, 0, 0, 0, 0, 0, 0, 0, 0, 0, 0, 0, 0, 0, 0, 0, 0, 0, 0, 0, 0, 0, 0, 0, 0, 0, 0, 0, 0, 0, },
    { 0, 0, 0, 0, 0, 0, 0, 0, 0, 0, 0, 0, 0, 0, 0, 0, 0, 0, 0, 0, 0, 0, 0, 0, 0, 0, 0, 0, 0, 0, 0, 0, 0, 0, 0, 0, 0, 0, 0, 0, 282, 350, 403, 267, 285, 286, 287, 233, 352, 404, 107, 108, 41, 50, 51, 40, 69, 70, 71, 72, 41, 50, 51, 40, 41, 50, 51, 40, 101, 102, 103, 131, 132, 106, 107, 108, 41, 50, 51, 40, 41, 50, 51, 40, 41, 50, 51, 40, 41, 50, 91, 59, 143, 405, 406, 260, 228, 291, 292, 293, 262, 407, 408, 281, 0, 0, 0, 0, 0, 0, 0, 0, 0, 0, 0, 0, 0, 0, 0, 0, 0, 0, 0, 0, 0, 0, 0, 0, 0, 0, 0, 0, 0, 0, 0, 0, 0, 0, 0, 0, 0, 0, 0, 0, },
    { 0, 0, 0, 0, 0, 0, 0, 0, 0, 0, 0, 0, 0, 0, 0, 0, 0, 0, 0, 0, 0, 0, 0, 0, 0, 0, 0, 0, 0, 0, 0, 0, 0, 0, 0, 0, 0, 0, 0, 0, 0, 0, 282, 283, 409, 295, 296, 246, 363, 410, 365, 272, 273, 40, 41, 50, 51, 40, 41, 50, 51, 40, 41, 50, 51, 40, 41, 50, 92, 93, 94, 135, 136, 88, 89, 90, 51, 40, 41, 50, 51, 40, 41, 50, 51, 40, 41, 50, 51, 40, 69, 411, 412, 413, 228, 240, 241, 299, 300, 414, 280, 281, 0, 0, 0, 0, 0, 0, 0, 0, 0, 0, 0, 0, 0, 0, 0, 0, 0, 0, 0, 0, 0, 0, 0, 0, 0, 0, 0, 0, 0, 0, 0, 0, 0, 0, 0, 0, 0, 0, 0, 0, 0, 0, },
    { 0, 0, 0, 0, 0, 0, 0, 0, 0, 0, 0, 0, 0, 0, 0, 0, 0, 0, 0, 0, 0, 0, 0, 0, 0, 0, 0, 0, 0, 0, 0, 0, 0, 0, 0, 0, 0, 0, 0, 0, 0, 0, 0, 0, 333, 415, 416, 267, 370, 371, 372, 233, 288, 289, 273, 40, 41, 50, 51, 40, 41, 50, 51, 40, 41, 50, 92, 93, 94, 106, 107, 108, 101, 102, 103, 88, 89, 90, 51, 40, 41, 50, 51, 40, 41, 50, 51, 40, 41, 274, 290, 260, 228, 240, 241, 261, 262, 417, 348, 349, 0, 0, 0, 0, 0, 0, 0, 0, 0, 0, 0, 0, 0, 0, 0, 0, 0, 0, 0, 0, 0, 0, 0, 0, 0, 0, 0, 0, 0, 0, 0, 0, 0, 0, 0, 0, 0, 0, 0, 0, 0, 0, 0, 0, },
    { 0, 0, 0, 0, 0, 0, 0, 0, 0, 0, 0, 0, 0, 0, 0, 0, 0, 0, 0, 0, 0, 0, 0, 0, 0, 0, 0, 0, 0, 0, 0, 0, 0, 0, 0, 0, 0, 0, 0, 0, 0, 0, 0, 0, 0, 0, 282, 283, 378, 379, 380, 246, 247, 233, 248, 249, 51, 40, 41, 50, 51, 40, 41, 50, 92, 93, 94, 106, 107, 108, 41, 50, 51, 40, 101, 102, 103, 88, 89, 90, 51, 40, 41, 50, 51, 40, 41, 258, 259, 260, 228, 240, 241, 261, 262, 279, 280, 281, 0, 0, 0, 0, 0, 0, 0, 0, 0, 0, 0, 0, 0, 0, 0, 0, 0, 0, 0, 0, 0, 0, 0, 0, 0, 0, 0, 0, 0, 0, 0, 0, 0, 0, 0, 0, 0, 0, 0, 0, 0, 0, 0, 0, 0, 0, },
    { 0, 0, 0, 0, 0, 0, 0, 0, 0, 0, 0, 0, 0, 0, 0, 0, 0, 0, 0, 0, 0, 0, 0, 0, 0, 0, 0, 0, 0, 0, 0, 0, 0, 0, 0, 0, 0, 0, 0, 0, 0, 0, 0, 0, 0, 0, 0, 0, 282, 385, 418, 267, 268, 246, 269, 270, 271, 419, 388, 40, 41, 50, 92, 93, 94, 106, 107, 108, 41, 50, 51, 40, 41, 50, 51, 40, 101, 102, 103, 88, 89, 90, 51, 40, 41, 420, 421, 422, 277, 278, 241, 261, 262, 279, 280, 281, 0, 0, 0, 0, 0, 0, 0, 0, 0, 0, 0, 0, 0, 0, 0, 0, 0, 0, 0, 0, 0, 0, 0, 0, 0, 0, 0, 0, 0, 0, 0, 0, 0, 0, 0, 0, 0, 0, 0, 0, 0, 0, 0, 0, 0, 0, 0, 0, },
    { 0, 0, 0, 0, 0, 0, 0, 0, 0, 0, 0, 0, 0, 0, 0, 0, 0, 0, 0, 0, 0, 0, 0, 0, 0, 0, 0, 0, 0, 0, 0, 0, 0, 0, 0, 0, 0, 0, 0, 0, 0, 0, 0, 0, 0, 0, 0, 0, 0, 0, 282, 283, 284, 267, 285, 286, 423, 317, 391, 392, 399, 93, 94, 106, 107, 108, 41, 50, 51, 40, 41, 50, 51, 40, 41, 50, 91, 59, 143, 144, 103, 88, 89, 424, 393, 394, 323, 425, 292, 293, 262, 279, 280, 281, 0, 0, 0, 0, 0, 0, 0, 0, 0, 0, 0, 0, 0, 0, 0, 0, 0, 0, 0, 0, 0, 0, 0, 0, 0, 0, 0, 0, 0, 0, 0, 0, 0, 0, 0, 0, 0, 0, 0, 0, 0, 0, 0, 0, 0, 0, 0, 0, 0, 0, },
    { 0, 0, 0, 0, 0, 0, 0, 0, 0, 0, 0, 0, 0, 0, 0, 0, 0, 0, 0, 0, 0, 0, 0, 0, 0, 0, 0, 0, 0, 0, 0, 0, 0, 0, 0, 0, 0, 0, 0, 0, 0, 0, 0, 0, 0, 0, 0, 0, 0, 0, 0, 0, 282, 283, 294, 295, 426, 327, 395, 233, 288, 427, 382, 108, 41, 50, 51, 40, 41, 50, 51, 40, 41, 50, 51, 40, 69, 70, 71, 72, 101, 428, 406, 260, 228, 396, 330, 429, 300, 301, 280, 281, 0, 0, 0, 0, 0, 0, 0, 0, 0, 0, 0, 0, 0, 0, 0, 0, 0, 0, 0, 0, 0, 0, 0, 0, 0, 0, 0, 0, 0, 0, 0, 0, 0, 0, 0, 0, 0, 0, 0, 0, 0, 0, 0, 0, 0, 0, 0, 0, 0, 0, 0, 0, },
    { 0, 0, 0, 0, 0, 0, 0, 0, 0, 0, 0, 0, 0, 0, 0, 0, 0, 0, 0, 0, 0, 0, 0, 0, 0, 0, 0, 0, 0, 0, 0, 0, 0, 0, 0, 0, 0, 0, 0, 0, 0, 0, 0, 0, 0, 0, 0, 0, 0, 0, 0, 0, 0, 0, 282, 302, 430, 336, 398, 246, 247, 233, 288, 289, 273, 40, 41, 50, 51, 40, 41, 50, 51, 40, 41, 50, 51, 40, 41, 274, 290, 260, 228, 240, 241, 401, 346, 431, 280, 281, 0, 0, 0, 0, 0, 0, 0, 0, 0, 0, 0, 0, 0, 0, 0, 0, 0, 0, 0, 0, 0, 0, 0, 0, 0, 0, 0, 0, 0, 0, 0, 0, 0, 0, 0, 0, 0, 0, 0, 0, 0, 0, 0, 0, 0, 0, 0, 0, 0, 0, 0, 0, 0, 0, },
    { 0, 0, 0, 0, 0, 0, 0, 0, 0, 0, 0, 0, 0, 0, 0, 0, 0, 0, 0, 0, 0, 0, 0, 0, 0, 0, 0, 0, 0, 0, 0, 0, 0, 0, 0, 0, 0, 0, 0, 0, 0, 0, 0, 0, 0, 0, 0, 0, 0, 0, 0, 0, 0, 0, 0, 0, 333, 432, 433, 267, 268, 246, 247, 233, 248, 249, 51, 40, 41, 50, 51, 40, 41, 50, 51, 40, 41, 258, 259, 260, 228, 240, 241, 261, 262, 434, 435, 349, 0, 0, 0, 0, 0, 0, 0, 0, 0, 0, 0, 0, 0, 0, 0, 0, 0, 0, 0, 0, 0, 0, 0, 0, 0, 0, 0, 0, 0, 0, 0, 0, 0, 0, 0, 0, 0, 0, 0, 0, 0, 0, 0, 0, 0, 0, 0, 0, 0, 0, 0, 0, 0, 0, 0, 0, },
    { 0, 0, 0, 0, 0, 0, 0, 0, 0, 0, 0, 0, 0, 0, 0, 0, 0, 0, 0, 0, 0, 0, 0, 0, 0, 0, 0, 0, 0, 0, 0, 0, 0, 0, 0, 0, 0, 0, 0, 0, 0, 0, 0, 0, 0, 0, 0, 0, 0, 0, 0, 0, 0, 0, 0, 0, 0, 0, 282, 283, 284, 267, 268, 246, 269, 270, 271, 272, 273, 40, 41, 50, 51, 40, 41, 274, 275, 276, 277, 278, 241, 261, 262, 279, 280, 281, 0, 0, 0, 0, 0, 0, 0, 0, 0, 0, 0, 0, 0, 0, 0, 0, 0, 0, 0, 0, 0, 0, 0, 0, 0, 0, 0, 0, 0, 0, 0, 0, 0, 0, 0, 0, 0, 0, 0, 0, 0, 0, 0, 0, 0, 0, 0, 0, 0, 0, 0, 0, 0, 0, 0, 0, 0, 0, },
    { 0, 0, 0, 0, 0, 0, 0, 0, 0, 0, 0, 0, 0, 0, 0, 0, 0, 0, 0, 0, 0, 0, 0, 0, 0, 0, 0, 0, 0, 0, 0, 0, 0, 0, 0, 0, 0, 0, 0, 0, 0, 0, 0, 0, 0, 0, 0, 0, 0, 0, 0, 0, 0, 0, 0, 0, 0, 0, 0, 0, 282, 283, 284, 267, 285, 286, 287, 233, 288, 289, 273, 40, 41, 274, 290, 260, 228, 291, 292, 293, 262, 279, 280, 281, 0, 0, 0, 0, 0, 0, 0, 0, 0, 0, 0, 0, 0, 0, 0, 0, 0, 0, 0, 0, 0, 0, 0, 0, 0, 0, 0, 0, 0, 0, 0, 0, 0, 0, 0, 0, 0, 0, 0, 0, 0, 0, 0, 0, 0, 0, 0, 0, 0, 0, 0, 0, 0, 0, 0, 0, 0, 0, 0, 0, },
    { 0, 0, 0, 0, 0, 0, 0, 0, 0, 0, 0, 0, 0, 0, 0, 0, 0, 0, 0, 0, 0, 0, 0, 0, 0, 0, 0, 0, 0, 0, 0, 0, 0, 0, 0, 0, 0, 0, 0, 0, 0, 0, 0, 0, 0, 0, 0, 0, 0, 0, 0, 0, 0, 0, 0, 0, 0, 0, 0, 0, 0, 0, 313, 314, 436, 295, 296, 246, 247, 233, 352, 437, 290, 260, 228, 240, 241, 299, 300, 301, 280, 281, 0, 0, 0, 0, 0, 0, 0, 0, 0, 0, 0, 0, 0, 0, 0, 0, 0, 0, 0, 0, 0, 0, 0, 0, 0, 0, 0, 0, 0, 0, 0, 0, 0, 0, 0, 0, 0, 0, 0, 0, 0, 0, 0, 0, 0, 0, 0, 0, 0, 0, 0, 0, 0, 0, 0, 0, 0, 0, 0, 0, 0, 0, },
    { 0, 0, 0, 0, 0, 0, 0, 0, 0, 0, 0, 0, 0, 0, 0, 0, 0, 0, 0, 0, 0, 0, 0, 0, 0, 0, 0, 0, 0, 0, 0, 0, 0, 0, 0, 0, 0, 0, 0, 0, 0, 0, 0, 0, 0, 0, 0, 0, 0, 0, 0, 0, 0, 0, 0, 0, 0, 0, 0, 0, 0, 0, 0, 0, 282, 302, 303, 267, 268, 246, 438, 439, 228, 240, 241, 261, 262, 312, 280, 281, 0, 0, 0, 0, 0, 0, 0, 0, 0, 0, 0, 0, 0, 0, 0, 0, 0, 0, 0, 0, 0, 0, 0, 0, 0, 0, 0, 0, 0, 0, 0, 0, 0, 0, 0, 0, 0, 0, 0, 0, 0, 0, 0, 0, 0, 0, 0, 0, 0, 0, 0, 0, 0, 0, 0, 0, 0, 0, 0, 0, 0, 0, 0, 0, },
    { 0, 0, 0, 0, 0, 0, 0, 0, 0, 0, 0, 0, 0, 0, 0, 0, 0, 0, 0, 0, 0, 0, 0, 0, 0, 0, 0, 0, 0, 0, 0, 0, 0, 0, 0, 0, 0, 0, 0, 0, 0, 0, 0, 0, 0, 0, 0, 0, 0, 0, 0, 0, 0, 0, 0, 0, 0, 0, 0, 0, 0, 0, 0, 0, 0, 0, 282, 283, 284, 267, 440, 441, 241, 261, 262, 279, 280, 281, 0, 0, 0, 0, 0, 0, 0, 0, 0, 0, 0, 0, 0, 0, 0, 0, 0, 0, 0, 0, 0, 0, 0, 0, 0, 0, 0, 0, 0, 0, 0, 0, 0, 0, 0, 0, 0, 0, 0, 0, 0, 0, 0, 0, 0, 0, 0, 0, 0, 0, 0, 0, 0, 0, 0, 0, 0, 0, 0, 0, 0, 0, 0, 0, 0, 0, },
    { 0, 0, 0, 0, 0, 0, 0, 0, 0, 0, 0, 0, 0, 0, 0, 0, 0, 0, 0, 0, 0, 0, 0, 0, 0, 0, 0, 0, 0, 0, 0, 0, 0, 0, 0, 0, 0, 0, 0, 0, 0, 0, 0, 0, 0, 0, 0, 0, 0, 0, 0, 0, 0, 0, 0, 0, 0, 0, 0, 0, 0, 0, 0, 0, 0, 0, 0, 0, 282, 283, 442, 443, 262, 444, 445, 362, 0, 0, 0, 0, 0, 0, 0, 0, 0, 0, 0, 0, 0, 0, 0, 0, 0, 0, 0, 0, 0, 0, 0, 0, 0, 0, 0, 0, 0, 0, 0, 0, 0, 0, 0, 0, 0, 0, 0, 0, 0, 0, 0, 0, 0, 0, 0, 0, 0, 0, 0, 0, 0, 0, 0, 0, 0, 0, 0, 0, 0, 0, 0, 0, 0, 0, 0, 0, },
    { 0, 0, 0, 0, 0, 0, 0, 0, 0, 0, 0, 0, 0, 0, 0, 0, 0, 0, 0, 0, 0, 0, 0, 0, 0, 0, 0, 0, 0, 0, 0, 0, 0, 0, 0, 0, 0, 0, 0, 0, 0, 0, 0, 0, 0, 0, 0, 0, 0, 0, 0, 0, 0, 0, 0, 0, 0, 0, 0, 0, 0, 0, 0, 0, 0, 0, 0, 0, 0, 0, 446, 447, 280, 281, 0, 0, 0, 0, 0, 0, 0, 0, 0, 0, 0, 0, 0, 0, 0, 0, 0, 0, 0, 0, 0, 0, 0, 0, 0, 0, 0, 0, 0, 0, 0, 0, 0, 0, 0, 0, 0, 0, 0, 0, 0, 0, 0, 0, 0, 0, 0, 0, 0, 0, 0, 0, 0, 0, 0, 0, 0, 0, 0, 0, 0, 0, 0, 0, 0, 0, 0, 0, 0, 0, },
    { 0, 0, 0, 0, 0, 0, 0, 0, 0, 0, 0, 0, 0, 0, 0, 0, 0, 0, 0, 0, 0, 0, 0, 0, 0, 0, 0, 0, 0, 0, 0, 0, 0, 0, 0, 0, 0, 0, 0, 0, 0, 0, 0, 0, 0, 0, 0, 0, 0, 0, 0, 0, 0, 0, 0, 0, 0, 0, 0, 0, 0, 0, 0, 0, 0, 0, 0, 0, 0, 0, 0, 0, 0, 0, 0, 0, 0, 0, 0, 0, 0, 0, 0, 0, 0, 0, 0, 0, 0, 0, 0, 0, 0, 0, 0, 0, 0, 0, 0, 0, 0, 0, 0, 0, 0, 0, 0, 0, 0, 0, 0, 0, 0, 0, 0, 0, 0, 0, 0, 0, 0, 0, 0, 0, 0, 0, 0, 0, 0, 0, 0, 0, 0, 0, 0, 0, 0, 0, 0, 0, 0, 0, 0, 0, },
    { 0, 0, 0, 0, 0, 0, 0, 0, 0, 0, 0, 0, 0, 0, 0, 0, 0, 0, 0, 0, 0, 0, 0, 0, 0, 0, 0, 0, 0, 0, 0, 0, 0, 0, 0, 0, 0, 0, 0, 0, 0, 0, 0, 0, 0, 0, 0, 0, 0, 0, 0, 0, 0, 0, 0, 0, 0, 0, 0, 0, 0, 0, 0, 0, 0, 0, 0, 0, 0, 0, 0, 0, 0, 0, 0, 0, 0, 0, 0, 0, 0, 0, 0, 0, 0, 0, 0, 0, 0, 0, 0, 0, 0, 0, 0, 0, 0, 0, 0, 0, 0, 0, 0, 0, 0, 0, 0, 0, 0, 0, 0, 0, 0, 0, 0, 0, 0, 0, 0, 0, 0, 0, 0, 0, 0, 0, 0, 0, 0, 0, 0, 0, 0, 0, 0, 0, 0, 0, 0, 0, 0, 0, 0, 0, },
    { 0, 0, 0, 0, 0, 0, 0, 0, 0, 0, 0, 0, 0, 0, 0, 0, 0, 0, 0, 0, 0, 0, 0, 0, 0, 0, 0, 0, 0, 0, 0, 0, 0, 0, 0, 0, 0, 0, 0, 0, 0, 0, 0, 0, 0, 0, 0, 0, 0, 0, 0, 0, 0, 0, 0, 0, 0, 0, 0, 0, 0, 0, 0, 0, 0, 0, 0, 0, 0, 0, 0, 0, 0, 0, 0, 0, 0, 0, 0, 0, 0, 0, 0, 0, 0, 0, 0, 0, 0, 0, 0, 0, 0, 0, 0, 0, 0, 0, 0, 0, 0, 0, 0, 0, 0, 0, 0, 0, 0, 0, 0, 0, 0, 0, 0, 0, 0, 0, 0, 0, 0, 0, 0, 0, 0, 0, 0, 0, 0, 0, 0, 0, 0, 0, 0, 0, 0, 0, 0, 0, 0, 0, 0, 0, },
    { 0, 0, 0, 0, 0, 0, 0, 0, 0, 0, 0, 0, 0, 0, 0, 0, 0, 0, 0, 0, 0, 0, 0, 0, 0, 0, 0, 0, 0, 0, 0, 0, 0, 0, 0, 0, 0, 0, 0, 0, 0, 0, 0, 0, 0, 0, 0, 0, 0, 0, 0, 0, 0, 0, 0, 0, 0, 0, 0, 0, 0, 0, 0, 0, 0, 0, 0, 0, 0, 0, 0, 0, 0, 0, 0, 0, 0, 0, 0, 0, 0, 0, 0, 0, 0, 0, 0, 0, 0, 0, 0, 0, 0, 0, 0, 0, 0, 0, 0, 0, 0, 0, 0, 0, 0, 0, 0, 0, 0, 0, 0, 0, 0, 0, 0, 0, 0, 0, 0, 0, 0, 0, 0, 0, 0, 0, 0, 0, 0, 0, 0, 0, 0, 0, 0, 0, 0, 0, 0, 0, 0, 0, 0, 0, },
};
