#include "dungeon_data.h"

// 32x16 Dimetric Floor Tiles (2:1 aspect ratio matching 60 degree pitch)
const uint16_t g_floor_tiles[NUM_FLOOR_TILES][FLOOR_TILE_W * FLOOR_TILE_H] __attribute__((aligned(4))) = {
    // F00_crypt_floor.png
    {
        0xB58B, 0xB98C, 0xBDAC, 0xBDAC, 0xBDAC, 0xBDAC, 0xBDAC, 0xBDAC, 0xBDAC, 0xBDAC, 0xBDAC, 0xBDAC, 0xBDAC, 0xBDAC, 0xBDAC, 0xBDAC, 
        0xBDAC, 0xBDAC, 0xBDAC, 0xBDAC, 0xBDAC, 0xBDAC, 0xBDAC, 0xBDAC, 0xBDAC, 0xBDAC, 0xBDAC, 0xBDAC, 0xBDAC, 0xBDAC, 0xBDAC, 0xB58C, 
        0xB98B, 0xB98C, 0xBD8C, 0xBDAC, 0xBDAC, 0xBDAC, 0xBDAC, 0xBDAC, 0xBDAC, 0xBDAC, 0xBDAC, 0xBDAC, 0xBDAC, 0xBDAC, 0xBD8C, 0xB98C, 
        0xB98C, 0xBDAC, 0xBDAC, 0xBDAC, 0xBDAC, 0xBDAC, 0xBDAC, 0xBDAC, 0xBDAC, 0xBDAC, 0xBDAC, 0xBDAC, 0xBDAC, 0xBDAC, 0xBDAC, 0xB98B, 
        0xBDAC, 0xBD8C, 0xBDAC, 0xBDAC, 0xBDAC, 0xBDAC, 0xBDAC, 0xBDAC, 0xBDAC, 0xBDAC, 0xBDAC, 0xBDAC, 0xBDAC, 0xBDAC, 0xB98C, 0xB98C, 
        0xB98B, 0xB9AC, 0xBDAC, 0xBDAC, 0xBDAC, 0xBDAC, 0xBDAC, 0xBDAC, 0xBDAC, 0xBDAC, 0xBDAC, 0xBDAC, 0xBDAC, 0xBDAC, 0xBD8C, 0xB98C, 
        0xBDAC, 0xB98C, 0xBDAC, 0xBDAC, 0xBDAC, 0xBDAC, 0xBDAC, 0xBDAC, 0xBDAC, 0xBDAC, 0xBDAC, 0xBDAC, 0xBDAC, 0xBDAC, 0xB98C, 0xB98C, 
        0xB98B, 0xBDAC, 0xBDAC, 0xBDAC, 0xBDAC, 0xBDAC, 0xBDAC, 0xBDAC, 0xBDAC, 0xBDAC, 0xBDAC, 0xBDAC, 0xBDAC, 0xBDAC, 0xBDAC, 0xBDAC, 
        0xB98C, 0xB98C, 0xBDAC, 0xBDAC, 0xBDAC, 0xBDAC, 0xBDAC, 0xBDAC, 0xBDAC, 0xBDAC, 0xBDAC, 0xBDAC, 0xB98C, 0xB98C, 0xB98C, 0xB98B, 
        0xB98C, 0xBDAC, 0xBDAC, 0xBDAC, 0xBDAC, 0xBDAC, 0xBDAC, 0xBDAC, 0xBDAC, 0xBDAC, 0xBDAC, 0xBDAC, 0xBDAC, 0xBDAC, 0xB9AC, 0xBDAC, 
        0xB98B, 0xB98B, 0xB98B, 0xBD8C, 0xBD8C, 0xBD8C, 0xBDAC, 0xBDAC, 0xB98C, 0xBDAC, 0xBDAC, 0xBD8C, 0xB98C, 0xB98C, 0xB98C, 0xB98C, 
        0xB98C, 0xBDAC, 0xBDAC, 0xBDAC, 0xBDAC, 0xBDAC, 0xBDAC, 0xBDAC, 0xBDAC, 0xBDAC, 0xBDAC, 0xBDAC, 0xB98C, 0xBDAC, 0xBDAC, 0xBDAC, 
        0xB56A, 0xB56A, 0xB56B, 0xB56B, 0xB98B, 0xB58B, 0xB98B, 0xB98B, 0xB98B, 0xB98C, 0xB98B, 0xB98B, 0xB98B, 0xB98B, 0xB98B, 0xB56B, 
        0xB56A, 0xB56B, 0xB56B, 0xB56B, 0xB56B, 0xB56B, 0xB56B, 0xB98B, 0xB98B, 0xB98B, 0xB98B, 0xB98B, 0xB98B, 0xB98B, 0xB58B, 0xB98B, 
        0xCA30, 0xCE30, 0xCE31, 0xCE31, 0xCE31, 0xCE30, 0xCA30, 0xCA10, 0xCA0F, 0xCA0F, 0xCA0F, 0xCA0F, 0xCA10, 0xCA10, 0xCA0F, 0xC1CE, 
        0xB56A, 0xB58B, 0xB98B, 0xB98B, 0xB98B, 0xB98B, 0xB98B, 0xB98B, 0xB98C, 0xB98B, 0xB98B, 0xB98B, 0xB98B, 0xB98B, 0xB98B, 0xBDAC, 
        0xCE31, 0xD272, 0xD272, 0xD272, 0xD272, 0xD272, 0xD272, 0xD272, 0xD272, 0xD272, 0xD272, 0xD272, 0xD272, 0xD272, 0xD272, 0xCE51, 
        0xBD8C, 0xBDAD, 0xBDAC, 0xBDAC, 0xC1AD, 0xBDAC, 0xC1AD, 0xC1AD, 0xC1AD, 0xC1AD, 0xBDAD, 0xBDAC, 0xBDAD, 0xBDAD, 0xBDAC, 0xBDAD, 
        0xCE51, 0xD252, 0xD272, 0xD272, 0xD272, 0xD272, 0xD272, 0xD272, 0xD272, 0xD272, 0xD272, 0xD272, 0xD272, 0xD272, 0xD272, 0xCE51, 
        0xBD8C, 0xC1AD, 0xBDAD, 0xBDAD, 0xC1AD, 0xBDAC, 0xBDAD, 0xBDAD, 0xC1AD, 0xBDAD, 0xBDAD, 0xBDAD, 0xBDAC, 0xBDAD, 0xBDAC, 0xBDAC, 
        0xD251, 0xD252, 0xD252, 0xD272, 0xD272, 0xD272, 0xD272, 0xD272, 0xD272, 0xD272, 0xD272, 0xD272, 0xD272, 0xD272, 0xD272, 0xCE51, 
        0xBDAC, 0xC1AD, 0xBDAC, 0xBDAC, 0xBDAC, 0xBDAC, 0xBDAD, 0xBDAC, 0xBDAD, 0xBDAD, 0xBDAD, 0xBDAC, 0xBDAC, 0xBDAC, 0xBDAC, 0xBDAC, 
        0xCE51, 0xD252, 0xD272, 0xD252, 0xD272, 0xD272, 0xD272, 0xD272, 0xD272, 0xD272, 0xD272, 0xD252, 0xD272, 0xD252, 0xD272, 0xCE51, 
        0xBDAC, 0xBDAD, 0xBDAD, 0xBDAC, 0xBDAC, 0xBDAC, 0xBDAC, 0xBDAC, 0xBDAC, 0xBDAC, 0xBDAC, 0xBDAC, 0xBDAC, 0xBDAC, 0xBDAC, 0xBDAC, 
        0xCE31, 0xD252, 0xD252, 0xD252, 0xD252, 0xD252, 0xD252, 0xD252, 0xD252, 0xD252, 0xD252, 0xD252, 0xD252, 0xD252, 0xD252, 0xCE51, 
        0xB98C, 0xBDAC, 0xBDAC, 0xBDAC, 0xBDAC, 0xBDAC, 0xBDAC, 0xBDAC, 0xBDAC, 0xBDAC, 0xBDAC, 0xBDAC, 0xBDAC, 0xBDAC, 0xBDAC, 0xBDAC, 
        0xCE51, 0xD252, 0xD252, 0xD252, 0xD252, 0xD252, 0xD252, 0xD252, 0xD252, 0xD252, 0xD252, 0xD252, 0xD252, 0xD252, 0xD252, 0xCE31, 
        0xB98C, 0xBDAC, 0xBDAC, 0xBDAC, 0xBDAC, 0xBDAC, 0xBDAC, 0xBDAC, 0xBDAC, 0xBDAC, 0xBDAC, 0xBDAC, 0xBDAC, 0xBDAC, 0xBDAC, 0xBDAC, 
        0xCE51, 0xD252, 0xD252, 0xD252, 0xD252, 0xD252, 0xD252, 0xD252, 0xD252, 0xD252, 0xD252, 0xD252, 0xD252, 0xD252, 0xD252, 0xCA30, 
        0xB98C, 0xBDAC, 0xBDAC, 0xBDAC, 0xBDAC, 0xBDAC, 0xBDAC, 0xBDAC, 0xBDAC, 0xBDAC, 0xBDAC, 0xBDAC, 0xBDAC, 0xBDAC, 0xBDAC, 0xB98B, 
        0xCE52, 0xCE52, 0xD252, 0xD252, 0xD252, 0xD252, 0xD252, 0xD252, 0xD252, 0xD252, 0xD252, 0xD252, 0xD252, 0xD252, 0xD252, 0xCA10, 
        0xBDCD, 0xBDAC, 0xBDAC, 0xBDAC, 0xBDAC, 0xBDAC, 0xBDAC, 0xBDAC, 0xBDAC, 0xBDAC, 0xBDAC, 0xBDAC, 0xBDAC, 0xBDAC, 0xBDAC, 0xBDAD, 
        },
    // F01_obsidian_floor.png
    {
        0xB16B, 0xB98C, 0xBDAC, 0xBDAC, 0xBDAC, 0xBDAD, 0xB9AC, 0xB98B, 0xBDAC, 0xBDAC, 0xBDAC, 0xBDAC, 0xBDAC, 0xBDAC, 0xB98C, 0xBD8C, 
        0xB98C, 0xBDAC, 0xBDAC, 0xBDAC, 0xBDAC, 0xBDAC, 0xBDAC, 0xBDAC, 0xBDAC, 0xBDAC, 0xBDAC, 0xBDAC, 0xBDAC, 0xBDAC, 0xBDAC, 0xB16B, 
        0xB56A, 0xB98B, 0xBD8C, 0xBDAC, 0xBDAC, 0xBDAC, 0xB98B, 0xB98C, 0xBDAC, 0xBDAC, 0xBDAC, 0xBDAC, 0xBDAC, 0xB98B, 0xB98B, 0xB98C, 
        0xB98B, 0xBDAC, 0xBDAC, 0xBDAC, 0xBDAC, 0xBDAC, 0xBDAC, 0xBDAC, 0xBDAC, 0xBDAC, 0xBDAC, 0xBDAC, 0xBDAC, 0xBDAC, 0xBDAC, 0xB56B, 
        0xB56A, 0xB98C, 0xBDAC, 0xBDAC, 0xBDAC, 0xBDAC, 0xB58B, 0xB98C, 0xBDAC, 0xBDAC, 0xBDAC, 0xBDAC, 0xBDAC, 0xB58B, 0xB98B, 0xB98C, 
        0xB98B, 0xB98C, 0xBDAC, 0xBDAC, 0xB98C, 0xB9AC, 0xBDAC, 0xBDAC, 0xBDAC, 0xBDAC, 0xBDAC, 0xBDAC, 0xBDAC, 0xBDAC, 0xBDAC, 0xB56A, 
        0xB56B, 0xB98C, 0xBDAC, 0xBDAC, 0xBDAC, 0xBDAC, 0xB56B, 0xBDAC, 0xBDAC, 0xBDAC, 0xBDAC, 0xBDAC, 0xBDAC, 0xB56B, 0xB98C, 0xB98C, 
        0xB98B, 0xBDAC, 0xBDAC, 0xBDAC, 0xB98B, 0xB98C, 0xBDAC, 0xBDAC, 0xBDAC, 0xBDAC, 0xBDAC, 0xBDAC, 0xBDAC, 0xBDAC, 0xBDAC, 0xB56B, 
        0xB16A, 0xB98B, 0xBDAC, 0xBDAC, 0xBDAC, 0xBDAC, 0xB56B, 0xBDAC, 0xBDAC, 0xBDAC, 0xBDAC, 0xBDAC, 0xB98C, 0xB56B, 0xB98C, 0xB98B, 
        0xB98C, 0xB9AC, 0xBDAC, 0xBDAC, 0xB56B, 0xB98C, 0xBDAC, 0xBDAC, 0xBDAC, 0xBDAC, 0xBDAC, 0xBDAC, 0xBDAC, 0xBDAC, 0xBDAC, 0xB56B, 
        0xB14A, 0xB98B, 0xB98B, 0xB98C, 0xB98C, 0xB98B, 0xB56B, 0xBDAC, 0xB9AC, 0xBDAC, 0xBDAC, 0xBDAC, 0xB98B, 0xB56B, 0xB98C, 0xB98B, 
        0xB98B, 0xB98C, 0xBDAC, 0xB98C, 0xB56B, 0xB98C, 0xBDAC, 0xBDAC, 0xBDAC, 0xBDAC, 0xBDAC, 0xB9AC, 0xBDAC, 0xBDAC, 0xBDAC, 0xB98B, 
        0xB149, 0xB56A, 0xB56A, 0xB56A, 0xB56A, 0xB56A, 0xB16A, 0xB56B, 0xB56B, 0xB98B, 0xB98B, 0xB58B, 0xB56A, 0xB14A, 0xB56A, 0xB56A, 
        0xB16A, 0xB56A, 0xB56A, 0xB16A, 0xAD49, 0xB56B, 0xB56B, 0xB98B, 0xB98B, 0xB98B, 0xB98B, 0xB98B, 0xB98B, 0xB98B, 0xB98B, 0xB56A, 
        0xB56A, 0xB98B, 0xB98B, 0xB98B, 0xB56B, 0xB14A, 0xB14A, 0xB56A, 0xB56A, 0xB56A, 0xB56A, 0xB56A, 0xAD49, 0xB14A, 0xB56B, 0xB56A, 
        0xB16A, 0xB98B, 0xB98B, 0xB56A, 0xB16A, 0xB56A, 0xB56A, 0xB56B, 0xB56A, 0xB14A, 0xB14A, 0xB56A, 0xB56A, 0xB98B, 0xB98C, 0xB56A, 
        0xB56A, 0xBDAC, 0xBDAC, 0xBDAC, 0xBDAC, 0xB98C, 0xBDAC, 0xBDAC, 0xBDAC, 0xBDAC, 0xBDAD, 0xBDAC, 0xB56B, 0xBDAC, 0xBDAC, 0xBDAC, 
        0xB98B, 0xBDAC, 0xBDAC, 0xB56B, 0xBD8C, 0xBDAC, 0xBDAC, 0xBDAC, 0xBDAC, 0xBDAC, 0xBDAC, 0xBDAC, 0xBDAC, 0xBDAC, 0xBDAC, 0xB98B, 
        0xB58B, 0xBDAC, 0xBDAC, 0xBDAC, 0xBDAC, 0xB98B, 0xBDAC, 0xBDAC, 0xBDAC, 0xBDAC, 0xBDAC, 0xBDAC, 0xB96B, 0xBDAC, 0xBDAC, 0xBDAC, 
        0xB98B, 0xBDAC, 0xBDAD, 0xB56B, 0xBDAC, 0xBDAD, 0xBDAC, 0xBDAC, 0xBDAD, 0xBDAC, 0xBDAD, 0xC1AC, 0xBDAD, 0xBDAD, 0xBDAC, 0xB56B, 
        0xB56A, 0xBDAC, 0xBDAC, 0xBDAC, 0xBDAC, 0xB16A, 0xBD8C, 0xBDAC, 0xBDAC, 0xBDAC, 0xBDAC, 0xBDAC, 0xB56B, 0xBDAC, 0xBDAC, 0xBDAC, 
        0xB98B, 0xBDAC, 0xBDAC, 0xB56B, 0xBDAC, 0xBDAC, 0xBDAC, 0xBDAC, 0xBDAC, 0xBDAC, 0xBDAC, 0xBDAC, 0xBDAC, 0xBDAC, 0xBDAC, 0xB56B, 
        0xB56B, 0xBDAC, 0xBDAC, 0xBDAC, 0xBDAC, 0xB14A, 0xBDAC, 0xBDAC, 0xBDAC, 0xBDAC, 0xBDAC, 0xBDAC, 0xB16A, 0xBDAC, 0xBDAC, 0xBDAC, 
        0xB98B, 0xBDAC, 0xBDAC, 0xB56B, 0xBDAC, 0xBDAC, 0xBDAC, 0xBDAC, 0xBDAC, 0xBDAC, 0xBDAC, 0xBDAC, 0xBDAC, 0xBDAC, 0xBDAC, 0xB56B, 
        0xB56A, 0xBDAC, 0xBDAC, 0xBDAC, 0xBDAC, 0xB14A, 0xBDAC, 0xBDAC, 0xBDAC, 0xBDAC, 0xBDAC, 0xBD8C, 0xB56A, 0xBDAC, 0xBDAC, 0xBDAC, 
        0xB98B, 0xBDAC, 0xB98B, 0xB56B, 0xBDAC, 0xBDAC, 0xBDAC, 0xBDAC, 0xBDAC, 0xBDAC, 0xBDAC, 0xBDAC, 0xBDAC, 0xBDAC, 0xBDAC, 0xB56A, 
        0xB16A, 0xBDAC, 0xBDAC, 0xBDAC, 0xBDAC, 0xB56B, 0xBDAC, 0xBDAC, 0xBDAC, 0xBDAC, 0xBDAC, 0xB98C, 0xB56B, 0xBDAC, 0xBDAC, 0xBDAC, 
        0xB98B, 0xBDAC, 0xB98B, 0xB98B, 0xBDAC, 0xBDAC, 0xBDAC, 0xBDAC, 0xBDAC, 0xBDAC, 0xBDAC, 0xBDAC, 0xBDAC, 0xBDAC, 0xBDAC, 0xB56A, 
        0xB56A, 0xBD8C, 0xBDAC, 0xBDAC, 0xBDAC, 0xB98B, 0xBDAC, 0xBDAC, 0xBDAC, 0xBDAC, 0xBDAC, 0xBD8C, 0xB98B, 0xBD8C, 0xBDAC, 0xB98C, 
        0xB98B, 0xB98C, 0xB56B, 0xB98C, 0xBDAC, 0xBDAC, 0xBDAC, 0xBDAC, 0xBDAC, 0xBDAC, 0xBDAC, 0xBDAC, 0xBDAC, 0xBDAC, 0xBDAC, 0xB56A, 
        0xB56B, 0xB9AC, 0xBDAC, 0xBDAC, 0xB98C, 0xB98B, 0xBDAC, 0xBDAC, 0xBDAC, 0xBDAC, 0xBDAC, 0xB9AC, 0xB98C, 0xBDAC, 0xBDAC, 0xB98B, 
        0xB98C, 0xB98C, 0xB56B, 0xB98C, 0xBDAC, 0xBDAC, 0xBDAC, 0xBDAC, 0xBDAC, 0xBDAC, 0xBDAC, 0xBDAC, 0xBDAC, 0xBDAC, 0xBDAC, 0xB98C, 
        },
    // F02_bone_floor.png
    {
        0xB16B, 0xB98C, 0xBDAC, 0xBDAD, 0xBDCE, 0xCE73, 0xBDCE, 0xBDAC, 0xBDAC, 0xBDAD, 0xBDAD, 0xBDAC, 0xBDAD, 0xBDAD, 0xBDAD, 0xC631, 
        0xD273, 0xD273, 0xD272, 0xD252, 0xD252, 0xD252, 0xD252, 0xD252, 0xD252, 0xD273, 0xD294, 0xD252, 0xD252, 0xD252, 0xD251, 0xC1EF, 
        0xB56A, 0xB98B, 0xB98C, 0xBDAC, 0xBDAD, 0xCA74, 0xC1EF, 0xBDAC, 0xBDAC, 0xBDAC, 0xBDAC, 0xBDAC, 0xBDAC, 0xBDAC, 0xBDAD, 0xC632, 
        0xD274, 0xD252, 0xD252, 0xD252, 0xD252, 0xD252, 0xD252, 0xD252, 0xD252, 0xD273, 0xD294, 0xD252, 0xD252, 0xD252, 0xD252, 0xCA10, 
        0xB56A, 0xB98B, 0xB98C, 0xB98C, 0xBDAD, 0xCE74, 0xC1EF, 0xBDAC, 0xBDAC, 0xBDAC, 0xBDAC, 0xBDAC, 0xB9AC, 0xBDAC, 0xBDAC, 0xC631, 
        0xD273, 0xD252, 0xD252, 0xD252, 0xD252, 0xD252, 0xD252, 0xD252, 0xD252, 0xD273, 0xD294, 0xD252, 0xD252, 0xD252, 0xD252, 0xC5EF, 
        0xB56A, 0xB98B, 0xB98C, 0xBD8C, 0xBDAD, 0xCE74, 0xC1EF, 0xBDAC, 0xBDAC, 0xBDAC, 0xBDAC, 0xBDAC, 0xBDAC, 0xBDAC, 0xBDAC, 0xCA52, 
        0xD273, 0xD252, 0xD252, 0xD252, 0xD252, 0xD252, 0xD252, 0xD252, 0xD252, 0xD272, 0xD294, 0xD252, 0xD252, 0xD252, 0xD252, 0xC5EF, 
        0xB16A, 0xB98B, 0xB98C, 0xBD8C, 0xBDAD, 0xCE94, 0xC1EF, 0xBD8C, 0xBDAC, 0xBDAC, 0xBDAC, 0xBDAC, 0xB9AC, 0xBDAC, 0xBDAC, 0xC632, 
        0xD273, 0xD252, 0xD252, 0xD252, 0xD252, 0xD252, 0xCE52, 0xCE52, 0xD252, 0xD252, 0xD294, 0xD252, 0xD252, 0xD252, 0xD252, 0xC60F, 
        0xB14A, 0xB98B, 0xB98B, 0xB98C, 0xBDAD, 0xCE74, 0xC1EF, 0xBDAC, 0xBD8C, 0xBDAC, 0xBDAC, 0xBDAC, 0xB9AC, 0xBDAC, 0xBDAC, 0xC631, 
        0xD273, 0xD252, 0xCE52, 0xCE52, 0xD252, 0xCE51, 0xCE52, 0xD252, 0xD252, 0xD273, 0xD295, 0xD252, 0xCE51, 0xD252, 0xD252, 0xCA10, 
        0xAD49, 0xB56A, 0xB56B, 0xB56B, 0xB98C, 0xCA53, 0xBDCE, 0xB56A, 0xB56B, 0xB98B, 0xB98B, 0xB58B, 0xB58B, 0xB98B, 0xB98B, 0xC210, 
        0xCA31, 0xCA30, 0xCA30, 0xCA30, 0xCA30, 0xCE30, 0xCE31, 0xCE31, 0xCA30, 0xCA31, 0xCE74, 0xCE31, 0xCE30, 0xCE31, 0xCE30, 0xC5EF, 
        0xB16A, 0xB98B, 0xB98B, 0xB98B, 0xB98C, 0xCA53, 0xBDCE, 0xB56A, 0xB56A, 0xB16A, 0xB14A, 0xB14A, 0xB14A, 0xB56A, 0xB58B, 0xBDF0, 
        0xC610, 0xBDAD, 0xBDAD, 0xBDAC, 0xB9AC, 0xB98C, 0xBDAC, 0xBDAC, 0xBDAC, 0xBDCE, 0xC632, 0xC1CE, 0xBDAD, 0xC1CD, 0xC1CE, 0xB56B, 
        0xB56B, 0xBDAC, 0xBDAC, 0xBDAC, 0xBDAD, 0xCE74, 0xC1EF, 0xBDAC, 0xBDAD, 0xBDAD, 0xBDAD, 0xBDAD, 0xBDAC, 0xBDAC, 0xBDAD, 0xC631, 
        0xC631, 0xBDAD, 0xBDAC, 0xBDAC, 0xBDAC, 0xBDAC, 0xBDAC, 0xBDAC, 0xBDAC, 0xC1EF, 0xCA53, 0xC1CD, 0xBDAC, 0xBDAC, 0xBDAC, 0xB56B, 
        0xB98B, 0xBDAC, 0xBDAC, 0xBDAC, 0xC1CD, 0xCE74, 0xC1F0, 0xBDAD, 0xBDAD, 0xBDAD, 0xBDAD, 0xBDAD, 0xBDAD, 0xC1AD, 0xC1AD, 0xC611, 
        0xC631, 0xBDAC, 0xC1AD, 0xBDAD, 0xBDAD, 0xBDAD, 0xBDAD, 0xBDAD, 0xBDAD, 0xC1EF, 0xCA73, 0xC1CE, 0xBDAC, 0xBDAC, 0xBDAC, 0xB56B, 
        0xB56B, 0xBDAC, 0xBDAC, 0xBDAC, 0xBDCE, 0xCE74, 0xC1EF, 0xBDAC, 0xBDAC, 0xBDAC, 0xBDAC, 0xBDAC, 0xBDAD, 0xBDAD, 0xBDAD, 0xC611, 
        0xC631, 0xBDAC, 0xBDAC, 0xBDAD, 0xBDAC, 0xBDAC, 0xBDAD, 0xBDAD, 0xBDAC, 0xC1EF, 0xCA73, 0xC1CE, 0xBDAD, 0xBDAD, 0xBDAC, 0xB56A, 
        0xB56B, 0xBDAC, 0xBDAC, 0xBDAC, 0xBDCE, 0xCE74, 0xC1EF, 0xBDAC, 0xBDAD, 0xBDAC, 0xBDAC, 0xBDAC, 0xBDAD, 0xBDAC, 0xBDAC, 0xC611, 
        0xC631, 0xBDAC, 0xBDAC, 0xBDAC, 0xBDAC, 0xBDAC, 0xBDAC, 0xBDAD, 0xBDAC, 0xC1EF, 0xCA73, 0xC1EF, 0xBDAD, 0xBDAC, 0xBDAC, 0xB56A, 
        0xB56A, 0xBDAC, 0xBDAC, 0xBDAC, 0xBDAD, 0xCA73, 0xC1EE, 0xBDAC, 0xBDAD, 0xBDAC, 0xBDAC, 0xBDAC, 0xBDAC, 0xBDAC, 0xBDAC, 0xC631, 
        0xC631, 0xBDAC, 0xBDAC, 0xBDAC, 0xBDAC, 0xBDAC, 0xBDAC, 0xBDAC, 0xBDAC, 0xC1EF, 0xCA73, 0xC1CE, 0xBDAC, 0xBDAC, 0xBDAC, 0xB16A, 
        0xB56A, 0xBDAC, 0xBDAC, 0xBDAC, 0xBDAD, 0xCA53, 0xC1EF, 0xBDAC, 0xBDAC, 0xBDAC, 0xBDAC, 0xBDAC, 0xBDAC, 0xBDAC, 0xBDAC, 0xC611, 
        0xC632, 0xBDAC, 0xBDAC, 0xBDAC, 0xBDAC, 0xBDAC, 0xBDAC, 0xBDAC, 0xBDAC, 0xC1CE, 0xCA53, 0xC1CE, 0xBDAC, 0xBDAC, 0xBDAC, 0xB56A, 
        0xB56A, 0xBDAC, 0xBDAC, 0xBDAC, 0xBDAD, 0xCA53, 0xC1CF, 0xBDAC, 0xBDAD, 0xBDAC, 0xBDAC, 0xBDAC, 0xBDAC, 0xBDAC, 0xBDAC, 0xC611, 
        0xC631, 0xBDAC, 0xBDAC, 0xBDAC, 0xBDAC, 0xBDAC, 0xBDAC, 0xBDAC, 0xBDAC, 0xBDCE, 0xCA53, 0xC1CD, 0xBDAC, 0xBDAC, 0xBD8C, 0xB56A, 
        0xB58B, 0xB9AC, 0xBDAC, 0xBDAC, 0xC1CD, 0xC632, 0xC1EF, 0xBDAC, 0xBDAC, 0xBDAC, 0xBDAC, 0xBDAC, 0xBDAC, 0xBDAC, 0xC1CE, 0xC211, 
        0xC611, 0xBDCD, 0xBDAC, 0xBDAC, 0xBDAC, 0xBDAC, 0xBDAC, 0xBDAC, 0xBDAC, 0xC1CD, 0xC632, 0xC1CE, 0xBDAC, 0xBDAC, 0xB98C, 0xB58C, 
        },
    // F03_crimson_floor.png
    {
        0xC1CE, 0xCE51, 0xD252, 0xD252, 0xD252, 0xD252, 0xD252, 0xD252, 0xD252, 0xD252, 0xD252, 0xD252, 0xD252, 0xD253, 0xCE35, 0xCA13, 
        0xC5F3, 0xC1F4, 0xBDD0, 0xBDAD, 0xBDAC, 0xBDAC, 0xBDAC, 0xBDAC, 0xBDAC, 0xBDAC, 0xBDAC, 0xBDAC, 0xBDAD, 0xBDAC, 0xB98C, 0xB16B, 
        0xC1CD, 0xCE51, 0xD251, 0xD252, 0xD252, 0xD252, 0xD252, 0xD252, 0xD252, 0xD252, 0xD251, 0xD252, 0xD252, 0xCE54, 0xCE34, 0xCA13, 
        0xC1D3, 0xBDD4, 0xBDD3, 0xBDAE, 0xBDAC, 0xBDAC, 0xBDAC, 0xBDAC, 0xBDAC, 0xBDAC, 0xBDAC, 0xBDAC, 0xBDAC, 0xBDAC, 0xBDAC, 0xB96B, 
        0xC1CE, 0xCE51, 0xD252, 0xD252, 0xD252, 0xD252, 0xD252, 0xD252, 0xD252, 0xD252, 0xD251, 0xCE52, 0xCE53, 0xCE34, 0xCE33, 0xCA33, 
        0xBDD1, 0xB9B0, 0xBDD3, 0xBDB1, 0xBDAD, 0xBDAC, 0xBDAC, 0xBDAC, 0xBDAC, 0xBDAC, 0xBDAC, 0xBDAC, 0xBDAC, 0xBDAC, 0xBDAC, 0xB56B, 
        0xC5EE, 0xCE31, 0xD252, 0xD252, 0xD252, 0xD252, 0xD252, 0xD252, 0xD252, 0xD251, 0xCE52, 0xCE33, 0xCE35, 0xCE32, 0xCE32, 0xCA34, 
        0xC1D1, 0xBDAD, 0xBDB1, 0xC1D4, 0xBDB1, 0xBDAC, 0xBDAC, 0xBDAC, 0xBDAC, 0xBDAC, 0xBDAC, 0xBDAC, 0xBDAC, 0xBDAC, 0xBDAC, 0xB98B, 
        0xC1CD, 0xCE30, 0xD252, 0xD252, 0xD252, 0xD252, 0xCE52, 0xCE52, 0xCE52, 0xCE52, 0xCE34, 0xCA36, 0xCA34, 0xCE33, 0xCE33, 0xCA36, 
        0xC1D4, 0xBDB0, 0xBDB0, 0xBDB4, 0xC1D4, 0xBDB0, 0xBDAC, 0xBDAC, 0xBDAC, 0xBDAC, 0xBDAC, 0xBDAC, 0xBDAC, 0xBDAC, 0xBDAC, 0xB56B, 
        0xBDAD, 0xCA30, 0xCE51, 0xCE51, 0xCE51, 0xCE51, 0xCE51, 0xCE51, 0xCE31, 0xCE32, 0xCA35, 0xCA36, 0xCA34, 0xCA14, 0xCA15, 0xCA17, 
        0xC1D6, 0xBDB4, 0xBDB4, 0xB9B3, 0xBDB4, 0xBDB3, 0xB98D, 0xBDAC, 0xBDAC, 0xBDAC, 0xBDAC, 0xBDAC, 0xBDAC, 0xBDAC, 0xBDAC, 0xB98B, 
        0xBDAC, 0xCA0F, 0xCA10, 0xCA10, 0xCA30, 0xCA30, 0xCA30, 0xCA10, 0xCA11, 0xC613, 0xC5F5, 0xC5F2, 0xC5F0, 0xC5F0, 0xC5F2, 0xC5F4, 
        0xBDB3, 0xB990, 0xB98F, 0xB98E, 0xB990, 0xB9B4, 0xB990, 0xB98C, 0xB98B, 0xB98B, 0xB98B, 0xB98B, 0xB98B, 0xB98B, 0xB98B, 0xB56B, 
        0xB56B, 0xBDAC, 0xC1CD, 0xC1CD, 0xBDAD, 0xBDAD, 0xBDAC, 0xBDAD, 0xBDAE, 0xBDD2, 0xBDD4, 0xBDB0, 0xBDAD, 0xC1CD, 0xC1CE, 0xC1D3, 
        0xCA13, 0xCE30, 0xCE31, 0xCE30, 0xCA11, 0xC614, 0xC613, 0xCA10, 0xCA0F, 0xC5EE, 0xC1EE, 0xC5EF, 0xC5EF, 0xCA10, 0xCA30, 0xC1CE, 
        0xB56A, 0xBDAC, 0xBDAC, 0xBDAC, 0xBDAC, 0xBDAC, 0xBDAD, 0xBDAC, 0xBDAC, 0xBDAE, 0xBDD3, 0xBDB2, 0xBDAD, 0xBDAD, 0xBDAD, 0xC1F2, 
        0xCE33, 0xD252, 0xD252, 0xD252, 0xCE54, 0xCE56, 0xD254, 0xD252, 0xD252, 0xD252, 0xD272, 0xD272, 0xD272, 0xD272, 0xD272, 0xCA10, 
        0xB58B, 0xBDAC, 0xBDAC, 0xBDAC, 0xBDAD, 0xBDAD, 0xC1AD, 0xBDAD, 0xBDAC, 0xBDAC, 0xBDB0, 0xC1D3, 0xBDB0, 0xBDAE, 0xBDAD, 0xC1D1, 
        0xCE54, 0xD252, 0xD252, 0xD254, 0xCE55, 0xD254, 0xD272, 0xD272, 0xD272, 0xD272, 0xD272, 0xD272, 0xD272, 0xD272, 0xD272, 0xC60F, 
        0xB56B, 0xBDAC, 0xBDAC, 0xBDAC, 0xBDAC, 0xBDAC, 0xBDAD, 0xBDAD, 0xBDAC, 0xC1AC, 0xBDAD, 0xBDB1, 0xC1D3, 0xBDAF, 0xBDAD, 0xC1D2, 
        0xCE54, 0xD252, 0xD252, 0xD255, 0xD254, 0xD272, 0xD272, 0xD272, 0xD272, 0xD272, 0xD272, 0xD272, 0xD272, 0xD272, 0xD272, 0xC5EF, 
        0xB98B, 0xBDAC, 0xBDAD, 0xBDAC, 0xBDAD, 0xBDAD, 0xBDAD, 0xBDAD, 0xBDAD, 0xBDAC, 0xC1AC, 0xBDAD, 0xC1D3, 0xC1D3, 0xBDAF, 0xC1D2, 
        0xCE34, 0xD252, 0xD254, 0xD254, 0xD252, 0xD252, 0xD252, 0xD252, 0xD252, 0xD252, 0xD272, 0xD272, 0xD272, 0xD252, 0xD252, 0xC5EF, 
        0xB56A, 0xBDAC, 0xBDAC, 0xBDAC, 0xBDAC, 0xBDAC, 0xBDAC, 0xBDAC, 0xBDAC, 0xBDAC, 0xBDAC, 0xBDAC, 0xBDAF, 0xC1D4, 0xBDB2, 0xC1D1, 
        0xCE33, 0xCE54, 0xCE55, 0xD252, 0xD252, 0xD252, 0xD252, 0xD252, 0xD252, 0xD252, 0xD252, 0xD252, 0xD252, 0xD252, 0xD252, 0xC1EE, 
        0xB16A, 0xBDAC, 0xBDAC, 0xBDAC, 0xBDAC, 0xBDAC, 0xBDAC, 0xBDAC, 0xBDAC, 0xBDAC, 0xBDAC, 0xBDAC, 0xBD8D, 0xBDB1, 0xC1D5, 0xC1D4, 
        0xCA13, 0xCE54, 0xD253, 0xD252, 0xD252, 0xD252, 0xD252, 0xD252, 0xD252, 0xD252, 0xD252, 0xD252, 0xD252, 0xD252, 0xD251, 0xC5EF, 
        0xB56A, 0xBD8C, 0xBDAC, 0xBDAC, 0xBDAC, 0xBDAC, 0xBDAC, 0xBDAC, 0xBDAC, 0xBDAC, 0xBDAC, 0xBDAC, 0xBDAC, 0xBDAD, 0xBDB2, 0xC1D5, 
        0xC5F5, 0xCE33, 0xD252, 0xD252, 0xD252, 0xD252, 0xD252, 0xD252, 0xD252, 0xD252, 0xD252, 0xD252, 0xD252, 0xD252, 0xD251, 0xC5EE, 
        0xB56B, 0xB98C, 0xBDAC, 0xBDAC, 0xBDAC, 0xBDAC, 0xBDAC, 0xBDAC, 0xBDAC, 0xBDAC, 0xBDAC, 0xBDAC, 0xBDAC, 0xBDAD, 0xBDCF, 0xC1D4, 
        0xC615, 0xCE53, 0xD252, 0xD252, 0xD252, 0xD252, 0xD252, 0xD252, 0xD252, 0xD252, 0xD252, 0xD252, 0xD252, 0xD252, 0xCE51, 0xCA10, 
        },
    // F04_worn_floor.png
    {
        0xB16A, 0xB56B, 0xB98B, 0xB98C, 0xB98C, 0xB98C, 0xB98C, 0xB58B, 0xBDAC, 0xC1CD, 0xC1CD, 0xC1CD, 0xC1CD, 0xC1CD, 0xC1CD, 0xC1CD, 
        0xCE30, 0xCE31, 0xCE30, 0xCE31, 0xCE31, 0xCE31, 0xCE31, 0xCA0F, 0xB56A, 0xB56B, 0xB96B, 0xB98B, 0xB98B, 0xB96B, 0xB56B, 0xAD4A, 
        0xB98B, 0xB98B, 0xB98C, 0xBDAC, 0xBDAC, 0xBDAC, 0xB98C, 0xB98B, 0xB98B, 0xBDAC, 0xBDAC, 0xBDAC, 0xBDAC, 0xBDAC, 0xBDAC, 0xBDAC, 
        0xCE30, 0xD252, 0xD252, 0xD252, 0xD252, 0xD252, 0xD252, 0xCE30, 0xB98B, 0xB98C, 0xBDAC, 0xBDAC, 0xBDAC, 0xC1AC, 0xBDAC, 0xB98B, 
        0xBD8C, 0xBDAC, 0xBDAC, 0xBDAC, 0xBDAC, 0xBDAC, 0xBDAC, 0xB98C, 0xB98B, 0xBDAC, 0xBDAC, 0xBDAC, 0xBDAC, 0xBDAC, 0xBDAC, 0xB9AC, 
        0xCE31, 0xD252, 0xD252, 0xD252, 0xD252, 0xD252, 0xD252, 0xCE31, 0xB9AC, 0xBDAC, 0xBDAC, 0xBDAC, 0xBDAD, 0xBDAD, 0xBDAC, 0xBDAC, 
        0xBDAC, 0xBDAC, 0xBDAC, 0xBDAC, 0xBDAC, 0xBDAC, 0xBDAC, 0xB98C, 0xB98B, 0xBDAC, 0xBDAC, 0xBDAC, 0xBDAC, 0xBDAC, 0xBDAC, 0xBDAC, 
        0xCE31, 0xD252, 0xD252, 0xD252, 0xD252, 0xD252, 0xD252, 0xCE31, 0xB98C, 0xBDAC, 0xBDAC, 0xBDAC, 0xBDAC, 0xBDAC, 0xBDAC, 0xBDAC, 
        0xB98C, 0xB98C, 0xBDAC, 0xBDAC, 0xBDAC, 0xBDAC, 0xBDAC, 0xB98B, 0xB98B, 0xBDAC, 0xBDAC, 0xBDAC, 0xBDAC, 0xBDAC, 0xBDAC, 0xBDAC, 
        0xCE31, 0xD252, 0xD252, 0xD252, 0xD252, 0xD252, 0xCE51, 0xCE31, 0xB98C, 0xBDAC, 0xBDAC, 0xBDAC, 0xBDAC, 0xBDAC, 0xBDAC, 0xBDAC, 
        0xB98B, 0xB98B, 0xB98B, 0xB98C, 0xB98C, 0xB98C, 0xBDAC, 0xB98C, 0xB98B, 0xBDAC, 0xBDAC, 0xBDAC, 0xBDAC, 0xBDAC, 0xBDAC, 0xBDAC, 
        0xCE31, 0xCE51, 0xCE51, 0xCE51, 0xD252, 0xCE51, 0xCE51, 0xCE31, 0xB98B, 0xBDAC, 0xBDAC, 0xBDAC, 0xBDAC, 0xBDAC, 0xBDAC, 0xBDAC, 
        0xB56A, 0xB56A, 0xB56A, 0xB56A, 0xB56A, 0xB56A, 0xB56B, 0xB56B, 0xB56A, 0xB58B, 0xB98B, 0xB58B, 0xB98B, 0xB98B, 0xB98B, 0xB56B, 
        0xC5EF, 0xCA10, 0xCA10, 0xCA30, 0xCA30, 0xCA30, 0xCA30, 0xC5EF, 0xB56A, 0xB96B, 0xB98B, 0xB98B, 0xB98B, 0xB98B, 0xB98B, 0xBDAC, 
        0xB98B, 0xB98B, 0xB98B, 0xB98B, 0xB98B, 0xB98B, 0xB98B, 0xB56B, 0xB16A, 0xB56A, 0xB56B, 0xB56A, 0xB56A, 0xB56A, 0xB56A, 0xB14A, 
        0xB98B, 0xBDAC, 0xBDAC, 0xBDAC, 0xBDAC, 0xBDAD, 0xBDAD, 0xB9AC, 0xC1CE, 0xCA0F, 0xCA0F, 0xCA10, 0xCA30, 0xCA30, 0xCE30, 0xCE31, 
        0xB98B, 0xBDAC, 0xBDAC, 0xBDAC, 0xBDAC, 0xBDAC, 0xBDAC, 0xBDAC, 0xB98B, 0xBDAC, 0xBDAD, 0xBDAC, 0xBDAC, 0xBDAC, 0xBDAC, 0xBDAC, 
        0xB98C, 0xBDAC, 0xBDAC, 0xBDAC, 0xBDAC, 0xC1AD, 0xBDAC, 0xB98C, 0xCE31, 0xD252, 0xD252, 0xD252, 0xD252, 0xD272, 0xD272, 0xD673, 
        0xBDAC, 0xBDAC, 0xBDAC, 0xBDAC, 0xBDAC, 0xBDAC, 0xBDAC, 0xBDAC, 0xB98B, 0xBDAC, 0xBDAC, 0xBDAC, 0xBDAC, 0xBDAC, 0xBDAC, 0xBDAC, 
        0xB98C, 0xBDAC, 0xBDAC, 0xBDAC, 0xBDAC, 0xBDAC, 0xBDAC, 0xBDAC, 0xCE31, 0xD252, 0xD252, 0xD252, 0xD252, 0xD252, 0xD252, 0xD252, 
        0xBDAC, 0xBDAC, 0xBDAC, 0xBDAC, 0xBDAC, 0xBDAC, 0xBDAC, 0xBDAC, 0xB98B, 0xBDAC, 0xBDAC, 0xBDAC, 0xBDAC, 0xBDAC, 0xBDAC, 0xBDAC, 
        0xB98B, 0xBDAC, 0xBDAC, 0xBDAC, 0xBDAC, 0xBDAC, 0xBDAC, 0xBDAC, 0xCE30, 0xD252, 0xD252, 0xD252, 0xD252, 0xD252, 0xD252, 0xCE51, 
        0xB98B, 0xB98C, 0xBDAC, 0xBD8C, 0xBDAC, 0xBDAC, 0xBD8C, 0xB98C, 0xB98B, 0xBDAC, 0xBDAC, 0xBDAC, 0xBDAC, 0xBDAC, 0xBDAC, 0xBD8C, 
        0xB98C, 0xBDAC, 0xBDAC, 0xBDAC, 0xBDAC, 0xBDAC, 0xBDAC, 0xB98C, 0xCA30, 0xCE51, 0xD252, 0xD252, 0xD252, 0xD252, 0xCE51, 0xCE51, 
        0xB56B, 0xB98B, 0xB98C, 0xB98C, 0xBD8C, 0xBD8C, 0xB98C, 0xB98B, 0xB98B, 0xB98C, 0xBDAC, 0xBDAC, 0xBDAC, 0xBDAC, 0xBDAC, 0xBD8C, 
        0xB98B, 0xB98C, 0xBDAC, 0xBDAC, 0xBDAC, 0xBDAC, 0xBD8C, 0xB98B, 0xCA10, 0xCE51, 0xCE51, 0xCE51, 0xCE51, 0xCE51, 0xCE51, 0xCE51, 
        0xB58B, 0xB56B, 0xB58B, 0xB58B, 0xB98B, 0xB58B, 0xB56A, 0xB56A, 0xB56A, 0xB56B, 0xB56B, 0xB56B, 0xB56B, 0xB98B, 0xB98B, 0xB56B, 
        0xB16A, 0xB56B, 0xB98B, 0xB56B, 0xB56B, 0xB56B, 0xB56B, 0xB56A, 0xC5EE, 0xCA10, 0xCA30, 0xCA10, 0xCA10, 0xCA10, 0xCA10, 0xCE30, 
        0xCA10, 0xCE31, 0xCE30, 0xCA0F, 0xCA30, 0xCA10, 0xCA30, 0xCA0F, 0xB98C, 0xB98C, 0xB9AC, 0xB98C, 0xB98B, 0xB98B, 0xB98B, 0xB98B, 
        0xB56B, 0xB98C, 0xB98C, 0xBDAC, 0xBD8C, 0xB98C, 0xB98B, 0xB56B, 0xBDAD, 0xC1CD, 0xC1CD, 0xC1CD, 0xC1CD, 0xC1AD, 0xC1AD, 0xBDAC, 
        0xCE52, 0xD252, 0xD272, 0xD252, 0xD252, 0xD252, 0xCE51, 0xCE30, 0xC1CD, 0xBDAC, 0xBDAC, 0xBDAC, 0xBDAC, 0xBDAC, 0xBDAC, 0xB98B, 
        0xBD8C, 0xBDAC, 0xBDAC, 0xBDAC, 0xBDAC, 0xBDAC, 0xBDAC, 0xB98B, 0xB98B, 0xBDAC, 0xBDAC, 0xBDAC, 0xBDAC, 0xBDAC, 0xBDAC, 0xBDAD, 
        },
};

// 32x48 Vertical Walls, Pillars and Arches with True Height & Depth
const uint16_t g_wall_sprites[NUM_WALL_TYPES][WALL_SPRITE_W * WALL_SPRITE_H] __attribute__((aligned(4))) = {
    // W00_crypt_wall_front.png
    {
        0x0000, 0x0000, 0x0000, 0x0000, 0x0000, 0x0000, 0x0000, 0x0000, 0x0000, 0x0000, 0x0000, 0x0000, 0x0000, 0x0000, 0x0000, 0x0000, 
        0x0000, 0x0000, 0x0000, 0x0000, 0x0000, 0x0000, 0x0000, 0x0000, 0x0000, 0x0000, 0x0000, 0x0000, 0x0000, 0x0000, 0x0000, 0x0000, 
        0x0000, 0x0000, 0x0000, 0x0000, 0x0000, 0x0000, 0x0000, 0x0000, 0x0000, 0x0000, 0x0000, 0x0000, 0x0000, 0x0000, 0x0000, 0x0000, 
        0x0000, 0x0000, 0x0000, 0x0000, 0x0000, 0x0000, 0x0000, 0x0000, 0x0000, 0x0000, 0x0000, 0x0000, 0x0000, 0x0000, 0x0000, 0x0000, 
        0x0000, 0x0000, 0x0000, 0x0000, 0x0000, 0x0000, 0x0000, 0x0000, 0x0000, 0x0000, 0x0000, 0x0000, 0x0000, 0x0000, 0x0000, 0x0000, 
        0x0000, 0x0000, 0x0000, 0x0000, 0x0000, 0x0000, 0x0000, 0x0000, 0x0000, 0x0000, 0x0000, 0x0000, 0x0000, 0x0000, 0x0000, 0x0000, 
        0x0000, 0x0000, 0x0000, 0x0000, 0x0000, 0x0000, 0x0000, 0x0000, 0x0000, 0x0000, 0x0000, 0x0000, 0x0000, 0x0000, 0x0000, 0x0000, 
        0x0000, 0x0000, 0x0000, 0x0000, 0x0000, 0x0000, 0x0000, 0x0000, 0x0000, 0x0000, 0x0000, 0x0000, 0x0000, 0x0000, 0x0000, 0x0000, 
        0x0000, 0x0000, 0x8000, 0x0000, 0x0000, 0x0000, 0x0000, 0x0000, 0x0000, 0x8000, 0x0000, 0x0000, 0x0000, 0x0000, 0x0000, 0x0000, 
        0x8000, 0x0000, 0x0000, 0x0000, 0x0000, 0x0000, 0x0000, 0x0000, 0x0000, 0x0000, 0x0000, 0x0000, 0x0000, 0x0000, 0x0000, 0x0000, 
        0xB98B, 0xBDAC, 0xCA0F, 0xD251, 0xCA30, 0xD251, 0xD251, 0xCA10, 0xCA0F, 0xC5EF, 0xC5EE, 0xC60F, 0xCA30, 0xC60F, 0xC1CE, 0xCA30, 
        0xCE31, 0xCE51, 0xCE30, 0xD252, 0xD272, 0xD252, 0xD251, 0xCE30, 0xCA30, 0xC5EE, 0xCE30, 0xCE30, 0xCA30, 0xCE51, 0xCE31, 0xCE31, 
        0xDA72, 0xD672, 0xD673, 0xD672, 0xD672, 0xD672, 0xD672, 0xD672, 0xD672, 0xD672, 0xD652, 0xD251, 0xD272, 0xD252, 0xD252, 0xD252, 
        0xD672, 0xD672, 0xD672, 0xD672, 0xD672, 0xD672, 0xD672, 0xD672, 0xD672, 0xD652, 0xD672, 0xD672, 0xD673, 0xD673, 0xD673, 0xDA94, 
        0xD253, 0xD252, 0xD272, 0xD272, 0xD272, 0xD272, 0xD272, 0xD673, 0xD272, 0xD272, 0xD272, 0xD252, 0xD252, 0xD272, 0xD252, 0xD272, 
        0xD272, 0xD272, 0xD272, 0xD252, 0xD252, 0xD272, 0xD272, 0xD272, 0xD272, 0xD272, 0xD272, 0xD252, 0xD252, 0xD272, 0xD272, 0xD673, 
        0xD673, 0xD272, 0xD252, 0xD252, 0xD252, 0xD252, 0xD252, 0xD272, 0xD272, 0xD272, 0xD272, 0xD272, 0xD272, 0xD252, 0xD272, 0xD272, 
        0xD252, 0xD272, 0xD272, 0xD272, 0xD252, 0xD272, 0xD252, 0xD252, 0xD272, 0xD252, 0xD252, 0xD252, 0xCE51, 0xD252, 0xD272, 0xD653, 
        0xD273, 0xD252, 0xD252, 0xD252, 0xD252, 0xD252, 0xD252, 0xD252, 0xD252, 0xD252, 0xD252, 0xD252, 0xD252, 0xD252, 0xD252, 0xD252, 
        0xD252, 0xD252, 0xD252, 0xD252, 0xD252, 0xD252, 0xD252, 0xD252, 0xD252, 0xD252, 0xD252, 0xD252, 0xD251, 0xD251, 0xD252, 0xD673, 
        0xD252, 0xD252, 0xD252, 0xD252, 0xD252, 0xD252, 0xD252, 0xD252, 0xD252, 0xD252, 0xD252, 0xD252, 0xD252, 0xD252, 0xD252, 0xD252, 
        0xD252, 0xD252, 0xD252, 0xD252, 0xD252, 0xD252, 0xD252, 0xD252, 0xD252, 0xD252, 0xD252, 0xD252, 0xD251, 0xD252, 0xD252, 0xD673, 
        0xD252, 0xD252, 0xCE52, 0xD252, 0xD252, 0xD252, 0xD252, 0xD252, 0xD252, 0xD252, 0xD272, 0xD252, 0xD252, 0xD252, 0xD252, 0xD252, 
        0xD252, 0xD252, 0xD252, 0xD252, 0xD252, 0xD252, 0xD252, 0xD252, 0xD252, 0xD252, 0xD252, 0xD252, 0xD252, 0xD252, 0xD252, 0xD673, 
        0xCE52, 0xCE52, 0xD252, 0xD252, 0xD252, 0xD252, 0xD252, 0xD252, 0xD252, 0xD252, 0xD272, 0xD273, 0xD272, 0xD252, 0xD252, 0xD252, 
        0xD272, 0xD252, 0xD252, 0xD252, 0xD252, 0xD252, 0xD252, 0xD252, 0xD252, 0xD252, 0xCE52, 0xCE52, 0xCE51, 0xCE51, 0xD252, 0xD672, 
        0xCE31, 0xCA51, 0xCA30, 0xCA10, 0xCE30, 0xCE30, 0xCE31, 0xCE51, 0xD252, 0xCE31, 0xCE31, 0xCE51, 0xCE51, 0xD251, 0xD251, 0xCE31, 
        0xCE31, 0xCA30, 0xCE30, 0xCA30, 0xCE31, 0xCA31, 0xCA31, 0xCA31, 0xCA31, 0xCA31, 0xCE31, 0xCE31, 0xCE31, 0xCE31, 0xCE31, 0xD251, 
        0xA0E7, 0xA929, 0xAD69, 0xAD4A, 0xAD4A, 0xA928, 0xA0E7, 0xA0E6, 0xA0E7, 0xA0E6, 0xA0E6, 0xA507, 0xA107, 0x9CC6, 0x9CC5, 0xA4E8, 
        0xA908, 0xA908, 0xA507, 0xA4E7, 0xA507, 0xAD28, 0xB14A, 0xB14A, 0xB14A, 0xAD49, 0xB14A, 0xB16A, 0xB16A, 0xB14A, 0xAD29, 0x9CC6, 
        0x8000, 0x8000, 0x8000, 0x8000, 0x8000, 0x8000, 0x8000, 0x8000, 0x8000, 0x8000, 0x8000, 0x8000, 0x8000, 0x8000, 0x8000, 0x8000, 
        0x8000, 0x8000, 0x8000, 0x8000, 0x8000, 0x8000, 0x8000, 0x8000, 0x8000, 0x8000, 0x8000, 0x8000, 0x8000, 0x8000, 0x8000, 0x8000, 
        0x8000, 0x8000, 0x8000, 0x8000, 0x8000, 0x8000, 0x8000, 0x8000, 0x8000, 0x8000, 0x8000, 0x8000, 0x8000, 0x8000, 0x8000, 0x8000, 
        0x8000, 0x8000, 0x8000, 0x8000, 0x8000, 0x8000, 0x8000, 0x8000, 0x8000, 0x8000, 0x8000, 0x8000, 0x8000, 0x8000, 0x8000, 0x8000, 
        0x8000, 0x8000, 0x8000, 0x8000, 0x8000, 0x8000, 0x8000, 0x8000, 0x8000, 0x8000, 0x8000, 0x8000, 0x8000, 0x8000, 0x8000, 0x8000, 
        0x8000, 0x8000, 0x8000, 0x8000, 0x8000, 0x8000, 0x8000, 0x8000, 0x8000, 0x8000, 0x8000, 0x8000, 0x8000, 0x8000, 0x8000, 0x8000, 
        0x8000, 0x8000, 0x8000, 0x8000, 0x8000, 0x8000, 0x8000, 0x8000, 0x8000, 0x8000, 0x8000, 0x8000, 0x8000, 0x8000, 0x8000, 0x8000, 
        0x8000, 0x8000, 0x8000, 0x8000, 0x8000, 0x8000, 0x8000, 0x8000, 0x8000, 0x8000, 0x8000, 0x8000, 0x8000, 0x8000, 0x8000, 0x8000, 
        0x8000, 0x8000, 0x8000, 0x8000, 0x8000, 0x8000, 0x8000, 0x8000, 0x8000, 0x8000, 0x8000, 0x8000, 0x8000, 0x8000, 0x8000, 0x8000, 
        0x8000, 0x8000, 0x8000, 0x8000, 0x8000, 0x8000, 0x8000, 0x8000, 0x8000, 0x8000, 0x8000, 0x8000, 0x8000, 0x8000, 0x8000, 0x8000, 
        0x8000, 0x8000, 0x8000, 0x8000, 0x8000, 0x8000, 0x8000, 0x8000, 0x8000, 0x8000, 0x8000, 0x8000, 0x8000, 0x8000, 0x8000, 0x8000, 
        0x8000, 0x8000, 0x8000, 0x8000, 0x8000, 0x8000, 0x8000, 0x8000, 0x8000, 0x8000, 0x8000, 0x8000, 0x8000, 0x8000, 0x8000, 0x8000, 
        0x8000, 0x8000, 0x8000, 0x8000, 0x8000, 0x8000, 0x8000, 0x8000, 0x8000, 0x8000, 0x8000, 0x8000, 0x8000, 0x8000, 0x8000, 0x8000, 
        0x8000, 0x8000, 0x8000, 0x8000, 0x8000, 0x8000, 0x8000, 0x8000, 0x8000, 0x8000, 0x8000, 0x8000, 0x8000, 0x8000, 0x8000, 0x8000, 
        0x8000, 0x8000, 0x8000, 0x8000, 0x8000, 0x8000, 0x8000, 0x8000, 0x8000, 0x8000, 0x8000, 0x8000, 0x8000, 0x8000, 0x8000, 0x8000, 
        0x8000, 0x8000, 0x8000, 0x8000, 0x8000, 0x8000, 0x8000, 0x8000, 0x8000, 0x8000, 0x8000, 0x8000, 0x8000, 0x8000, 0x8000, 0x8000, 
        0x8000, 0x8000, 0x8000, 0x8000, 0x8000, 0x8000, 0x8000, 0x8000, 0x8000, 0x8000, 0x8000, 0x8000, 0x8000, 0x8000, 0x8000, 0x8000, 
        0x8000, 0x8000, 0x8000, 0x8000, 0x8000, 0x8000, 0x8000, 0x8000, 0x8000, 0x8000, 0x8000, 0x8000, 0x8000, 0x8000, 0x8000, 0x8000, 
        0x8000, 0x8000, 0x8000, 0x8000, 0x8000, 0x8000, 0x8000, 0x8000, 0x8000, 0x8000, 0x8000, 0x8000, 0x8000, 0x8000, 0x8000, 0x8000, 
        0x8000, 0x8000, 0x8000, 0x8000, 0x8000, 0x8000, 0x8000, 0x8000, 0x8000, 0x8000, 0x8000, 0x8000, 0x8000, 0x8000, 0x8000, 0x8000, 
        0x8000, 0x8000, 0x8000, 0x8000, 0x8000, 0x8000, 0x8000, 0x8000, 0x8000, 0x8000, 0x8000, 0x8000, 0x8000, 0x8000, 0x8000, 0x8000, 
        0x8000, 0x8000, 0x8000, 0x8000, 0x8000, 0x8000, 0x8000, 0x8000, 0x8000, 0x8000, 0x8000, 0x8000, 0x8000, 0x8000, 0x8000, 0x8000, 
        0x8000, 0x8000, 0x8000, 0x8000, 0x8000, 0x8000, 0x8000, 0x8000, 0x8000, 0x8000, 0x8000, 0x8000, 0x8000, 0x8000, 0x8000, 0x8000, 
        0x8000, 0x8000, 0x8000, 0x8000, 0x8000, 0x8000, 0x8000, 0x8000, 0x8000, 0x8000, 0x8000, 0x8000, 0x8000, 0x8000, 0x8000, 0x8000, 
        0x8000, 0x8000, 0x8000, 0x8000, 0x8000, 0x8000, 0x8000, 0x8000, 0x8000, 0x8000, 0x8000, 0x8000, 0x8000, 0x8000, 0x8000, 0x8000, 
        0x8000, 0x8000, 0x8000, 0x8000, 0x8000, 0x8000, 0x8000, 0x8000, 0x8000, 0x8000, 0x8000, 0x8000, 0x8000, 0x8000, 0x8000, 0x8000, 
        0x8000, 0x8000, 0x8000, 0x8000, 0x8000, 0x8000, 0x8000, 0x8000, 0x8000, 0x8000, 0x8000, 0x8000, 0x8000, 0x8000, 0x8000, 0x8000, 
        0x8000, 0x8000, 0x8000, 0x8000, 0x8000, 0x8000, 0x8000, 0x8000, 0x8000, 0x8000, 0x8000, 0x8000, 0x8000, 0x8000, 0x8000, 0x8000, 
        0x8000, 0x8000, 0x8000, 0x8000, 0x8000, 0x8000, 0x8000, 0x8000, 0x8000, 0x8000, 0x8000, 0x8000, 0x8000, 0x8000, 0x8000, 0x8000, 
        0x8000, 0x8000, 0x8000, 0x8000, 0x8000, 0x8000, 0x8000, 0x8000, 0x8000, 0x8000, 0x8000, 0x8000, 0x8000, 0x8000, 0x8000, 0x8000, 
        0x8000, 0x8000, 0x8000, 0x8000, 0x8000, 0x8000, 0x8000, 0x8000, 0x8000, 0x8000, 0x8000, 0x8000, 0x8000, 0x8000, 0x8000, 0x8000, 
        0x8000, 0x8000, 0x8000, 0x8000, 0x8000, 0x8000, 0x8000, 0x8000, 0x8000, 0x8000, 0x8000, 0x8000, 0x8000, 0x8000, 0x8000, 0x8000, 
        0x8000, 0x8000, 0x8000, 0x8000, 0x8000, 0x8000, 0x8000, 0x8000, 0x8000, 0x8000, 0x8000, 0x8000, 0x8000, 0x8000, 0x8000, 0x8000, 
        0x8000, 0x8000, 0x8000, 0x8000, 0x8000, 0x8000, 0x8000, 0x8000, 0x8000, 0x8000, 0x8000, 0x8000, 0x8000, 0x8000, 0x8000, 0x8000, 
        0x8000, 0x8000, 0x8000, 0x8000, 0x8000, 0x8000, 0x8000, 0x8000, 0x8000, 0x8000, 0x8000, 0x8000, 0x8000, 0x8000, 0x8000, 0x8000, 
        0x8000, 0x8000, 0x8000, 0x8000, 0x8000, 0x8000, 0x8000, 0x8000, 0x8000, 0x8000, 0x8000, 0x8000, 0x8000, 0x8000, 0x8000, 0x8000, 
        0x8000, 0x8000, 0x8000, 0x8000, 0x8000, 0x8000, 0x8000, 0x8000, 0x8000, 0x8000, 0x8000, 0x8000, 0x8000, 0x8000, 0x8000, 0x8000, 
        0x8000, 0x8000, 0x8000, 0x8000, 0x8000, 0x8000, 0x8000, 0x8000, 0x8000, 0x8000, 0x8000, 0x8000, 0x8000, 0x8000, 0x8000, 0x8000, 
        0x8000, 0x8000, 0x8000, 0x8000, 0x8000, 0x8000, 0x8000, 0x8000, 0x8000, 0x8000, 0x8000, 0x8000, 0x8000, 0x8000, 0x8000, 0x8000, 
        0x8000, 0x8000, 0x8000, 0x8000, 0x8000, 0x8000, 0x8000, 0x8000, 0x8000, 0x8000, 0x8000, 0x8000, 0x8000, 0x8000, 0x8000, 0x8000, 
        0x8000, 0x8000, 0x8000, 0x8000, 0x8000, 0x8000, 0x8000, 0x8000, 0x8000, 0x8000, 0x8000, 0x8000, 0x8000, 0x8000, 0x8000, 0x8000, 
        0x8000, 0x8000, 0x8000, 0x8000, 0x8000, 0x8000, 0x8000, 0x8000, 0x8000, 0x8000, 0x8000, 0x8000, 0x8000, 0x8000, 0x8000, 0x8000, 
        0x8000, 0x8000, 0x8000, 0x8000, 0x8000, 0x8000, 0x8000, 0x8000, 0x8000, 0x8000, 0x8000, 0x8000, 0x8000, 0x8000, 0x8000, 0x8000, 
        0x8000, 0x8000, 0x8000, 0x8000, 0x8000, 0x8000, 0x8000, 0x8000, 0x8000, 0x8000, 0x8000, 0x8000, 0x8000, 0x8000, 0x8000, 0x8000, 
        0x8000, 0x8000, 0x8000, 0x8000, 0x8000, 0x8000, 0x8000, 0x8000, 0x8000, 0x8000, 0x8000, 0x8000, 0x8000, 0x8000, 0x8000, 0x8000, 
        0x8000, 0x8000, 0x8000, 0x8000, 0x8000, 0x8000, 0x8000, 0x8000, 0x8000, 0x8000, 0x8000, 0x8000, 0x8000, 0x8000, 0x8000, 0x8000, 
        0x8000, 0x8000, 0x8000, 0x8000, 0x8000, 0x8000, 0x8000, 0x8000, 0x8000, 0x8000, 0x8000, 0x8000, 0x8000, 0x8000, 0x8000, 0x8000, 
        0x8000, 0x8000, 0x8000, 0x8000, 0x8000, 0x8000, 0x8000, 0x8000, 0x8000, 0x8000, 0x8000, 0x8000, 0x8000, 0x8000, 0x8000, 0x8000, 
        0x8000, 0x8000, 0x8000, 0x8000, 0x8000, 0x8000, 0x8000, 0x8000, 0x8000, 0x8000, 0x8000, 0x8000, 0x8000, 0x8000, 0x8000, 0x8000, 
        0x8000, 0x8000, 0x8000, 0x8000, 0x8000, 0x8000, 0x8000, 0x8000, 0x8000, 0x8000, 0x8000, 0x8000, 0x8000, 0x8000, 0x8000, 0x8000, 
        0x8000, 0x8000, 0x8000, 0x8000, 0x8000, 0x8000, 0x8000, 0x8000, 0x8000, 0x8000, 0x8000, 0x8000, 0x8000, 0x8000, 0x8000, 0x8000, 
        0x8000, 0x8000, 0x8000, 0x8000, 0x8000, 0x8000, 0x8000, 0x8000, 0x8000, 0x8000, 0x8000, 0x8000, 0x8000, 0x8000, 0x8000, 0x8000, 
        0x8000, 0x8000, 0x8000, 0x8000, 0x8000, 0x8000, 0x8000, 0x8000, 0x8000, 0x8000, 0x8000, 0x8000, 0x8000, 0x8000, 0x8000, 0x8000, 
        0x8000, 0x8000, 0x8000, 0x8000, 0x8000, 0x8000, 0x8000, 0x8000, 0x8000, 0x8000, 0x8000, 0x8000, 0x8000, 0x8000, 0x8000, 0x8000, 
        0x8000, 0x8000, 0x8000, 0x8000, 0x8000, 0x8000, 0x8000, 0x8000, 0x8000, 0x8000, 0x8000, 0x8000, 0x8000, 0x8000, 0x8000, 0x8000, 
        0x8000, 0x8000, 0x8000, 0x8000, 0x8000, 0x8000, 0x8000, 0x8000, 0x8000, 0x8000, 0x8000, 0x8000, 0x8000, 0x8000, 0x8000, 0x8000, 
        0x0000, 0x0000, 0x0000, 0x0000, 0x0000, 0x0000, 0x0000, 0x0000, 0x0000, 0x0000, 0x0000, 0x0000, 0x0000, 0x8000, 0x0000, 0x0000, 
        0x0000, 0x0000, 0x0000, 0x0000, 0x0000, 0x0000, 0x0000, 0x0000, 0x0000, 0x0000, 0x0000, 0x0000, 0x0000, 0x0000, 0x0000, 0x0000, 
        0x0000, 0x0000, 0x0000, 0x0000, 0x0000, 0x0000, 0x0000, 0x0000, 0x0000, 0x0000, 0x0000, 0x0000, 0x0000, 0x0000, 0x0000, 0x0000, 
        0x0000, 0x0000, 0x0000, 0x0000, 0x0000, 0x0000, 0x0000, 0x0000, 0x0000, 0x0000, 0x0000, 0x0000, 0x0000, 0x0000, 0x0000, 0x0000, 
        0x0000, 0x0000, 0x0000, 0x0000, 0x0000, 0x0000, 0x0000, 0x0000, 0x0000, 0x0000, 0x0000, 0x0000, 0x0000, 0x0000, 0x0000, 0x0000, 
        0x0000, 0x0000, 0x0000, 0x0000, 0x0000, 0x0000, 0x0000, 0x0000, 0x0000, 0x0000, 0x0000, 0x0000, 0x0000, 0x0000, 0x0000, 0x0000, 
        0x0000, 0x0000, 0x0000, 0x0000, 0x0000, 0x0000, 0x0000, 0x0000, 0x0000, 0x0000, 0x0000, 0x0000, 0x0000, 0x0000, 0x0000, 0x0000, 
        0x0000, 0x0000, 0x0000, 0x0000, 0x0000, 0x0000, 0x0000, 0x0000, 0x0000, 0x0000, 0x0000, 0x0000, 0x0000, 0x0000, 0x0000, 0x0000, 
        0x0000, 0x0000, 0x0000, 0x0000, 0x0000, 0x0000, 0x0000, 0x0000, 0x0000, 0x0000, 0x0000, 0x0000, 0x0000, 0x0000, 0x0000, 0x0000, 
        0x0000, 0x0000, 0x0000, 0x0000, 0x0000, 0x0000, 0x0000, 0x0000, 0x0000, 0x0000, 0x0000, 0x0000, 0x0000, 0x0000, 0x0000, 0x0000, 
        },
    // W01_buttress_wall_front.png
    {
        0x0000, 0x0000, 0x0000, 0x0000, 0x0000, 0x0000, 0x0000, 0x0000, 0x0000, 0x0000, 0x0000, 0x0000, 0x0000, 0x0000, 0x0000, 0x0000, 
        0x0000, 0x0000, 0x0000, 0x0000, 0x0000, 0x0000, 0x0000, 0x0000, 0x0000, 0x0000, 0x0000, 0x0000, 0x0000, 0x0000, 0x0000, 0x0000, 
        0x0000, 0x0000, 0x0000, 0x0000, 0x0000, 0x0000, 0x0000, 0x0000, 0x0000, 0x0000, 0x0000, 0x0000, 0x0000, 0x0000, 0x0000, 0x0000, 
        0x0000, 0x0000, 0x0000, 0x0000, 0x0000, 0x0000, 0x0000, 0x0000, 0x0000, 0x0000, 0x0000, 0x0000, 0x0000, 0x0000, 0x0000, 0x0000, 
        0x0000, 0x0000, 0x0000, 0x0000, 0x0000, 0x0000, 0x0000, 0x0000, 0x0000, 0x0000, 0x0000, 0x0000, 0x0000, 0x0000, 0x0000, 0x0000, 
        0x0000, 0x0000, 0x0000, 0x0000, 0x0000, 0x0000, 0x0000, 0x0000, 0x0000, 0x0000, 0x0000, 0x0000, 0x0000, 0x0000, 0x0000, 0x0000, 
        0x0000, 0x0000, 0x0000, 0x0000, 0x0000, 0x0000, 0x0000, 0x0000, 0x0000, 0x0000, 0x0000, 0x0000, 0x0000, 0x0000, 0x0000, 0x0000, 
        0x0000, 0x0000, 0x0000, 0x0000, 0x0000, 0x0000, 0x0000, 0x0000, 0x0000, 0x0000, 0x0000, 0x0000, 0x0000, 0x0000, 0x0000, 0x0000, 
        0x9CA4, 0x0000, 0x8000, 0x0000, 0x0000, 0x0000, 0x0000, 0x0000, 0x0000, 0x8400, 0x0000, 0x0000, 0x0000, 0x0000, 0x0000, 0x0000, 
        0x8000, 0x0000, 0x0000, 0x0000, 0x0000, 0x0000, 0x0000, 0x0000, 0x0000, 0x0000, 0x0000, 0x0000, 0x0000, 0x0000, 0x0000, 0x0000, 
        0xCA0F, 0xC1CC, 0xCA0F, 0xCE51, 0xCA10, 0xD252, 0xD252, 0xCE10, 0xCE10, 0xCA0F, 0xC5EE, 0xCA0F, 0xCA30, 0xC60F, 0xC1EE, 0xCE31, 
        0xCE31, 0xD251, 0xCE30, 0xD251, 0xD251, 0xD251, 0xD251, 0xCE30, 0xCE30, 0xC5EF, 0xCA30, 0xCE31, 0xCA30, 0xCE51, 0xCE51, 0xCE30, 
        0xDA73, 0xD673, 0xD673, 0xD672, 0xD672, 0xD672, 0xD672, 0xD672, 0xD272, 0xD272, 0xD652, 0xD251, 0xD252, 0xD252, 0xD252, 0xD252, 
        0xD252, 0xD252, 0xD672, 0xD672, 0xD672, 0xD672, 0xD672, 0xD672, 0xD652, 0xD652, 0xD672, 0xD672, 0xD673, 0xD673, 0xD673, 0xDA94, 
        0xD253, 0xD272, 0xD272, 0xD272, 0xD672, 0xD672, 0xD272, 0xD273, 0xD272, 0xD272, 0xD272, 0xD252, 0xD252, 0xD252, 0xD252, 0xD272, 
        0xD272, 0xD272, 0xD272, 0xD272, 0xD272, 0xD272, 0xD272, 0xD272, 0xD272, 0xD272, 0xD272, 0xD272, 0xD252, 0xD272, 0xD272, 0xD673, 
        0xD673, 0xD272, 0xD252, 0xD252, 0xD252, 0xD252, 0xD252, 0xD272, 0xD272, 0xD272, 0xD272, 0xD252, 0xD252, 0xD252, 0xD252, 0xD252, 
        0xD252, 0xD272, 0xD272, 0xD272, 0xD272, 0xD272, 0xD272, 0xD252, 0xD272, 0xD272, 0xD252, 0xD252, 0xD252, 0xD252, 0xD252, 0xD653, 
        0xD273, 0xD252, 0xD252, 0xD252, 0xD252, 0xD252, 0xD252, 0xD252, 0xD252, 0xD252, 0xD252, 0xD252, 0xD252, 0xD252, 0xD252, 0xD252, 
        0xD252, 0xD252, 0xD252, 0xD252, 0xD252, 0xD252, 0xD272, 0xD252, 0xD252, 0xD252, 0xD252, 0xD252, 0xD251, 0xD251, 0xD252, 0xD652, 
        0xD252, 0xCE52, 0xCE52, 0xD252, 0xD252, 0xD252, 0xD252, 0xD252, 0xD252, 0xD252, 0xD252, 0xD252, 0xD252, 0xD252, 0xD252, 0xD252, 
        0xD252, 0xD252, 0xD252, 0xD252, 0xD252, 0xD252, 0xD252, 0xD252, 0xD252, 0xD252, 0xD252, 0xD252, 0xD252, 0xD252, 0xD252, 0xD252, 
        0xD252, 0xD252, 0xCE52, 0xD252, 0xD252, 0xD252, 0xD252, 0xD252, 0xD252, 0xD252, 0xD252, 0xD252, 0xD252, 0xD252, 0xD252, 0xD252, 
        0xD252, 0xD252, 0xD252, 0xD252, 0xD252, 0xD252, 0xD252, 0xD252, 0xD252, 0xD252, 0xD252, 0xD252, 0xD252, 0xD252, 0xD252, 0xD252, 
        0xCE31, 0xCE52, 0xD252, 0xD252, 0xD272, 0xD252, 0xD273, 0xD252, 0xD252, 0xD252, 0xD252, 0xD272, 0xD272, 0xD252, 0xD252, 0xD272, 
        0xD272, 0xD252, 0xD252, 0xD252, 0xD252, 0xD252, 0xD252, 0xD252, 0xD252, 0xD252, 0xD252, 0xD252, 0xCE51, 0xCE51, 0xCE51, 0xD252, 
        0xCA31, 0xCE51, 0xCE31, 0xCE31, 0xCE31, 0xCE31, 0xCE31, 0xCE51, 0xD252, 0xCE51, 0xD252, 0xD252, 0xD252, 0xCE51, 0xD251, 0xCE51, 
        0xCE31, 0xCA30, 0xCA30, 0xCE30, 0xCE31, 0xCE31, 0xCE31, 0xCE31, 0xCE31, 0xCE31, 0xCE51, 0xCE51, 0xCE51, 0xCE51, 0xCA30, 0xCE10, 
        0xA508, 0xAD49, 0xB16A, 0xB16A, 0xAD6A, 0xA928, 0xA4E7, 0xA0E6, 0xA0E7, 0x9CC6, 0x9CC6, 0xA0E7, 0x9CE6, 0x98C5, 0x9CC5, 0xA4E7, 
        0xA908, 0xA908, 0xA507, 0xA507, 0xA507, 0xAD29, 0xB14A, 0xB16A, 0xB14A, 0xB14A, 0xB16B, 0xB58B, 0xB58B, 0xB56B, 0xAD29, 0x9CC7, 
        0x8000, 0x8000, 0x8000, 0x8000, 0x8000, 0x8000, 0x8000, 0x8000, 0x8000, 0x8000, 0x8000, 0x8000, 0x8000, 0x8000, 0x8000, 0x8000, 
        0x8000, 0x8000, 0x8000, 0x8000, 0x8000, 0x8000, 0x8000, 0x8000, 0x8000, 0x8000, 0x8000, 0x8000, 0x8000, 0x8000, 0x8000, 0x8000, 
        0x8000, 0x8000, 0x8000, 0x8000, 0x8000, 0x8000, 0x8000, 0x8000, 0x8000, 0x8000, 0x8000, 0x8000, 0x8000, 0x8000, 0x8000, 0x8000, 
        0x8000, 0x8000, 0x8000, 0x8000, 0x8000, 0x8000, 0x8000, 0x8000, 0x8000, 0x8000, 0x8000, 0x8000, 0x8000, 0x8000, 0x8000, 0x8000, 
        0x8000, 0x8000, 0x8000, 0x8000, 0x8000, 0x8000, 0x8000, 0x8000, 0x8000, 0x8000, 0x8000, 0x8000, 0x8000, 0x8000, 0x8000, 0x8000, 
        0x8000, 0x8000, 0x8000, 0x8000, 0x8000, 0x8000, 0x8000, 0x8000, 0x8000, 0x8000, 0x8000, 0x8000, 0x8000, 0x8000, 0x8000, 0x8000, 
        0x8400, 0x8000, 0x8000, 0x8000, 0x8000, 0x8000, 0x8000, 0x8000, 0x8000, 0x8000, 0x8000, 0x8000, 0x8000, 0x8000, 0x8000, 0x8000, 
        0x8000, 0x8000, 0x8000, 0x8000, 0x8000, 0x8000, 0x8000, 0x8000, 0x8000, 0x8000, 0x8000, 0x8000, 0x8000, 0x8000, 0x8000, 0x8000, 
        0x8000, 0x8000, 0x8000, 0x8000, 0x8000, 0x8000, 0x8000, 0x8000, 0x8000, 0x8000, 0x8000, 0x8000, 0x8000, 0x8000, 0x8000, 0x8000, 
        0x8000, 0x8000, 0x8000, 0x8000, 0x8000, 0x8000, 0x8000, 0x8000, 0x8000, 0x8000, 0x8000, 0x8000, 0x8000, 0x8000, 0x8000, 0x8000, 
        0x8000, 0x8000, 0x8000, 0x8000, 0x8000, 0x8000, 0x8000, 0x8000, 0x8000, 0x8000, 0x8000, 0x8000, 0x8000, 0x8000, 0x8000, 0x8000, 
        0x8000, 0x8000, 0x8000, 0x8000, 0x8000, 0x8000, 0x8000, 0x8000, 0x8000, 0x8000, 0x8000, 0x8000, 0x8000, 0x8000, 0x8000, 0x8000, 
        0x8000, 0x8000, 0x8000, 0x8000, 0x8000, 0x8000, 0x8000, 0x8000, 0x8000, 0x8000, 0x8000, 0x8000, 0x8000, 0x8000, 0x8000, 0x8000, 
        0x8000, 0x8000, 0x8000, 0x8000, 0x8000, 0x8000, 0x8000, 0x8000, 0x8000, 0x8000, 0x8000, 0x8000, 0x8000, 0x8000, 0x8000, 0x8000, 
        0x8000, 0x8000, 0x8000, 0x8000, 0x8000, 0x8000, 0x8000, 0x8000, 0x8000, 0x8000, 0x8000, 0x8000, 0x8000, 0x8000, 0x8000, 0x8000, 
        0x8000, 0x8000, 0x8000, 0x8000, 0x8000, 0x8000, 0x8000, 0x8000, 0x8000, 0x8000, 0x8000, 0x8000, 0x8000, 0x8000, 0x8000, 0x8000, 
        0x8000, 0x8000, 0x8000, 0x8000, 0x8000, 0x8000, 0x8000, 0x8000, 0x8000, 0x8000, 0x8000, 0x8000, 0x8000, 0x8000, 0x8000, 0x8000, 
        0x8000, 0x8000, 0x8000, 0x8000, 0x8000, 0x8000, 0x8000, 0x8000, 0x8000, 0x8000, 0x8000, 0x8000, 0x8000, 0x8000, 0x8000, 0x8000, 
        0x8000, 0x8000, 0x8000, 0x8000, 0x8000, 0x8000, 0x8000, 0x8000, 0x8000, 0x8000, 0x8000, 0x8000, 0x8000, 0x8000, 0x8000, 0x8000, 
        0x8000, 0x8000, 0x8000, 0x8000, 0x8000, 0x8000, 0x8000, 0x8000, 0x8000, 0x8000, 0x8000, 0x8000, 0x8000, 0x8000, 0x8000, 0x8000, 
        0x8000, 0x8000, 0x8000, 0x8000, 0x8000, 0x8000, 0x8000, 0x8000, 0x8000, 0x8000, 0x8000, 0x8000, 0x8000, 0x8000, 0x8000, 0x8000, 
        0x8000, 0x8000, 0x8000, 0x8000, 0x8000, 0x8000, 0x8000, 0x8000, 0x8000, 0x8000, 0x8000, 0x8000, 0x8000, 0x8000, 0x8000, 0x8000, 
        0x8000, 0x8000, 0x8000, 0x8000, 0x8000, 0x8000, 0x8000, 0x8000, 0x8000, 0x8000, 0x8000, 0x8000, 0x8000, 0x8000, 0x8000, 0x8000, 
        0x8000, 0x8000, 0x8000, 0x8000, 0x8000, 0x8000, 0x8000, 0x8000, 0x8000, 0x8000, 0x8000, 0x8000, 0x8000, 0x8000, 0x8000, 0x8000, 
        0x8000, 0x8000, 0x8000, 0x8000, 0x8000, 0x8000, 0x8000, 0x8000, 0x8000, 0x8000, 0x8000, 0x8000, 0x8000, 0x8000, 0x8000, 0x8000, 
        0x8000, 0x8000, 0x8000, 0x8000, 0x8000, 0x8000, 0x8000, 0x8000, 0x8000, 0x8000, 0x8000, 0x8000, 0x8000, 0x8000, 0x8000, 0x8000, 
        0x8000, 0x8000, 0x8000, 0x8000, 0x8000, 0x8000, 0x8000, 0x8000, 0x8000, 0x8000, 0x8000, 0x8000, 0x8000, 0x8000, 0x8000, 0x8000, 
        0x8000, 0x8000, 0x8000, 0x8000, 0x8000, 0x8000, 0x8000, 0x8000, 0x8000, 0x8000, 0x8000, 0x8000, 0x8000, 0x8000, 0x8000, 0x8000, 
        0x8000, 0x8000, 0x8000, 0x8000, 0x8000, 0x8000, 0x8000, 0x8000, 0x8000, 0x8000, 0x8000, 0x8000, 0x8000, 0x8000, 0x8000, 0x8000, 
        0x8000, 0x8000, 0x8000, 0x8000, 0x8000, 0x8000, 0x8000, 0x8000, 0x8000, 0x8000, 0x8000, 0x8000, 0x8000, 0x8000, 0x8000, 0x8000, 
        0x8000, 0x8000, 0x8000, 0x8000, 0x8000, 0x8000, 0x8000, 0x8000, 0x8000, 0x8000, 0x8000, 0x8000, 0x8000, 0x8000, 0x8000, 0x8000, 
        0x8000, 0x8000, 0x8000, 0x8000, 0x8000, 0x8000, 0x8000, 0x8000, 0x8000, 0x8000, 0x8000, 0x8000, 0x8000, 0x8000, 0x8000, 0x8000, 
        0x8000, 0x8000, 0x8000, 0x8000, 0x8000, 0x8000, 0x8000, 0x8000, 0x8000, 0x8000, 0x8000, 0x8000, 0x8000, 0x8000, 0x8000, 0x8000, 
        0x8000, 0x8000, 0x8000, 0x8000, 0x8000, 0x8000, 0x8000, 0x8000, 0x8000, 0x8000, 0x8000, 0x8000, 0x8000, 0x8000, 0x8000, 0x8000, 
        0x8000, 0x8000, 0x8000, 0x8000, 0x8000, 0x8000, 0x8000, 0x8000, 0x8000, 0x8000, 0x8000, 0x8000, 0x8000, 0x8000, 0x8000, 0x8000, 
        0x8000, 0x8000, 0x8000, 0x8000, 0x8000, 0x8000, 0x8000, 0x8000, 0x8000, 0x8000, 0x8000, 0x8000, 0x8000, 0x8000, 0x8000, 0x8000, 
        0x8000, 0x8000, 0x8000, 0x8000, 0x8000, 0x8000, 0x8000, 0x8000, 0x8000, 0x8000, 0x8000, 0x8000, 0x8000, 0x8000, 0x8000, 0x8000, 
        0x8000, 0x8000, 0x8000, 0x8000, 0x8000, 0x8000, 0x8000, 0x8000, 0x8000, 0x8000, 0x8000, 0x8000, 0x8000, 0x8000, 0x8000, 0x8000, 
        0x8000, 0x8000, 0x8000, 0x8000, 0x8000, 0x8000, 0x8000, 0x8000, 0x8000, 0x8000, 0x8000, 0x8000, 0x8000, 0x8000, 0x8000, 0x8000, 
        0x8000, 0x8000, 0x8000, 0x8000, 0x8000, 0x8000, 0x8000, 0x8000, 0x8000, 0x8000, 0x8000, 0x8000, 0x8000, 0x8000, 0x8000, 0x8000, 
        0x8000, 0x8000, 0x8000, 0x8000, 0x8000, 0x8000, 0x8000, 0x8000, 0x8000, 0x8000, 0x8000, 0x8000, 0x8000, 0x8000, 0x8000, 0x8000, 
        0x8000, 0x8000, 0x8000, 0x8000, 0x8000, 0x8000, 0x8000, 0x8000, 0x8000, 0x8000, 0x8000, 0x8000, 0x8000, 0x8000, 0x8000, 0x8420, 
        0x8000, 0x8000, 0x8000, 0x8000, 0x8000, 0x8000, 0x8000, 0x8000, 0x8000, 0x8000, 0x8000, 0x8000, 0x8000, 0x8000, 0x8000, 0x8000, 
        0x8000, 0x8000, 0x8000, 0x8000, 0x8000, 0x8000, 0x8000, 0x8000, 0x8000, 0x8000, 0x8000, 0x8000, 0x8000, 0x8000, 0x8000, 0x8400, 
        0x8000, 0x8000, 0x8000, 0x8000, 0x8000, 0x8000, 0x8000, 0x8000, 0x8000, 0x8000, 0x8000, 0x8000, 0x8000, 0x8000, 0x8000, 0x8000, 
        0x8000, 0x8000, 0x8000, 0x8000, 0x8000, 0x8000, 0x8000, 0x8000, 0x8000, 0x8000, 0x8000, 0x8000, 0x8000, 0x8000, 0x8000, 0x8000, 
        0x8000, 0x8000, 0x8000, 0x8000, 0x8000, 0x8000, 0x8000, 0x8000, 0x8000, 0x8000, 0x8000, 0x8000, 0x8000, 0x8000, 0x8000, 0x8000, 
        0x8000, 0x8000, 0x8000, 0x8000, 0x8000, 0x8000, 0x8000, 0x8000, 0x8000, 0x8000, 0x8000, 0x8000, 0x8000, 0x8000, 0x8000, 0x8000, 
        0x8000, 0x8000, 0x8000, 0x8000, 0x8000, 0x8000, 0x8000, 0x8000, 0x8000, 0x8000, 0x8000, 0x8000, 0x8000, 0x8000, 0x8000, 0x8000, 
        0x8000, 0x8000, 0x8000, 0x8000, 0x8000, 0x8000, 0x8000, 0x8000, 0x8000, 0x8000, 0x8000, 0x8000, 0x8000, 0x8000, 0x8000, 0x8000, 
        0x8000, 0x8000, 0x8000, 0x8000, 0x8000, 0x8000, 0x8000, 0x8000, 0x8000, 0x8000, 0x8000, 0x8000, 0x8000, 0x8000, 0x8000, 0x8000, 
        0x8000, 0x8000, 0x8000, 0x8000, 0x8000, 0x8000, 0x8000, 0x8000, 0x8000, 0x8000, 0x8000, 0x8000, 0x8000, 0x8000, 0x8000, 0x8000, 
        0x8000, 0x8000, 0x8000, 0x8000, 0x8000, 0x8000, 0x8000, 0x8000, 0x8000, 0x8000, 0x8000, 0x8000, 0x8000, 0x8000, 0x8000, 0x8000, 
        0x8000, 0x8000, 0x8000, 0x8000, 0x8000, 0x8000, 0x8000, 0x8000, 0x8000, 0x8000, 0x8000, 0x8000, 0x8000, 0x8000, 0x8420, 0x8000, 
        0x8000, 0x8000, 0x8000, 0x8000, 0x8000, 0x8000, 0x8000, 0x8000, 0x8000, 0x8000, 0x8000, 0x8000, 0x8000, 0x8000, 0x8000, 0x8000, 
        0x8000, 0x8000, 0x8000, 0x8000, 0x8000, 0x8000, 0x8000, 0x8000, 0x8000, 0x8000, 0x8000, 0x8000, 0x8000, 0x8000, 0x8421, 0x8000, 
        0x8000, 0x8000, 0x0000, 0x0000, 0x0000, 0x0000, 0x0000, 0x0000, 0x0000, 0x0000, 0x0000, 0x0000, 0x0000, 0x8000, 0x0000, 0x0000, 
        0x0000, 0x0000, 0x0000, 0x0000, 0x0000, 0x0000, 0x0000, 0x0000, 0x0000, 0x0000, 0x0000, 0x0000, 0x0000, 0x0000, 0x8421, 0x8000, 
        0x8000, 0x8000, 0x0000, 0x0000, 0x0000, 0x0000, 0x0000, 0x0000, 0x0000, 0x0000, 0x0000, 0x0000, 0x0000, 0x0000, 0x0000, 0x0000, 
        0x0000, 0x0000, 0x0000, 0x0000, 0x0000, 0x0000, 0x0000, 0x0000, 0x0000, 0x0000, 0x0000, 0x0000, 0x0000, 0x0000, 0x8000, 0x8000, 
        0x0000, 0x0000, 0x0000, 0x0000, 0x0000, 0x0000, 0x0000, 0x0000, 0x0000, 0x0000, 0x0000, 0x0000, 0x0000, 0x0000, 0x0000, 0x0000, 
        0x0000, 0x0000, 0x0000, 0x0000, 0x0000, 0x0000, 0x0000, 0x0000, 0x0000, 0x0000, 0x0000, 0x0000, 0x0000, 0x0000, 0x0000, 0x0000, 
        0x0000, 0x0000, 0x0000, 0x0000, 0x0000, 0x0000, 0x0000, 0x0000, 0x0000, 0x0000, 0x0000, 0x0000, 0x0000, 0x0000, 0x0000, 0x0000, 
        0x0000, 0x0000, 0x0000, 0x0000, 0x0000, 0x0000, 0x0000, 0x0000, 0x0000, 0x0000, 0x0000, 0x0000, 0x0000, 0x0000, 0x0000, 0x0000, 
        0x0000, 0x0000, 0x0000, 0x0000, 0x0000, 0x0000, 0x0000, 0x0000, 0x0000, 0x0000, 0x0000, 0x0000, 0x0000, 0x0000, 0x0000, 0x0000, 
        0x0000, 0x0000, 0x0000, 0x0000, 0x0000, 0x0000, 0x0000, 0x0000, 0x0000, 0x0000, 0x0000, 0x0000, 0x0000, 0x0000, 0x0000, 0x0000, 
        },
    // W02_ossuary_wall_front.png
    {
        0x0000, 0x0000, 0x0000, 0x0000, 0x0000, 0x0000, 0x0000, 0x0000, 0x0000, 0x0000, 0x0000, 0x0000, 0x0000, 0x0000, 0x0000, 0x0000, 
        0x0000, 0x0000, 0x0000, 0x0000, 0x0000, 0x0000, 0x0000, 0x0000, 0x0000, 0x0000, 0x0000, 0x0000, 0x0000, 0x0000, 0x0000, 0x0000, 
        0x0000, 0x0000, 0x0000, 0x0000, 0x0000, 0x0000, 0x0000, 0x0000, 0x0000, 0x0000, 0x0000, 0x0000, 0x0000, 0x0000, 0x0000, 0x0000, 
        0x0000, 0x0000, 0x0000, 0x0000, 0x0000, 0x0000, 0x0000, 0x0000, 0x0000, 0x0000, 0x0000, 0x0000, 0x0000, 0x0000, 0x0000, 0x0000, 
        0x0000, 0x0000, 0x0000, 0x0000, 0x0000, 0x0000, 0x0000, 0x0000, 0x0000, 0x0000, 0x0000, 0x0000, 0x0000, 0x0000, 0x0000, 0x0000, 
        0x0000, 0x0000, 0x0000, 0x0000, 0x0000, 0x0000, 0x0000, 0x0000, 0x0000, 0x0000, 0x0000, 0x0000, 0x0000, 0x0000, 0x0000, 0x0000, 
        0x0000, 0x0000, 0x0000, 0x0000, 0x0000, 0x0000, 0x0000, 0x0000, 0x0000, 0x0000, 0x0000, 0x0000, 0x0000, 0x0000, 0x0000, 0x0000, 
        0x0000, 0x0000, 0x0000, 0x0000, 0x0000, 0x0000, 0x0000, 0x0000, 0x0000, 0x0000, 0x0000, 0x0000, 0x0000, 0x0000, 0x0000, 0x0000, 
        0x0000, 0x0000, 0x8401, 0x0000, 0x0000, 0x0000, 0x0000, 0x0000, 0x0000, 0x8421, 0x0000, 0x0000, 0x0000, 0x0000, 0x0000, 0x0000, 
        0x8400, 0x0000, 0x0000, 0x0000, 0x0000, 0x0000, 0x0000, 0x0000, 0x0000, 0x0000, 0x0000, 0x0000, 0x0000, 0x0000, 0x0000, 0x0000, 
        0xBDAC, 0xBDAC, 0xCE30, 0xD272, 0xCE31, 0xD252, 0xD672, 0xCE31, 0xCE30, 0xCE30, 0xCA0F, 0xCA30, 0xCA31, 0xCA10, 0xC60F, 0xCE51, 
        0xCE51, 0xD251, 0xCE30, 0xD672, 0xD672, 0xD272, 0xD251, 0xD251, 0xCE30, 0xCA0F, 0xCE30, 0xCE31, 0xCA30, 0xD251, 0xCE50, 0xCA0E, 
        0xD672, 0xD673, 0xD673, 0xD672, 0xD672, 0xD672, 0xD672, 0xD672, 0xD672, 0xD252, 0xD652, 0xD251, 0xD252, 0xD652, 0xD252, 0xD252, 
        0xD252, 0xD252, 0xD672, 0xD672, 0xD252, 0xD252, 0xD252, 0xD252, 0xD252, 0xD252, 0xD252, 0xD252, 0xD652, 0xD672, 0xD252, 0xD672, 
        0xD252, 0xD252, 0xD272, 0xD272, 0xD272, 0xD272, 0xD272, 0xD272, 0xD272, 0xD272, 0xD272, 0xD252, 0xD252, 0xD272, 0xD252, 0xD272, 
        0xD272, 0xD272, 0xD272, 0xD272, 0xD272, 0xD272, 0xD272, 0xD272, 0xD272, 0xD272, 0xD272, 0xD252, 0xD252, 0xD272, 0xD272, 0xD672, 
        0xD272, 0xD272, 0xD252, 0xD252, 0xD272, 0xD272, 0xD272, 0xD272, 0xD272, 0xD272, 0xD272, 0xD272, 0xD272, 0xD252, 0xD252, 0xD272, 
        0xD272, 0xD272, 0xD272, 0xD272, 0xD252, 0xD272, 0xD272, 0xD252, 0xD272, 0xD272, 0xD252, 0xD252, 0xD252, 0xD252, 0xD272, 0xD272, 
        0xD272, 0xD252, 0xD252, 0xD252, 0xD252, 0xD252, 0xD252, 0xD252, 0xD252, 0xD252, 0xD252, 0xD252, 0xD252, 0xD252, 0xD252, 0xD252, 
        0xD252, 0xD252, 0xD252, 0xD252, 0xD252, 0xD252, 0xD272, 0xD252, 0xD272, 0xD252, 0xD252, 0xD252, 0xD251, 0xD251, 0xD252, 0xD272, 
        0xD272, 0xD252, 0xD252, 0xD252, 0xD252, 0xD252, 0xD252, 0xD252, 0xD252, 0xD252, 0xD252, 0xD252, 0xD252, 0xD252, 0xD252, 0xD252, 
        0xD252, 0xD252, 0xD252, 0xD252, 0xD252, 0xD252, 0xD252, 0xD252, 0xD252, 0xD252, 0xD252, 0xD252, 0xD252, 0xD251, 0xD252, 0xD272, 
        0xD252, 0xCE52, 0xD252, 0xD252, 0xD252, 0xD252, 0xD252, 0xD252, 0xD252, 0xD252, 0xD252, 0xD252, 0xD252, 0xD252, 0xD252, 0xD252, 
        0xD252, 0xD252, 0xD251, 0xD252, 0xD252, 0xD252, 0xD252, 0xD252, 0xD252, 0xD252, 0xD252, 0xD252, 0xD251, 0xD251, 0xD252, 0xD252, 
        0xD252, 0xCE52, 0xD252, 0xD252, 0xD272, 0xD252, 0xD272, 0xD252, 0xD252, 0xD252, 0xD252, 0xD272, 0xD272, 0xD252, 0xD252, 0xD252, 
        0xD252, 0xD252, 0xCE52, 0xCE52, 0xCE52, 0xD252, 0xD252, 0xD252, 0xD252, 0xD252, 0xD252, 0xD252, 0xD252, 0xCE51, 0xCE51, 0xD652, 
        0xCA31, 0xCE51, 0xCE51, 0xCE31, 0xCE31, 0xCE31, 0xCE51, 0xCE51, 0xCE51, 0xCE51, 0xCE51, 0xCE51, 0xCE51, 0xCE51, 0xD251, 0xD251, 
        0xCE51, 0xCE31, 0xCE30, 0xCE31, 0xCE31, 0xCE31, 0xCE31, 0xCE31, 0xCE31, 0xCE51, 0xCE51, 0xCE51, 0xCE51, 0xCE51, 0xCE30, 0xD231, 
        0xA528, 0xA928, 0xAD49, 0xAD49, 0xAD29, 0xA928, 0xA507, 0xA0E7, 0xA4E7, 0xA0E7, 0xA0E6, 0xA0E7, 0xA0E7, 0xA0E7, 0xA507, 0xA907, 
        0xA907, 0xA908, 0xA507, 0xA4E7, 0xA507, 0xA908, 0xAD29, 0xAD49, 0xB149, 0xB14A, 0xB16A, 0xB56A, 0xB56B, 0xB56B, 0xAD29, 0xA4E8, 
        0x8000, 0x8000, 0x8000, 0x8000, 0x8000, 0x8000, 0x8000, 0x8000, 0x8000, 0x8000, 0x8000, 0x8000, 0x8000, 0x8000, 0x8000, 0x8000, 
        0x8000, 0x8000, 0x8000, 0x8000, 0x8000, 0x8000, 0x8000, 0x8000, 0x8000, 0x8000, 0x8000, 0x8000, 0x8000, 0x8000, 0x8000, 0x8421, 
        0x8000, 0x8000, 0x8000, 0x8000, 0x8000, 0x8000, 0x8000, 0x8000, 0x8000, 0x8000, 0x8000, 0x8000, 0x8000, 0x8000, 0x8000, 0x8000, 
        0x8000, 0x8000, 0x8000, 0x8000, 0x8000, 0x8000, 0x8000, 0x8000, 0x8000, 0x8000, 0x8000, 0x8000, 0x8000, 0x8000, 0x8000, 0x8421, 
        0x8000, 0x8000, 0x8000, 0x8000, 0x8000, 0x8000, 0x8000, 0x8000, 0x8000, 0x8000, 0x8000, 0x8000, 0x8000, 0x8000, 0x8000, 0x8000, 
        0x8000, 0x8000, 0x8000, 0x8000, 0x8000, 0x8000, 0x8000, 0x8000, 0x8000, 0x8000, 0x8000, 0x8000, 0x8000, 0x8000, 0x8000, 0x8000, 
        0x8000, 0x8000, 0x8000, 0x8000, 0x8000, 0x8000, 0x8000, 0x8000, 0x8000, 0x8000, 0x8000, 0x8000, 0x8000, 0x8000, 0x8000, 0x8000, 
        0x8000, 0x8000, 0x8000, 0x8000, 0x8000, 0x8000, 0x8000, 0x8000, 0x8000, 0x8000, 0x8000, 0x8000, 0x8000, 0x8000, 0x8000, 0x8421, 
        0x8000, 0x8000, 0x8000, 0x8000, 0x8000, 0x8000, 0x8000, 0x8000, 0x8000, 0x8000, 0x8000, 0x8000, 0x8000, 0x8000, 0x8000, 0x8000, 
        0x8000, 0x8000, 0x8000, 0x8000, 0x8000, 0x8000, 0x8000, 0x8000, 0x8000, 0x8000, 0x8000, 0x8000, 0x8000, 0x8000, 0x8000, 0x8421, 
        0x8000, 0x8000, 0x8000, 0x8000, 0x8000, 0x8000, 0x8000, 0x8000, 0x8000, 0x8000, 0x8000, 0x8000, 0x8000, 0x8000, 0x8000, 0x8000, 
        0x8000, 0x8000, 0x8000, 0x8000, 0x8000, 0x8000, 0x8000, 0x8000, 0x8000, 0x8000, 0x8000, 0x8000, 0x8000, 0x8000, 0x8000, 0x8420, 
        0x8421, 0x8021, 0x8000, 0x8000, 0x8000, 0x8000, 0x8000, 0x8000, 0x8000, 0x8000, 0x8000, 0x8000, 0x8000, 0x8000, 0x8000, 0x8842, 
        0x8862, 0x8421, 0x8000, 0x8000, 0x8000, 0x8000, 0x8000, 0x8000, 0x8000, 0x8000, 0x8000, 0x8000, 0x8421, 0x8421, 0x8842, 0x9083, 
        0xA98B, 0xA54B, 0x94C7, 0x8421, 0x8000, 0x8000, 0x8000, 0x8000, 0x8000, 0x8000, 0x8000, 0x8000, 0x8000, 0x9084, 0xADAE, 0xC253, 
        0xCA94, 0xBE32, 0x98E8, 0x8000, 0x8000, 0x8000, 0x8000, 0x8000, 0x8000, 0x8000, 0x8000, 0x8000, 0x9084, 0xA98C, 0xC293, 0xD2D6, 
        0xD2D5, 0xD2D6, 0xCAB5, 0xA58B, 0x8000, 0x8000, 0x8000, 0x8000, 0x8000, 0x8000, 0x8000, 0x8000, 0x9085, 0xBE52, 0xCEB6, 0xD2D7, 
        0xD6D7, 0xD6D7, 0xC674, 0x8422, 0x8000, 0x8000, 0x8000, 0x8000, 0x8000, 0x8000, 0x8000, 0x8000, 0xA9AC, 0xCED6, 0xDB18, 0xD6F9, 
        0xD6F8, 0xD718, 0xDB18, 0xC694, 0x8842, 0x8000, 0x8000, 0x8000, 0x8000, 0x8000, 0x8000, 0x8000, 0x98E8, 0xC694, 0xCED6, 0xD2D7, 
        0xD2D7, 0xD2D7, 0xCA95, 0x9085, 0x8000, 0x8000, 0x8000, 0x8000, 0x8000, 0x8000, 0x8000, 0x8421, 0xBA10, 0xD2D7, 0xD6F7, 0xD6F8, 
        0xC675, 0xCED6, 0xCEB5, 0xB5CE, 0x8421, 0x8000, 0x8000, 0x8000, 0x8000, 0x8000, 0x8000, 0x8000, 0x8C63, 0xB1CE, 0xC674, 0xC674, 
        0xC254, 0xC674, 0xB1CF, 0x8442, 0x8000, 0x8000, 0x8000, 0x8000, 0x8000, 0x8000, 0x8000, 0x8000, 0x9D08, 0xBE52, 0xCA95, 0xC254, 
        0x9909, 0x9D09, 0x94C6, 0x8421, 0x8000, 0x8000, 0x8000, 0x8000, 0x8000, 0x8000, 0x8000, 0x8000, 0x8000, 0x8842, 0x9CE8, 0xA12A, 
        0x9D09, 0x94A6, 0x8021, 0x8000, 0x8000, 0x8000, 0x8000, 0x8000, 0x8000, 0x8000, 0x8000, 0x8000, 0x8000, 0x8863, 0x94C6, 0x9085, 
        0x8000, 0x8000, 0x8000, 0x8000, 0x8000, 0x8000, 0x8000, 0x8000, 0x8000, 0x8000, 0x8000, 0x8000, 0x8000, 0x8000, 0x8000, 0x8000, 
        0x8000, 0x8000, 0x8000, 0x8000, 0x8000, 0x8000, 0x8000, 0x8000, 0x8000, 0x8000, 0x8000, 0x8000, 0x8000, 0x8000, 0x8000, 0x8000, 
        0x8000, 0x8000, 0x8000, 0x8000, 0x8000, 0x8000, 0x8000, 0x8000, 0x8000, 0x8000, 0x8000, 0x8000, 0x8000, 0x8000, 0x8000, 0x8000, 
        0x8000, 0x8000, 0x8000, 0x8000, 0x8000, 0x8000, 0x8000, 0x8000, 0x8000, 0x8000, 0x8000, 0x8000, 0x8000, 0x8000, 0x8000, 0x8000, 
        0x8000, 0x8000, 0x8000, 0x8000, 0x8000, 0x8000, 0x8000, 0x8000, 0x8000, 0x8000, 0x8000, 0x8000, 0x8000, 0x8000, 0x8000, 0x8000, 
        0x8000, 0x8000, 0x8000, 0x8000, 0x8000, 0x8000, 0x8000, 0x8000, 0x8000, 0x8000, 0x8000, 0x8000, 0x8000, 0x8000, 0x8000, 0x8000, 
        0x8000, 0x8000, 0x8000, 0x8000, 0x8000, 0x8000, 0x8000, 0x8000, 0x8000, 0x8000, 0x8000, 0x8000, 0x8000, 0x8000, 0x8000, 0x8000, 
        0x8000, 0x8000, 0x8000, 0x8000, 0x8000, 0x8000, 0x8000, 0x8000, 0x8000, 0x8000, 0x8000, 0x8000, 0x8000, 0x8000, 0x8000, 0x8000, 
        0x8000, 0x8000, 0x8000, 0x8000, 0x8000, 0x8000, 0x8000, 0x8000, 0x8000, 0x8000, 0x8000, 0x8000, 0x8000, 0x8000, 0x8000, 0x8000, 
        0x8000, 0x8000, 0x8000, 0x8000, 0x8000, 0x8000, 0x8000, 0x8000, 0x8000, 0x8000, 0x8000, 0x8000, 0x8000, 0x8000, 0x8000, 0x8000, 
        0x8000, 0x8000, 0x8000, 0x8000, 0x8000, 0x8000, 0x8000, 0x8000, 0x8000, 0x8000, 0x8000, 0x8000, 0x8000, 0x8000, 0x8000, 0x8000, 
        0x8000, 0x8000, 0x8000, 0x8000, 0x8000, 0x8000, 0x8000, 0x8000, 0x8000, 0x8000, 0x8000, 0x8000, 0x8000, 0x8000, 0x8000, 0x8000, 
        0x8000, 0x8000, 0x8000, 0x8000, 0x8000, 0x8000, 0x8000, 0x8000, 0x8000, 0x8000, 0x8000, 0x8000, 0x8000, 0x8000, 0x8000, 0x8000, 
        0x8000, 0x8000, 0x8000, 0x8000, 0x8000, 0x8000, 0x8000, 0x8000, 0x8000, 0x8000, 0x8000, 0x8000, 0x8000, 0x8000, 0x8000, 0x8000, 
        0x8000, 0x8000, 0x8000, 0x8000, 0x8000, 0x8000, 0x8000, 0x8000, 0x8000, 0x8000, 0x8000, 0x8000, 0x8000, 0x8000, 0x8000, 0x8000, 
        0x8000, 0x8000, 0x8000, 0x8000, 0x8000, 0x8000, 0x8000, 0x8000, 0x8000, 0x8000, 0x8000, 0x8000, 0x8000, 0x8000, 0x8000, 0x8000, 
        0x8000, 0x8000, 0x8000, 0x8000, 0x8000, 0x8000, 0x8000, 0x8000, 0x8000, 0x8000, 0x8000, 0x8000, 0x8000, 0x8000, 0x8000, 0x8000, 
        0x8000, 0x8000, 0x8000, 0x8000, 0x8000, 0x8000, 0x8000, 0x8000, 0x8000, 0x8000, 0x8000, 0x8000, 0x8000, 0x8000, 0x8000, 0x8000, 
        0x8000, 0x8000, 0x8000, 0x8000, 0x8000, 0x8000, 0x8000, 0x8000, 0x8000, 0x8000, 0x8000, 0x8000, 0x8000, 0x8000, 0x8000, 0x8000, 
        0x8000, 0x8000, 0x8000, 0x8000, 0x8000, 0x8000, 0x8000, 0x8000, 0x8000, 0x8000, 0x8000, 0x8000, 0x8000, 0x8000, 0x8000, 0x8000, 
        0x8000, 0x8000, 0x8000, 0x8000, 0x8000, 0x8000, 0x8000, 0x8000, 0x8000, 0x8000, 0x8000, 0x8000, 0x8000, 0x8000, 0x8000, 0x8000, 
        0x8000, 0x8000, 0x8000, 0x8000, 0x8000, 0x8000, 0x8000, 0x8000, 0x8000, 0x8000, 0x8000, 0x8000, 0x8000, 0x8000, 0x8000, 0x8000, 
        0x8000, 0x8000, 0x8000, 0x8000, 0x8000, 0x8000, 0x8000, 0x8000, 0x8000, 0x8000, 0x8000, 0x8000, 0x8000, 0x8000, 0x8000, 0x8000, 
        0x8000, 0x8000, 0x8000, 0x8000, 0x8000, 0x8000, 0x8000, 0x8000, 0x8000, 0x8000, 0x8000, 0x8000, 0x8000, 0x8000, 0x8000, 0x8000, 
        0x8000, 0x8000, 0x8000, 0x8000, 0x8000, 0x8000, 0x8000, 0x8000, 0x8000, 0x8000, 0x8000, 0x8000, 0x8000, 0x8000, 0x8000, 0x8000, 
        0x8000, 0x8000, 0x8000, 0x8000, 0x8000, 0x8000, 0x8000, 0x8000, 0x8000, 0x8000, 0x8000, 0x8000, 0x8000, 0x8000, 0x8000, 0x8000, 
        0x8000, 0x8000, 0x8000, 0x8000, 0x8000, 0x8000, 0x8000, 0x8000, 0x8000, 0x8000, 0x8000, 0x8000, 0x8000, 0x8000, 0x8000, 0x8000, 
        0x8000, 0x8000, 0x8000, 0x8000, 0x8000, 0x8000, 0x8000, 0x8000, 0x8000, 0x8000, 0x8000, 0x8000, 0x8000, 0x8000, 0x8000, 0x8000, 
        0x8000, 0x8000, 0x8000, 0x8000, 0x8000, 0x8000, 0x8000, 0x8000, 0x8000, 0x8000, 0x8000, 0x8000, 0x8000, 0x8000, 0x8000, 0x8000, 
        0x8000, 0x8000, 0x8000, 0x8000, 0x8000, 0x8000, 0x8000, 0x8000, 0x8000, 0x8000, 0x8000, 0x8000, 0x8000, 0x8000, 0x8000, 0x8000, 
        0x8000, 0x8000, 0x8000, 0x8000, 0x8000, 0x8000, 0x8000, 0x8000, 0x8000, 0x8000, 0x8000, 0x8000, 0x8000, 0x8000, 0x8000, 0x8000, 
        0x8000, 0x8000, 0x8000, 0x8000, 0x8000, 0x8000, 0x8000, 0x8000, 0x8000, 0x8000, 0x8000, 0x8000, 0x8000, 0x8000, 0x8000, 0x8000, 
        0x0000, 0x0000, 0x0000, 0x0000, 0x0000, 0x0000, 0x0000, 0x0000, 0x0000, 0x0000, 0x0000, 0x0000, 0x0000, 0x8000, 0x0000, 0x0000, 
        0x0000, 0x0000, 0x0000, 0x0000, 0x0000, 0x0000, 0x0000, 0x0000, 0x0000, 0x0000, 0x0000, 0x0000, 0x0000, 0x0000, 0x0000, 0x0000, 
        0x0000, 0x0000, 0x0000, 0x0000, 0x0000, 0x0000, 0x0000, 0x0000, 0x0000, 0x0000, 0x0000, 0x0000, 0x0000, 0x0000, 0x0000, 0x0000, 
        0x0000, 0x0000, 0x0000, 0x0000, 0x0000, 0x0000, 0x0000, 0x0000, 0x0000, 0x0000, 0x0000, 0x0000, 0x0000, 0x0000, 0x0000, 0x0000, 
        0x0000, 0x0000, 0x0000, 0x0000, 0x0000, 0x0000, 0x0000, 0x0000, 0x0000, 0x0000, 0x0000, 0x0000, 0x0000, 0x0000, 0x0000, 0x0000, 
        0x0000, 0x0000, 0x0000, 0x0000, 0x0000, 0x0000, 0x0000, 0x0000, 0x0000, 0x0000, 0x0000, 0x0000, 0x0000, 0x0000, 0x0000, 0x0000, 
        0x0000, 0x0000, 0x0000, 0x0000, 0x0000, 0x0000, 0x0000, 0x0000, 0x0000, 0x0000, 0x0000, 0x0000, 0x0000, 0x0000, 0x0000, 0x0000, 
        0x0000, 0x0000, 0x0000, 0x0000, 0x0000, 0x0000, 0x0000, 0x0000, 0x0000, 0x0000, 0x0000, 0x0000, 0x0000, 0x0000, 0x0000, 0x0000, 
        0x0000, 0x0000, 0x0000, 0x0000, 0x0000, 0x0000, 0x0000, 0x0000, 0x0000, 0x0000, 0x0000, 0x0000, 0x0000, 0x0000, 0x0000, 0x0000, 
        0x0000, 0x0000, 0x0000, 0x0000, 0x0000, 0x0000, 0x0000, 0x0000, 0x0000, 0x0000, 0x0000, 0x0000, 0x0000, 0x0000, 0x0000, 0x0000, 
        },
    // W03_arch_front.png
    {
        0x0000, 0x0000, 0x0000, 0x0000, 0x0000, 0x0000, 0x0000, 0x0000, 0x0000, 0x0000, 0x0000, 0x0000, 0x0000, 0x0000, 0x0000, 0x0000, 
        0x0000, 0x0000, 0x0000, 0x0000, 0x0000, 0x0000, 0x0000, 0x0000, 0x0000, 0x0000, 0x0000, 0x0000, 0x0000, 0x0000, 0x0000, 0x0000, 
        0x0000, 0x0000, 0x0000, 0x0000, 0x0000, 0x0000, 0x0000, 0x0000, 0x0000, 0x0000, 0x0000, 0x0000, 0x0000, 0x0000, 0x0000, 0x0000, 
        0x0000, 0x0000, 0x0000, 0x0000, 0x0000, 0x0000, 0x0000, 0x0000, 0x0000, 0x0000, 0x0000, 0x0000, 0x0000, 0x0000, 0x0000, 0x0000, 
        0x0000, 0x0000, 0x0000, 0x0000, 0x0000, 0x0000, 0x0000, 0x0000, 0x0000, 0x0000, 0x0000, 0x0000, 0x0000, 0x0000, 0x0000, 0x0000, 
        0x0000, 0x0000, 0x0000, 0x0000, 0x0000, 0x0000, 0x0000, 0x0000, 0x0000, 0x0000, 0x0000, 0x0000, 0x0000, 0x0000, 0x0000, 0x0000, 
        0x0000, 0x0000, 0x0000, 0x0000, 0x0000, 0x0000, 0x0000, 0x0000, 0x0000, 0x0000, 0x0000, 0xB98D, 0xC1AE, 0xB98B, 0x0000, 0x0000, 
        0x0000, 0xAD29, 0xBDAD, 0xC5EE, 0xC9EF, 0xB9AB, 0x0000, 0x0000, 0x0000, 0x0000, 0x0000, 0x0000, 0x0000, 0x0000, 0x0000, 0x0000, 
        0x0000, 0x0000, 0x0000, 0x0000, 0x0000, 0x0000, 0x0000, 0xB9AD, 0xC1EF, 0xBDCD, 0xCE30, 0xCE30, 0xD252, 0xD673, 0xC1CE, 0xAD4A, 
        0xB14B, 0xBDAD, 0xD252, 0xD231, 0xD231, 0xD231, 0xCE51, 0xCE52, 0xC60F, 0x0000, 0x0000, 0x0000, 0x0000, 0x0000, 0x0000, 0x0000, 
        0x0000, 0x0000, 0x0000, 0xB9AC, 0xC5EF, 0xD693, 0xD251, 0xCE30, 0xCE31, 0xCE31, 0xCE31, 0xCE31, 0xCE52, 0xCE31, 0xC5EE, 0xB9AC, 
        0xB98C, 0xC1CE, 0xCA10, 0xCE31, 0xCE31, 0xD231, 0xD231, 0xD231, 0xD231, 0xCE10, 0xCA10, 0xCA10, 0xB58B, 0x0000, 0x0000, 0x0000, 
        0x0000, 0xC60F, 0xC60E, 0xCA30, 0xCE31, 0xCE31, 0xCE31, 0xCE31, 0xCE51, 0xCE52, 0xD252, 0xD252, 0xD252, 0xCA0F, 0xC1EE, 0xC1CE, 
        0xBDCE, 0xC1CE, 0xC60F, 0xCE51, 0xCE52, 0xCE52, 0xCE31, 0xCE31, 0xCE31, 0xCE31, 0xCE30, 0xCE10, 0xCE31, 0xBDEE, 0xA0E7, 0x0000, 
        0xBDAD, 0xD673, 0xC5EF, 0xCE31, 0xCE31, 0xCE30, 0xCE51, 0xCE51, 0xCE51, 0xCE51, 0xCA30, 0xC5EF, 0xB98C, 0xB149, 0xBDAC, 0xC1EE, 
        0xC5EF, 0xB16A, 0xA928, 0xB58B, 0xC5EE, 0xCE51, 0xCE51, 0xD251, 0xCE51, 0xD251, 0xCE31, 0xCE31, 0xCE31, 0xCA10, 0xE2F6, 0xB56B, 
        0xC5EE, 0xCA11, 0xCA10, 0xCE31, 0xCE51, 0xCE31, 0xCA30, 0xC5EE, 0xBDAD, 0xAD29, 0x98A5, 0x8C42, 0x8821, 0x8842, 0x9484, 0xB149, 
        0xAD29, 0x8C42, 0x8400, 0x8821, 0x8C42, 0x98A5, 0xA908, 0xB58B, 0xC5EE, 0xCA30, 0xCE30, 0xCE31, 0xCE31, 0xCA10, 0xCA10, 0xCA0F, 
        0xC5EF, 0xCA31, 0xCA30, 0xC5EF, 0xC5EE, 0xB96B, 0xA0E6, 0x9063, 0x8421, 0x8000, 0x8000, 0x8000, 0x8000, 0x8000, 0x8000, 0x8421, 
        0x8400, 0x8000, 0x8000, 0x8000, 0x8000, 0x8000, 0x8000, 0x8000, 0x8821, 0x98A4, 0xA928, 0xBDAC, 0xC60F, 0xC5EE, 0xCA0F, 0xD251, 
        0xCA31, 0xCA30, 0xAD49, 0x98A5, 0x8C42, 0x8000, 0x8000, 0x8000, 0x8000, 0x8000, 0x8000, 0x8000, 0x8000, 0x8000, 0x8000, 0x8000, 
        0x8000, 0x8000, 0x8000, 0x8000, 0x8000, 0x8000, 0x8000, 0x8000, 0x8000, 0x8000, 0x8000, 0x8821, 0x98A5, 0xAD49, 0xC5EF, 0xC610, 
        0xA908, 0xA507, 0x8821, 0x8000, 0x8000, 0x8000, 0x8000, 0x8000, 0x8000, 0x8000, 0x8000, 0x8000, 0x8000, 0x8000, 0x8000, 0x8000, 
        0x8000, 0x8000, 0x8000, 0x8000, 0x8000, 0x8000, 0x8000, 0x8000, 0x8000, 0x8000, 0x8000, 0x8000, 0x8000, 0x9CC5, 0xAD4A, 0xA4E7, 
        0x8000, 0x8000, 0x8000, 0x8000, 0x8000, 0x8000, 0x8000, 0x8000, 0x8000, 0x8000, 0x8000, 0x8000, 0x8000, 0x8000, 0x8000, 0x0000, 
        0x8000, 0x8000, 0x8000, 0x8000, 0x8000, 0x8000, 0x8000, 0x8000, 0x8000, 0x8000, 0x8000, 0x8000, 0x8000, 0x8000, 0x8000, 0x8000, 
        0x8000, 0x8000, 0x8000, 0x8000, 0x8000, 0x8000, 0x8000, 0x8000, 0x8000, 0x8000, 0x8000, 0x8000, 0x0000, 0x0000, 0x0000, 0x0000, 
        0x0000, 0x0000, 0x0000, 0x8000, 0x8000, 0x8000, 0x8000, 0x8000, 0x8000, 0x8000, 0x8000, 0x8000, 0x8000, 0x8000, 0x8000, 0x8000, 
        0x8000, 0x8000, 0x8000, 0x8000, 0x8000, 0x8000, 0x8000, 0x8000, 0x0000, 0x0000, 0x0000, 0x0000, 0x0000, 0x0000, 0x0000, 0x0000, 
        0x0000, 0x0000, 0x0000, 0x0000, 0x0000, 0x0000, 0x0000, 0x0000, 0x0000, 0x8000, 0x8000, 0x8000, 0x8000, 0x8000, 0x8000, 0x8000, 
        0x8000, 0x8000, 0x8000, 0x8000, 0x8000, 0x8000, 0x0000, 0x0000, 0x0000, 0x0000, 0x0000, 0x0000, 0x0000, 0x0000, 0x0000, 0x0000, 
        0x0000, 0x0000, 0x0000, 0x0000, 0x0000, 0x0000, 0x0000, 0x0000, 0x0000, 0x0000, 0x8000, 0x8000, 0x8000, 0x8000, 0x8000, 0x8000, 
        0x8000, 0x8000, 0x8000, 0x8000, 0x8000, 0x0000, 0x0000, 0x0000, 0x0000, 0x0000, 0x0000, 0x0000, 0x0000, 0x0000, 0x0000, 0x0000, 
        0x0000, 0x0000, 0x0000, 0x0000, 0x0000, 0x0000, 0x0000, 0x0000, 0x0000, 0x0000, 0x0000, 0x8000, 0x8000, 0x8000, 0x8000, 0x8000, 
        0x8000, 0x8000, 0x8000, 0x8000, 0x0000, 0x0000, 0x0000, 0x0000, 0x0000, 0x0000, 0x0000, 0x0000, 0x0000, 0x0000, 0x0000, 0x0000, 
        0x0000, 0x0000, 0x0000, 0x0000, 0x0000, 0x0000, 0x0000, 0x0000, 0x0000, 0x0000, 0x0000, 0x0000, 0x0000, 0x8000, 0x8000, 0x8000, 
        0x8000, 0x8000, 0x0000, 0x0000, 0x0000, 0x0000, 0x0000, 0x0000, 0x0000, 0x0000, 0x0000, 0x0000, 0x0000, 0x0000, 0x0000, 0x0000, 
        0x0000, 0x0000, 0x0000, 0x0000, 0x0000, 0x0000, 0x0000, 0x0000, 0x0000, 0x0000, 0x0000, 0x0000, 0x0000, 0x0000, 0x8000, 0x8000, 
        0x8000, 0x0000, 0x0000, 0x0000, 0x0000, 0x0000, 0x0000, 0x0000, 0x0000, 0x0000, 0x0000, 0x0000, 0x0000, 0x0000, 0x0000, 0x0000, 
        0x0000, 0x0000, 0x0000, 0x0000, 0x0000, 0x0000, 0x0000, 0x0000, 0x0000, 0x0000, 0x0000, 0x0000, 0x0000, 0x0000, 0x0000, 0x8000, 
        0x8000, 0x0000, 0x0000, 0x0000, 0x0000, 0x0000, 0x0000, 0x0000, 0x0000, 0x0000, 0x0000, 0x0000, 0x0000, 0x0000, 0x0000, 0x0000, 
        0x0000, 0x0000, 0x0000, 0x0000, 0x0000, 0x0000, 0x0000, 0x0000, 0x0000, 0x0000, 0x0000, 0x0000, 0x0000, 0x0000, 0x0000, 0x8000, 
        0x8000, 0x0000, 0x0000, 0x0000, 0x0000, 0x0000, 0x0000, 0x0000, 0x0000, 0x0000, 0x0000, 0x0000, 0x0000, 0x0000, 0x0000, 0x0000, 
        0x0000, 0x0000, 0x0000, 0x0000, 0x0000, 0x0000, 0x0000, 0x0000, 0x0000, 0x0000, 0x0000, 0x0000, 0x0000, 0x0000, 0x0000, 0x8000, 
        0x8000, 0x0000, 0x0000, 0x0000, 0x0000, 0x0000, 0x0000, 0x0000, 0x0000, 0x0000, 0x0000, 0x0000, 0x0000, 0x0000, 0x0000, 0x0000, 
        0x0000, 0x0000, 0x0000, 0x0000, 0x0000, 0x0000, 0x0000, 0x0000, 0x0000, 0x0000, 0x0000, 0x0000, 0x0000, 0x0000, 0x0000, 0x0000, 
        0x0000, 0x0000, 0x0000, 0x0000, 0x0000, 0x0000, 0x0000, 0x0000, 0x0000, 0x0000, 0x0000, 0x0000, 0x0000, 0x0000, 0x0000, 0x0000, 
        0x0000, 0x0000, 0x0000, 0x0000, 0x0000, 0x0000, 0x0000, 0x0000, 0x0000, 0x0000, 0x0000, 0x0000, 0x0000, 0x0000, 0x0000, 0x0000, 
        0x0000, 0x0000, 0x0000, 0x0000, 0x0000, 0x0000, 0x0000, 0x0000, 0x0000, 0x0000, 0x0000, 0x0000, 0x0000, 0x0000, 0x0000, 0x0000, 
        0x0000, 0x0000, 0x0000, 0x0000, 0x0000, 0x0000, 0x0000, 0x0000, 0x0000, 0x0000, 0x0000, 0x0000, 0x0000, 0x0000, 0x0000, 0x0000, 
        0x0000, 0x0000, 0x0000, 0x0000, 0x0000, 0x0000, 0x0000, 0x0000, 0x0000, 0x0000, 0x0000, 0x0000, 0x0000, 0x0000, 0x0000, 0x0000, 
        0x0000, 0x0000, 0x0000, 0x0000, 0x0000, 0x0000, 0x0000, 0x0000, 0x0000, 0x0000, 0x0000, 0x0000, 0x0000, 0x0000, 0x0000, 0x0000, 
        0x0000, 0x0000, 0x0000, 0x0000, 0x0000, 0x0000, 0x0000, 0x0000, 0x0000, 0x0000, 0x0000, 0x0000, 0x0000, 0x0000, 0x0000, 0x0000, 
        0x0000, 0x0000, 0x0000, 0x0000, 0x0000, 0x0000, 0x0000, 0x0000, 0x0000, 0x0000, 0x0000, 0x0000, 0x0000, 0x0000, 0x0000, 0x0000, 
        0x0000, 0x0000, 0x0000, 0x0000, 0x0000, 0x0000, 0x0000, 0x0000, 0x0000, 0x0000, 0x0000, 0x0000, 0x0000, 0x0000, 0x0000, 0x0000, 
        0x0000, 0x0000, 0x0000, 0x0000, 0x0000, 0x0000, 0x0000, 0x0000, 0x0000, 0x0000, 0x0000, 0x0000, 0x0000, 0x0000, 0x0000, 0x0000, 
        0x0000, 0x0000, 0x0000, 0x0000, 0x0000, 0x0000, 0x0000, 0x0000, 0x0000, 0x0000, 0x0000, 0x0000, 0x0000, 0x0000, 0x0000, 0x0000, 
        0x0000, 0x0000, 0x0000, 0x0000, 0x0000, 0x0000, 0x0000, 0x0000, 0x0000, 0x0000, 0x0000, 0x0000, 0x0000, 0x0000, 0x0000, 0x0000, 
        0x0000, 0x0000, 0x0000, 0x0000, 0x0000, 0x0000, 0x0000, 0x0000, 0x0000, 0x0000, 0x0000, 0x0000, 0x0000, 0x0000, 0x0000, 0x0000, 
        0x0000, 0x0000, 0x0000, 0x0000, 0x0000, 0x0000, 0x0000, 0x0000, 0x0000, 0x0000, 0x0000, 0x0000, 0x0000, 0x0000, 0x0000, 0x0000, 
        0x0000, 0x0000, 0x0000, 0x0000, 0x0000, 0x0000, 0x0000, 0x0000, 0x0000, 0x0000, 0x0000, 0x0000, 0x0000, 0x0000, 0x0000, 0x0000, 
        0x0000, 0x0000, 0x0000, 0x0000, 0x0000, 0x0000, 0x0000, 0x0000, 0x0000, 0x0000, 0x0000, 0x0000, 0x0000, 0xA908, 0xAD49, 0xB569, 
        0x0000, 0x0000, 0x0000, 0x0000, 0x0000, 0x0000, 0x0000, 0x0000, 0x0000, 0x0000, 0x0000, 0x0000, 0x0000, 0x0000, 0x0000, 0x0000, 
        0x0000, 0x0000, 0x0000, 0x0000, 0x0000, 0x0000, 0x0000, 0x0000, 0x0000, 0xB149, 0xB56A, 0xC9EF, 0xBD8B, 0xCA0F, 0xCE0E, 0xCA0E, 
        0x0000, 0x0000, 0x0000, 0x0000, 0x0000, 0x0000, 0x0000, 0x0000, 0x0000, 0x0000, 0x0000, 0x0000, 0x0000, 0x0000, 0x0000, 0x0000, 
        0x0000, 0x0000, 0x0000, 0x0000, 0x0000, 0x0000, 0x0000, 0xB149, 0xB56A, 0xC1AC, 0xC18B, 0xBD8B, 0xC1AB, 0xBD8B, 0xB56A, 0xAD49, 
        0x0000, 0x0000, 0x0000, 0x0000, 0x0000, 0x0000, 0x0000, 0x0000, 0x0000, 0x0000, 0x0000, 0x0000, 0x0000, 0x0000, 0x0000, 0x0000, 
        0x0000, 0x0000, 0x0000, 0x0000, 0x0000, 0x0000, 0x0000, 0xA906, 0x9CA5, 0x9463, 0x9063, 0x8C42, 0x8841, 0x8420, 0x8000, 0x8000, 
        0x0000, 0x0000, 0x0000, 0x0000, 0x0000, 0x0000, 0x0000, 0x0000, 0x0000, 0x0000, 0x0000, 0x0000, 0x0000, 0x0000, 0x0000, 0x0000, 
        0x0000, 0x0000, 0x0000, 0x0000, 0x0000, 0x0000, 0x8000, 0x8000, 0x8000, 0x8000, 0x8000, 0x8000, 0x8000, 0x8000, 0x8000, 0x8000, 
        0x0000, 0x0000, 0x0000, 0x0000, 0x0000, 0x0000, 0x0000, 0x0000, 0x0000, 0x0000, 0x0000, 0x0000, 0x0000, 0x0000, 0x0000, 0x0000, 
        0x0000, 0x0000, 0x0000, 0x0000, 0x0000, 0x0000, 0x8000, 0x8000, 0x8000, 0x8000, 0x8000, 0x8000, 0x8000, 0x8000, 0x8000, 0x8000, 
        0x0000, 0x0000, 0x0000, 0x0000, 0x0000, 0x0000, 0x0000, 0x0000, 0x0000, 0x0000, 0x0000, 0x0000, 0x0000, 0x0000, 0x0000, 0x0000, 
        0x0000, 0x0000, 0x0000, 0x0000, 0x0000, 0x0000, 0x8000, 0x8000, 0x8421, 0x8C42, 0x9084, 0x98A5, 0xA0E6, 0xA0E7, 0xA0E6, 0x98A5, 
        0x0000, 0x0000, 0x0000, 0x0000, 0x0000, 0x0000, 0x0000, 0x0000, 0x0000, 0x0000, 0x0000, 0x0000, 0x0000, 0x0000, 0x0000, 0x0000, 
        0x0000, 0x0000, 0x0000, 0x0000, 0x0000, 0x0000, 0x8000, 0x98A5, 0xB14A, 0xBDAC, 0xBDAC, 0xB98B, 0xB98B, 0xB98B, 0xB58B, 0xB14B, 
        0x0000, 0x0000, 0x0000, 0x0000, 0x0000, 0x0000, 0x0000, 0x0000, 0x0000, 0x0000, 0x0000, 0x0000, 0x0000, 0x0000, 0x0000, 0x0000, 
        0x0000, 0x0000, 0x0000, 0x0000, 0x0000, 0x0000, 0x0000, 0xA508, 0xB98C, 0xB98C, 0xB98C, 0xB98C, 0xB98C, 0xB9AC, 0xB98B, 0xB96B, 
        0x0000, 0x0000, 0x0000, 0x0000, 0x0000, 0x0000, 0x0000, 0x0000, 0x0000, 0x0000, 0x0000, 0x0000, 0x0000, 0x0000, 0x0000, 0x0000, 
        0x0000, 0x0000, 0x0000, 0x0000, 0x0000, 0x0000, 0x0000, 0x0000, 0xAD28, 0xA908, 0xA928, 0xAD29, 0xB149, 0xB14A, 0xB56A, 0xB96A, 
        0x0000, 0x0000, 0x0000, 0x0000, 0x0000, 0x0000, 0x0000, 0x0000, 0x0000, 0x0000, 0x0000, 0x0000, 0x0000, 0x0000, 0x0000, 0x0000, 
        0x0000, 0x0000, 0x0000, 0x0000, 0x0000, 0x0000, 0x0000, 0x0000, 0x0000, 0x98A5, 0x9CC6, 0xA0E7, 0xA4E7, 0xA0E7, 0xA0E6, 0x98A5, 
        0x0000, 0x0000, 0x0000, 0x0000, 0x0000, 0x0000, 0x0000, 0x0000, 0x0000, 0x0000, 0x0000, 0x0000, 0x0000, 0x0000, 0x0000, 0x0000, 
        0x0000, 0x0000, 0x0000, 0x0000, 0x0000, 0x0000, 0x0000, 0x0000, 0x0000, 0x8821, 0xA507, 0x98A4, 0x9484, 0x9484, 0x8842, 0x8822, 
        0x0000, 0x0000, 0x0000, 0x0000, 0x0000, 0x0000, 0x0000, 0x0000, 0x0000, 0x0000, 0x0000, 0x0000, 0x0000, 0x0000, 0x0000, 0x0000, 
        0x0000, 0x0000, 0x0000, 0x0000, 0x0000, 0x0000, 0x0000, 0x0000, 0x0000, 0x0000, 0x0000, 0x8842, 0x8C42, 0x0000, 0x0000, 0x8000, 
        0x0000, 0x0000, 0x0000, 0x0000, 0x0000, 0x0000, 0x0000, 0x0000, 0x0000, 0x0000, 0x0000, 0x0000, 0x0000, 0x0000, 0x0000, 0x0000, 
        0x0000, 0x0000, 0x0000, 0x0000, 0x0000, 0x0000, 0x0000, 0x0000, 0x0000, 0x0000, 0x0000, 0x0000, 0x0000, 0x0000, 0x0000, 0x0000, 
        0x0000, 0x0000, 0x0000, 0x0000, 0x0000, 0x0000, 0x0000, 0x0000, 0x0000, 0x0000, 0x0000, 0x0000, 0x0000, 0x0000, 0x0000, 0x0000, 
        0x0000, 0x0000, 0x0000, 0x0000, 0x0000, 0x0000, 0x0000, 0x0000, 0x0000, 0x0000, 0x0000, 0x0000, 0x0000, 0x0000, 0x0000, 0x0000, 
        0x0000, 0x0000, 0x0000, 0x0000, 0x0000, 0x0000, 0x0000, 0x0000, 0x0000, 0x0000, 0x0000, 0x0000, 0x0000, 0x0000, 0x0000, 0x0000, 
        0x0000, 0x0000, 0x0000, 0x0000, 0x0000, 0x0000, 0x0000, 0x0000, 0x0000, 0x0000, 0x0000, 0x0000, 0x0000, 0x0000, 0x0000, 0x0000, 
        0x0000, 0x0000, 0x0000, 0x0000, 0x0000, 0x0000, 0x0000, 0x0000, 0x0000, 0x0000, 0x0000, 0x0000, 0x0000, 0x0000, 0x0000, 0x0000, 
        0x0000, 0x0000, 0x0000, 0x0000, 0x0000, 0x0000, 0x0000, 0x0000, 0x0000, 0x0000, 0x0000, 0x0000, 0x0000, 0x0000, 0x0000, 0x0000, 
        0x0000, 0x0000, 0x0000, 0x0000, 0x0000, 0x0000, 0x0000, 0x0000, 0x0000, 0x0000, 0x0000, 0x0000, 0x0000, 0x0000, 0x0000, 0x0000, 
        0x0000, 0x0000, 0x0000, 0x0000, 0x0000, 0x0000, 0x0000, 0x0000, 0x0000, 0x0000, 0x0000, 0x0000, 0x0000, 0x0000, 0x0000, 0x0000, 
        },
    // W10_crypt_wall_side.png
    {
        0x0000, 0x0000, 0x0000, 0x0000, 0x0000, 0x0000, 0x0000, 0x0000, 0x0000, 0x0000, 0x98A5, 0xC1CE, 0xCE31, 0xD252, 0xD252, 0xD252, 
        0xD252, 0xD251, 0xD251, 0xD672, 0xD651, 0xD650, 0x0000, 0x0000, 0x0000, 0x0000, 0x0000, 0x0000, 0x0000, 0x0000, 0x0000, 0x0000, 
        0x0000, 0x0000, 0x0000, 0x0000, 0x0000, 0x0000, 0x0000, 0x0000, 0x0000, 0x0000, 0xC5ED, 0xCE31, 0xD252, 0xD252, 0xD272, 0xD252, 
        0xD252, 0xD252, 0xD252, 0xD272, 0xD252, 0xC9EE, 0x0000, 0x0000, 0x0000, 0x0000, 0x0000, 0x0000, 0x0000, 0x0000, 0x0000, 0x0000, 
        0x0000, 0x0000, 0x0000, 0x0000, 0x0000, 0x0000, 0x0000, 0x0000, 0x0000, 0x0000, 0xBDAC, 0xCE31, 0xD252, 0xD252, 0xD252, 0xD252, 
        0xD251, 0xD252, 0xD252, 0xD252, 0xCE52, 0xCE0F, 0x0000, 0x0000, 0x0000, 0x0000, 0x0000, 0x0000, 0x0000, 0x0000, 0x0000, 0x0000, 
        0x0000, 0x0000, 0x0000, 0x0000, 0x0000, 0x0000, 0x0000, 0x0000, 0x0000, 0x0000, 0xD252, 0xCE31, 0xD272, 0xD272, 0xD272, 0xD252, 
        0xD252, 0xD252, 0xD251, 0xD251, 0xD252, 0xCA0F, 0x0000, 0x0000, 0x0000, 0x0000, 0x0000, 0x0000, 0x0000, 0x0000, 0x0000, 0x0000, 
        0x0000, 0x0000, 0x0000, 0x0000, 0x0000, 0x0000, 0x0000, 0x0000, 0x0000, 0x0000, 0xC5EE, 0xD252, 0xD252, 0xD272, 0xD252, 0xD252, 
        0xD252, 0xD252, 0xD251, 0xD251, 0xCE31, 0xCA0E, 0x0000, 0x0000, 0x0000, 0x0000, 0x0000, 0x0000, 0x0000, 0x0000, 0x0000, 0x0000, 
        0x0000, 0x0000, 0x0000, 0x0000, 0x0000, 0x0000, 0x0000, 0x0000, 0x0000, 0x0000, 0xD694, 0xCE52, 0xD252, 0xD272, 0xD252, 0xD252, 
        0xD252, 0xD252, 0xD251, 0xD251, 0xD253, 0xC5EE, 0x0000, 0x0000, 0x0000, 0x0000, 0x0000, 0x0000, 0x0000, 0x0000, 0x0000, 0x0000, 
        0x0000, 0x0000, 0x0000, 0x0000, 0x0000, 0x0000, 0x0000, 0x0000, 0x0000, 0x0000, 0xC1EE, 0xD252, 0xD252, 0xD272, 0xD272, 0xD252, 
        0xD252, 0xD252, 0xD252, 0xD251, 0xCE52, 0x0000, 0x0000, 0x0000, 0x0000, 0x0000, 0x0000, 0x0000, 0x0000, 0x0000, 0x0000, 0x0000, 
        0x0000, 0x0000, 0x0000, 0x0000, 0x0000, 0x0000, 0x0000, 0x0000, 0x0000, 0x0000, 0xC1CE, 0xCE31, 0xD252, 0xD252, 0xD252, 0xD252, 
        0xD252, 0xD252, 0xD252, 0xD251, 0xCE52, 0xC5ED, 0x0000, 0x0000, 0x0000, 0x0000, 0x0000, 0x0000, 0x0000, 0x0000, 0x0000, 0x0000, 
        0x0000, 0x0000, 0x0000, 0x0000, 0x0000, 0x0000, 0x0000, 0x0000, 0x0000, 0x0000, 0xD673, 0xD252, 0xD252, 0xD252, 0xD252, 0xD252, 
        0xD252, 0xD252, 0xD252, 0xD252, 0xCE52, 0xD671, 0x0000, 0x0000, 0x0000, 0x0000, 0x0000, 0x0000, 0x0000, 0x0000, 0x0000, 0x0000, 
        0x0000, 0x0000, 0x0000, 0x0000, 0x0000, 0x0000, 0x0000, 0x0000, 0x0000, 0x0000, 0xC5EF, 0xCE51, 0xD252, 0xD272, 0xD272, 0xD252, 
        0xD252, 0xD252, 0xD252, 0xD252, 0xCE31, 0xD651, 0x0000, 0x0000, 0x0000, 0x0000, 0x0000, 0x0000, 0x0000, 0x0000, 0x0000, 0x0000, 
        0x0000, 0x0000, 0x0000, 0x0000, 0x0000, 0x0000, 0x0000, 0x0000, 0x0000, 0x0000, 0xC1CE, 0xCE51, 0xD252, 0xD252, 0xD252, 0xD252, 
        0xD252, 0xD252, 0xD251, 0xD252, 0xCE52, 0xC5CC, 0x0000, 0x0000, 0x0000, 0x0000, 0x0000, 0x0000, 0x0000, 0x0000, 0x0000, 0x0000, 
        0x0000, 0x0000, 0x0000, 0x0000, 0x0000, 0x0000, 0x0000, 0x0000, 0x0000, 0x0000, 0xD252, 0xD252, 0xD252, 0xD272, 0xD252, 0xD252, 
        0xD252, 0xD252, 0xD251, 0xD252, 0xCE31, 0xC1CC, 0x0000, 0x0000, 0x0000, 0x0000, 0x0000, 0x0000, 0x0000, 0x0000, 0x0000, 0x0000, 
        0x0000, 0x0000, 0x0000, 0x0000, 0x0000, 0x0000, 0x0000, 0x0000, 0x0000, 0x0000, 0xD252, 0xCE51, 0xD252, 0xD252, 0xD252, 0xD252, 
        0xD252, 0xD252, 0xD251, 0xD251, 0xCE31, 0xD251, 0x0000, 0x0000, 0x0000, 0x0000, 0x0000, 0x0000, 0x0000, 0x0000, 0x0000, 0x0000, 
        0x0000, 0x0000, 0x0000, 0x0000, 0x0000, 0x0000, 0x0000, 0x0000, 0x0000, 0x0000, 0xCE72, 0xCE51, 0xD252, 0xD252, 0xD252, 0xD252, 
        0xD252, 0xD252, 0xD251, 0xD251, 0xD252, 0xD251, 0x0000, 0x0000, 0x0000, 0x0000, 0x0000, 0x0000, 0x0000, 0x0000, 0x0000, 0x0000, 
        0x0000, 0x0000, 0x0000, 0x0000, 0x0000, 0x0000, 0x0000, 0x0000, 0x0000, 0x0000, 0xCA30, 0xCE31, 0xD252, 0xD252, 0xD252, 0xD252, 
        0xD252, 0xD252, 0xD251, 0xD252, 0xCE52, 0xD250, 0x0000, 0x0000, 0x0000, 0x0000, 0x0000, 0x0000, 0x0000, 0x0000, 0x0000, 0x0000, 
        0x0000, 0x0000, 0x0000, 0x0000, 0x0000, 0x0000, 0x0000, 0x0000, 0x0000, 0x0000, 0xCE51, 0xCE52, 0xD252, 0xD252, 0xD252, 0xD252, 
        0xD252, 0xD252, 0xD251, 0xD252, 0xCE31, 0xC1AC, 0x0000, 0x0000, 0x0000, 0x0000, 0x0000, 0x0000, 0x0000, 0x0000, 0x0000, 0x0000, 
        0x0000, 0x0000, 0x0000, 0x0000, 0x0000, 0x0000, 0x0000, 0x0000, 0x0000, 0x0000, 0xD272, 0xCE52, 0xD252, 0xD252, 0xD272, 0xD252, 
        0xD252, 0xD252, 0xD251, 0xD252, 0xCE51, 0xC1AC, 0x0000, 0x0000, 0x0000, 0x0000, 0x0000, 0x0000, 0x0000, 0x0000, 0x0000, 0x0000, 
        0x0000, 0x0000, 0x0000, 0x0000, 0x0000, 0x0000, 0x0000, 0x0000, 0x0000, 0x0000, 0xBDAC, 0xCE32, 0xD252, 0xD272, 0xD252, 0xD252, 
        0xD252, 0xD252, 0xD252, 0xD252, 0xD252, 0xD251, 0x0000, 0x0000, 0x0000, 0x0000, 0x0000, 0x0000, 0x0000, 0x0000, 0x0000, 0x0000, 
        0x0000, 0x0000, 0x0000, 0x0000, 0x0000, 0x0000, 0x0000, 0x0000, 0x0000, 0x0000, 0xBDAD, 0xCE31, 0xD252, 0xD252, 0xD272, 0xD252, 
        0xD252, 0xD252, 0xD251, 0xD252, 0xCE31, 0xCE30, 0x0000, 0x0000, 0x0000, 0x0000, 0x0000, 0x0000, 0x0000, 0x0000, 0x0000, 0x0000, 
        0x0000, 0x0000, 0x0000, 0x0000, 0x0000, 0x0000, 0x0000, 0x0000, 0x0000, 0x0000, 0xD252, 0xCE52, 0xD252, 0xD252, 0xD252, 0xD252, 
        0xD252, 0xD252, 0xD251, 0xD252, 0xCE52, 0xBD8B, 0x0000, 0x0000, 0x0000, 0x0000, 0x0000, 0x0000, 0x0000, 0x0000, 0x0000, 0x0000, 
        0x0000, 0x0000, 0x0000, 0x0000, 0x0000, 0x0000, 0x0000, 0x0000, 0x0000, 0x0000, 0xC1CD, 0xCE31, 0xD252, 0xD252, 0xD272, 0xD252, 
        0xD252, 0xD252, 0xD251, 0xD251, 0xCE52, 0xCE30, 0x0000, 0x0000, 0x0000, 0x0000, 0x0000, 0x0000, 0x0000, 0x0000, 0x0000, 0x0000, 
        0x0000, 0x0000, 0x0000, 0x0000, 0x0000, 0x0000, 0x0000, 0x0000, 0x0000, 0x0000, 0xD693, 0xD252, 0xD252, 0xD252, 0xD252, 0xD252, 
        0xD252, 0xD252, 0xD251, 0xD251, 0xCE31, 0xCA0F, 0x0000, 0x0000, 0x0000, 0x0000, 0x0000, 0x0000, 0x0000, 0x0000, 0x0000, 0x0000, 
        0x0000, 0x0000, 0x0000, 0x0000, 0x0000, 0x0000, 0x0000, 0x0000, 0x0000, 0x0000, 0xD673, 0xCE31, 0xD252, 0xD252, 0xD252, 0xD252, 
        0xD252, 0xD252, 0xD252, 0xD252, 0xCE52, 0xCE30, 0x0000, 0x0000, 0x0000, 0x0000, 0x0000, 0x0000, 0x0000, 0x0000, 0x0000, 0x0000, 
        0x0000, 0x0000, 0x0000, 0x0000, 0x0000, 0x0000, 0x0000, 0x0000, 0x0000, 0x0000, 0xC1CE, 0xCE52, 0xD252, 0xD252, 0xD272, 0xD252, 
        0xD252, 0xD252, 0xD252, 0xD251, 0xCE52, 0xBD8B, 0x0000, 0x0000, 0x0000, 0x0000, 0x0000, 0x0000, 0x0000, 0x0000, 0x0000, 0x0000, 
        0x0000, 0x0000, 0x0000, 0x0000, 0x0000, 0x0000, 0x0000, 0x0000, 0x0000, 0x0000, 0xC1CE, 0xD252, 0xD252, 0xD252, 0xD272, 0xD252, 
        0xD252, 0xD252, 0xD251, 0xD252, 0xCE31, 0xCE51, 0x0000, 0x0000, 0x0000, 0x0000, 0x0000, 0x0000, 0x0000, 0x0000, 0x0000, 0x0000, 
        0x0000, 0x0000, 0x0000, 0x0000, 0x0000, 0x0000, 0x0000, 0x0000, 0x0000, 0x0000, 0xD252, 0xCE31, 0xD272, 0xD272, 0xD272, 0xD252, 
        0xD252, 0xD252, 0xD252, 0xD251, 0xCE51, 0xBDAC, 0x0000, 0x0000, 0x0000, 0x0000, 0x0000, 0x0000, 0x0000, 0x0000, 0x0000, 0x0000, 
        0x0000, 0x0000, 0x0000, 0x0000, 0x0000, 0x0000, 0x0000, 0x0000, 0x0000, 0x0000, 0xBDAC, 0xCE51, 0xD673, 0xD272, 0xD272, 0xD252, 
        0xD252, 0xD252, 0xD252, 0xD252, 0xCE31, 0xD251, 0x0000, 0x0000, 0x0000, 0x0000, 0x0000, 0x0000, 0x0000, 0x0000, 0x0000, 0x0000, 
        0x0000, 0x0000, 0x0000, 0x0000, 0x0000, 0x0000, 0x0000, 0x0000, 0x0000, 0x0000, 0xCE51, 0xD252, 0xD272, 0xD272, 0xD272, 0xD272, 
        0xD252, 0xD252, 0xD252, 0xD252, 0xCE31, 0xD252, 0x0000, 0x0000, 0x0000, 0x0000, 0x0000, 0x0000, 0x0000, 0x0000, 0x0000, 0x0000, 
        0x0000, 0x0000, 0x0000, 0x0000, 0x0000, 0x0000, 0x0000, 0x0000, 0x0000, 0x0000, 0xCE51, 0xCE52, 0xD272, 0xD252, 0xD272, 0xD272, 
        0xD252, 0xD252, 0xD252, 0xD251, 0xCA30, 0xD272, 0x0000, 0x0000, 0x0000, 0x0000, 0x0000, 0x0000, 0x0000, 0x0000, 0x0000, 0x0000, 
        0x0000, 0x0000, 0x0000, 0x0000, 0x0000, 0x0000, 0x0000, 0x0000, 0x0000, 0x0000, 0xB98C, 0xCE52, 0xD673, 0xD252, 0xD252, 0xD252, 
        0xD252, 0xD252, 0xD251, 0xCE31, 0xCE31, 0xB9AC, 0x0000, 0x0000, 0x0000, 0x0000, 0x0000, 0x0000, 0x0000, 0x0000, 0x0000, 0x0000, 
        0x0000, 0x0000, 0x0000, 0x0000, 0x0000, 0x0000, 0x0000, 0x0000, 0x0000, 0x0000, 0xA929, 0xB58C, 0xC1EE, 0xC1CD, 0xBDCD, 0xB9AC, 
        0xB9AC, 0xBDAD, 0xC1AD, 0xBDAD, 0xB16A, 0xA928, 0x0000, 0x0000, 0x0000, 0x0000, 0x0000, 0x0000, 0x0000, 0x0000, 0x0000, 0x0000, 
        0x0000, 0x0000, 0x0000, 0x0000, 0x0000, 0x0000, 0x0000, 0x0000, 0x0000, 0x0000, 0x98A5, 0x8C42, 0x8421, 0x8000, 0x8000, 0x8000, 
        0x8000, 0x8000, 0x8000, 0x8420, 0x8421, 0x8821, 0x0000, 0x0000, 0x0000, 0x0000, 0x0000, 0x0000, 0x0000, 0x0000, 0x0000, 0x0000, 
        0x0000, 0x0000, 0x0000, 0x0000, 0x0000, 0x0000, 0x0000, 0x0000, 0x0000, 0x0000, 0x8842, 0x8000, 0x8000, 0x8000, 0x8000, 0x8000, 
        0x8000, 0x8000, 0x8000, 0x8000, 0x8000, 0x8000, 0x0000, 0x0000, 0x0000, 0x0000, 0x0000, 0x0000, 0x0000, 0x0000, 0x0000, 0x0000, 
        0x0000, 0x0000, 0x0000, 0x0000, 0x0000, 0x0000, 0x0000, 0x0000, 0x0000, 0x0000, 0x8000, 0x8000, 0x8000, 0x8000, 0x8000, 0x8000, 
        0x8000, 0x8000, 0x8000, 0x8000, 0x8000, 0x8000, 0x0000, 0x0000, 0x0000, 0x0000, 0x0000, 0x0000, 0x0000, 0x0000, 0x0000, 0x0000, 
        0x0000, 0x0000, 0x0000, 0x0000, 0x0000, 0x0000, 0x0000, 0x0000, 0x0000, 0x0000, 0x8421, 0x8000, 0x8000, 0x8000, 0x8000, 0x8000, 
        0x8000, 0x8000, 0x8000, 0x8000, 0x8000, 0x8000, 0x0000, 0x0000, 0x0000, 0x0000, 0x0000, 0x0000, 0x0000, 0x0000, 0x0000, 0x0000, 
        0x0000, 0x0000, 0x0000, 0x0000, 0x0000, 0x0000, 0x0000, 0x0000, 0x0000, 0x0000, 0x8420, 0x8000, 0x8000, 0x8000, 0x8000, 0x8000, 
        0x8000, 0x8000, 0x8000, 0x8000, 0x8000, 0x8000, 0x0000, 0x0000, 0x0000, 0x0000, 0x0000, 0x0000, 0x0000, 0x0000, 0x0000, 0x0000, 
        0x0000, 0x0000, 0x0000, 0x0000, 0x0000, 0x0000, 0x0000, 0x0000, 0x0000, 0x0000, 0x8000, 0x8000, 0x8000, 0x8000, 0x8000, 0x8000, 
        0x8000, 0x8000, 0x8000, 0x8000, 0x8000, 0x8000, 0x0000, 0x0000, 0x0000, 0x0000, 0x0000, 0x0000, 0x0000, 0x0000, 0x0000, 0x0000, 
        0x0000, 0x0000, 0x0000, 0x0000, 0x0000, 0x0000, 0x0000, 0x0000, 0x0000, 0x0000, 0x8400, 0x8000, 0x8000, 0x8000, 0x8000, 0x8000, 
        0x8000, 0x8000, 0x8000, 0x8000, 0x8000, 0x8000, 0x0000, 0x0000, 0x0000, 0x0000, 0x0000, 0x0000, 0x0000, 0x0000, 0x0000, 0x0000, 
        0x0000, 0x0000, 0x0000, 0x0000, 0x0000, 0x0000, 0x0000, 0x0000, 0x0000, 0x0000, 0x8400, 0x8000, 0x8000, 0x8000, 0x8000, 0x8000, 
        0x8000, 0x8000, 0x8000, 0x8000, 0x8000, 0x8000, 0x0000, 0x0000, 0x0000, 0x0000, 0x0000, 0x0000, 0x0000, 0x0000, 0x0000, 0x0000, 
        0x0000, 0x0000, 0x0000, 0x0000, 0x0000, 0x0000, 0x0000, 0x0000, 0x0000, 0x0000, 0x8000, 0x8000, 0x8000, 0x8000, 0x8000, 0x8000, 
        0x8000, 0x8000, 0x8000, 0x8000, 0x8000, 0x8000, 0x0000, 0x0000, 0x0000, 0x0000, 0x0000, 0x0000, 0x0000, 0x0000, 0x0000, 0x0000, 
        0x0000, 0x0000, 0x0000, 0x0000, 0x0000, 0x0000, 0x0000, 0x0000, 0x0000, 0x0000, 0x8000, 0x8000, 0x8000, 0x8000, 0x8000, 0x8000, 
        0x8000, 0x8000, 0x8000, 0x8000, 0x8000, 0x8000, 0x0000, 0x0000, 0x0000, 0x0000, 0x0000, 0x0000, 0x0000, 0x0000, 0x0000, 0x0000, 
        0x0000, 0x0000, 0x0000, 0x0000, 0x0000, 0x0000, 0x0000, 0x0000, 0x0000, 0x0000, 0x8000, 0x8000, 0x8000, 0x8000, 0x8000, 0x8000, 
        0x8000, 0x8000, 0x8000, 0x8000, 0x8000, 0x8000, 0x0000, 0x0000, 0x0000, 0x0000, 0x0000, 0x0000, 0x0000, 0x0000, 0x0000, 0x0000, 
        0x0000, 0x0000, 0x0000, 0x0000, 0x0000, 0x0000, 0x0000, 0x0000, 0x0000, 0x0000, 0x8000, 0x8000, 0x8000, 0x8000, 0x8000, 0x8000, 
        0x8000, 0x8000, 0x8000, 0x8000, 0x8000, 0x8000, 0x0000, 0x0000, 0x0000, 0x0000, 0x0000, 0x0000, 0x0000, 0x0000, 0x0000, 0x0000, 
        0x0000, 0x0000, 0x0000, 0x0000, 0x0000, 0x0000, 0x0000, 0x0000, 0x0000, 0x0000, 0x0000, 0x8000, 0x8000, 0x8000, 0x8000, 0x8000, 
        0x8000, 0x8000, 0x8000, 0x8000, 0x8000, 0x8000, 0x0000, 0x0000, 0x0000, 0x0000, 0x0000, 0x0000, 0x0000, 0x0000, 0x0000, 0x0000, 
        0x0000, 0x0000, 0x0000, 0x0000, 0x0000, 0x0000, 0x0000, 0x0000, 0x0000, 0x0000, 0x8000, 0x8000, 0x8000, 0x8000, 0x8000, 0x8000, 
        0x8000, 0x8000, 0x8000, 0x8000, 0x8000, 0x8000, 0x0000, 0x0000, 0x0000, 0x0000, 0x0000, 0x0000, 0x0000, 0x0000, 0x0000, 0x0000, 
        0x0000, 0x0000, 0x0000, 0x0000, 0x0000, 0x0000, 0x0000, 0x0000, 0x0000, 0x0000, 0x8000, 0x8000, 0x8000, 0x8000, 0x8000, 0x8000, 
        0x8000, 0x8000, 0x8000, 0x8000, 0x8000, 0x8000, 0x0000, 0x0000, 0x0000, 0x0000, 0x0000, 0x0000, 0x0000, 0x0000, 0x0000, 0x0000, 
        0x0000, 0x0000, 0x0000, 0x0000, 0x0000, 0x0000, 0x0000, 0x0000, 0x0000, 0x0000, 0x8000, 0x8000, 0x8000, 0x8000, 0x8000, 0x8000, 
        0x8000, 0x8000, 0x8000, 0x8000, 0x8000, 0x8000, 0x0000, 0x0000, 0x0000, 0x0000, 0x0000, 0x0000, 0x0000, 0x0000, 0x0000, 0x0000, 
        0x0000, 0x0000, 0x0000, 0x0000, 0x0000, 0x0000, 0x0000, 0x0000, 0x0000, 0x0000, 0x8000, 0x8000, 0x8000, 0x8000, 0x8000, 0x8000, 
        0x8000, 0x8000, 0x8000, 0x8000, 0x8000, 0x8000, 0x0000, 0x0000, 0x0000, 0x0000, 0x0000, 0x0000, 0x0000, 0x0000, 0x0000, 0x0000, 
        },
    // W11_buttress_wall_side.png
    {
        0x0000, 0x0000, 0x0000, 0x0000, 0x0000, 0x0000, 0x8421, 0x8400, 0x8420, 0x8421, 0x9063, 0xCA0F, 0xD252, 0xD272, 0xD272, 0xD252, 
        0xD252, 0xD252, 0xD251, 0xD252, 0xCE30, 0xA0C6, 0x8421, 0x8000, 0x0000, 0x0000, 0x0000, 0x0000, 0x0000, 0x0000, 0x0000, 0x0000, 
        0x0000, 0x0000, 0x0000, 0x0000, 0x0000, 0x0000, 0x8821, 0x8420, 0x8400, 0x8400, 0x9484, 0xCE30, 0xD272, 0xD272, 0xD272, 0xD252, 
        0xD252, 0xD252, 0xD252, 0xD252, 0xCE51, 0xA0E7, 0x8421, 0x8000, 0x0000, 0x0000, 0x0000, 0x0000, 0x0000, 0x0000, 0x0000, 0x0000, 
        0x0000, 0x0000, 0x0000, 0x0000, 0x0000, 0x0000, 0x8421, 0x8420, 0x8420, 0x8420, 0x98A5, 0xCE31, 0xD252, 0xD252, 0xD252, 0xD252, 
        0xD252, 0xD252, 0xD252, 0xD252, 0xCE52, 0xA508, 0x8821, 0x8000, 0x0000, 0x0000, 0x0000, 0x0000, 0x0000, 0x0000, 0x0000, 0x0000, 
        0x0000, 0x0000, 0x0000, 0x0000, 0x0000, 0x0000, 0x8821, 0x8420, 0x8421, 0x8420, 0x9CC5, 0xCE31, 0xD252, 0xD272, 0xD272, 0xD252, 
        0xD252, 0xD252, 0xD252, 0xD251, 0xCE51, 0xA508, 0x8821, 0x8400, 0x0000, 0x0000, 0x0000, 0x0000, 0x0000, 0x0000, 0x0000, 0x0000, 
        0x0000, 0x0000, 0x0000, 0x0000, 0x0000, 0x0000, 0x8420, 0x8420, 0x8421, 0x8421, 0x9CC5, 0xCE31, 0xD252, 0xD272, 0xD272, 0xD252, 
        0xD252, 0xD252, 0xD251, 0xD252, 0xCE51, 0xA0E7, 0x8421, 0x8000, 0x0000, 0x0000, 0x0000, 0x0000, 0x0000, 0x0000, 0x0000, 0x0000, 
        0x0000, 0x0000, 0x0000, 0x0000, 0x0000, 0x0000, 0x8821, 0x8420, 0x8420, 0x8420, 0x9CC6, 0xCE51, 0xD252, 0xD272, 0xD272, 0xD252, 
        0xD252, 0xD252, 0xD251, 0xD252, 0xCE51, 0xA0E7, 0x8421, 0x8000, 0x0000, 0x0000, 0x0000, 0x0000, 0x0000, 0x0000, 0x0000, 0x0000, 
        0x0000, 0x0000, 0x0000, 0x0000, 0x0000, 0x0000, 0x8420, 0x8421, 0x8420, 0x8421, 0x9CC5, 0xCE31, 0xD272, 0xD272, 0xD272, 0xD252, 
        0xD252, 0xD252, 0xD252, 0xD251, 0xCE51, 0x9CC6, 0x8821, 0x8000, 0x0000, 0x0000, 0x0000, 0x0000, 0x0000, 0x0000, 0x0000, 0x0000, 
        0x0000, 0x0000, 0x0000, 0x0000, 0x0000, 0x0000, 0x8400, 0x8421, 0x8420, 0x8421, 0x9CC6, 0xCE51, 0xD252, 0xD252, 0xD252, 0xD252, 
        0xD252, 0xD252, 0xD251, 0xCE51, 0xCE51, 0x9CC6, 0x8421, 0x8400, 0x0000, 0x0000, 0x0000, 0x0000, 0x0000, 0x0000, 0x0000, 0x0000, 
        0x0000, 0x0000, 0x0000, 0x0000, 0x0000, 0x0000, 0x8400, 0x8421, 0x8421, 0x8421, 0x9CC6, 0xD252, 0xD252, 0xD252, 0xD252, 0xD252, 
        0xD252, 0xD252, 0xD252, 0xCE51, 0xCE51, 0x9CC6, 0x8421, 0x8400, 0x0000, 0x0000, 0x0000, 0x0000, 0x0000, 0x0000, 0x0000, 0x0000, 
        0x0000, 0x0000, 0x0000, 0x0000, 0x0000, 0x0000, 0x8420, 0x8421, 0x8400, 0x8420, 0x9CC6, 0xD251, 0xD272, 0xD252, 0xD272, 0xD252, 
        0xD252, 0xD252, 0xD252, 0xCE51, 0xCE31, 0xA0E6, 0x8421, 0x8420, 0x0000, 0x0000, 0x0000, 0x0000, 0x0000, 0x0000, 0x0000, 0x0000, 
        0x0000, 0x0000, 0x0000, 0x0000, 0x0000, 0x0000, 0x8400, 0x8421, 0x8420, 0x8421, 0x9CC6, 0xD251, 0xD272, 0xD272, 0xD252, 0xD252, 
        0xD252, 0xD252, 0xD251, 0xCE51, 0xCA30, 0xA0E7, 0x8421, 0x8821, 0x0000, 0x0000, 0x0000, 0x0000, 0x0000, 0x0000, 0x0000, 0x0000, 
        0x0000, 0x0000, 0x0000, 0x0000, 0x0000, 0x0000, 0x8420, 0x8420, 0x8421, 0x8420, 0x9CC5, 0xCE51, 0xD272, 0xD272, 0xD272, 0xD252, 
        0xD252, 0xD252, 0xD251, 0xCE51, 0xCE31, 0xA0E6, 0x8421, 0x8420, 0x0000, 0x0000, 0x0000, 0x0000, 0x0000, 0x0000, 0x0000, 0x0000, 
        0x0000, 0x0000, 0x0000, 0x0000, 0x0000, 0x0000, 0x8420, 0x8420, 0x8420, 0x8420, 0x98A5, 0xD251, 0xD272, 0xD272, 0xD272, 0xD252, 
        0xD252, 0xD252, 0xD251, 0xCE51, 0xCE31, 0x9CC6, 0x8421, 0x8400, 0x0000, 0x0000, 0x0000, 0x0000, 0x0000, 0x0000, 0x0000, 0x0000, 
        0x0000, 0x0000, 0x0000, 0x0000, 0x0000, 0x0000, 0x8821, 0x8420, 0x8420, 0x8420, 0x98A5, 0xCE51, 0xD272, 0xD272, 0xD252, 0xD252, 
        0xD252, 0xD252, 0xD251, 0xCE51, 0xCE31, 0x9CC6, 0x8421, 0x8421, 0x0000, 0x0000, 0x0000, 0x0000, 0x0000, 0x0000, 0x0000, 0x0000, 
        0x0000, 0x0000, 0x0000, 0x0000, 0x0000, 0x0000, 0x8420, 0x8420, 0x8420, 0x8420, 0x98A4, 0xD251, 0xD272, 0xD272, 0xD252, 0xD252, 
        0xD252, 0xD252, 0xD251, 0xCE51, 0xCE31, 0x9CC6, 0x8421, 0x8000, 0x0000, 0x0000, 0x0000, 0x0000, 0x0000, 0x0000, 0x0000, 0x0000, 
        0x0000, 0x0000, 0x0000, 0x0000, 0x0000, 0x0000, 0x8821, 0x8421, 0x8400, 0x8421, 0x98A5, 0xD252, 0xD252, 0xD272, 0xD272, 0xD252, 
        0xD252, 0xD252, 0xD252, 0xD252, 0xCE31, 0xA0E6, 0x8421, 0x8420, 0x0000, 0x0000, 0x0000, 0x0000, 0x0000, 0x0000, 0x0000, 0x0000, 
        0x0000, 0x0000, 0x0000, 0x0000, 0x0000, 0x0000, 0x8821, 0x8421, 0x8400, 0x8421, 0x9CC6, 0xD252, 0xD252, 0xD272, 0xD272, 0xD252, 
        0xD252, 0xD252, 0xD251, 0xD252, 0xCE31, 0xA0E6, 0x8421, 0x8000, 0x0000, 0x0000, 0x0000, 0x0000, 0x0000, 0x0000, 0x0000, 0x0000, 
        0x0000, 0x0000, 0x0000, 0x0000, 0x0000, 0x0000, 0x8420, 0x8400, 0x8420, 0x8420, 0x9CC6, 0xCE31, 0xD272, 0xD272, 0xD272, 0xD252, 
        0xD252, 0xD252, 0xD252, 0xCE51, 0xCE52, 0x9CC6, 0x8421, 0x8000, 0x0000, 0x0000, 0x0000, 0x0000, 0x0000, 0x0000, 0x0000, 0x0000, 
        0x0000, 0x0000, 0x0000, 0x0000, 0x0000, 0x0000, 0x8420, 0x8420, 0x8420, 0x8400, 0x9CC6, 0xCE31, 0xD272, 0xD272, 0xD272, 0xD252, 
        0xD252, 0xD252, 0xD251, 0xD251, 0xCE31, 0x9CC6, 0x8421, 0x8000, 0x0000, 0x0000, 0x0000, 0x0000, 0x0000, 0x0000, 0x0000, 0x0000, 
        0x0000, 0x0000, 0x0000, 0x0000, 0x0000, 0x0000, 0x8821, 0x8420, 0x8400, 0x8400, 0x9CC6, 0xCE31, 0xD272, 0xD272, 0xD272, 0xD252, 
        0xD252, 0xD252, 0xD251, 0xCE51, 0xCA30, 0x9CC6, 0x8421, 0x8421, 0x0000, 0x0000, 0x0000, 0x0000, 0x0000, 0x0000, 0x0000, 0x0000, 
        0x0000, 0x0000, 0x0000, 0x0000, 0x0000, 0x0000, 0x8420, 0x8421, 0x8420, 0x8420, 0x9CC6, 0xCE51, 0xD272, 0xD272, 0xD272, 0xD252, 
        0xD252, 0xD252, 0xD251, 0xCE51, 0xCA10, 0x98A5, 0x8421, 0x8400, 0x0000, 0x0000, 0x0000, 0x0000, 0x0000, 0x0000, 0x0000, 0x0000, 
        0x0000, 0x0000, 0x0000, 0x0000, 0x0000, 0x0000, 0x8400, 0x8421, 0x8400, 0x8421, 0x9CC6, 0xCE51, 0xD272, 0xD272, 0xD272, 0xD252, 
        0xD252, 0xD252, 0xD252, 0xD251, 0xCE31, 0x98A5, 0x8421, 0x8400, 0x0000, 0x0000, 0x0000, 0x0000, 0x0000, 0x0000, 0x0000, 0x0000, 
        0x0000, 0x0000, 0x0000, 0x0000, 0x0000, 0x0000, 0x8400, 0x8421, 0x8400, 0x8421, 0x9CC6, 0xCE30, 0xD272, 0xD272, 0xD272, 0xD252, 
        0xD252, 0xD252, 0xD252, 0xCE51, 0xCE31, 0x98A5, 0x8421, 0x8000, 0x0000, 0x0000, 0x0000, 0x0000, 0x0000, 0x0000, 0x0000, 0x0000, 
        0x0000, 0x0000, 0x0000, 0x0000, 0x0000, 0x0000, 0x8400, 0x8400, 0x8400, 0x8420, 0xA0E7, 0xCA10, 0xD272, 0xD272, 0xD252, 0xD252, 
        0xD252, 0xD252, 0xD252, 0xCE51, 0xCE31, 0x9CC5, 0x8421, 0x8000, 0x0000, 0x0000, 0x0000, 0x0000, 0x0000, 0x0000, 0x0000, 0x0000, 
        0x0000, 0x0000, 0x0000, 0x0000, 0x0000, 0x0000, 0x8400, 0x8400, 0x8400, 0x8400, 0xA0E7, 0xCA10, 0xD272, 0xD272, 0xD252, 0xD252, 
        0xD252, 0xD252, 0xD252, 0xCE51, 0xCE30, 0x9CC6, 0x8421, 0x8000, 0x0000, 0x0000, 0x0000, 0x0000, 0x0000, 0x0000, 0x0000, 0x0000, 
        0x0000, 0x0000, 0x0000, 0x0000, 0x0000, 0x0000, 0x8821, 0x8421, 0x8421, 0x8842, 0xAD29, 0xCE30, 0xD272, 0xD272, 0xD252, 0xD252, 
        0xD252, 0xD252, 0xD252, 0xCE51, 0xCE31, 0xA928, 0x8C62, 0x8821, 0x0000, 0x0000, 0x0000, 0x0000, 0x0000, 0x0000, 0x0000, 0x0000, 
        0x0000, 0x0000, 0x0000, 0x0000, 0x0000, 0x0000, 0xA4E7, 0xA908, 0xA4E7, 0xA0E7, 0xB16A, 0xCE31, 0xD272, 0xD272, 0xD252, 0xD252, 
        0xD252, 0xD252, 0xD252, 0xD252, 0xCE51, 0xB16A, 0xA0E7, 0x9CC5, 0x0000, 0x0000, 0x0000, 0x0000, 0x0000, 0x0000, 0x0000, 0x0000, 
        0x0000, 0x0000, 0x0000, 0x0000, 0x0000, 0x0000, 0xA908, 0xAD28, 0xA928, 0xA508, 0xA928, 0xCE31, 0xD673, 0xD252, 0xD272, 0xD272, 
        0xD252, 0xD252, 0xD252, 0xCE51, 0xCE51, 0xB14A, 0xA0E7, 0x98A4, 0x0000, 0x0000, 0x0000, 0x0000, 0x0000, 0x0000, 0x0000, 0x0000, 
        0x0000, 0x0000, 0x0000, 0x0000, 0x0000, 0x0000, 0xA4E7, 0xA507, 0x9CC6, 0x94A4, 0xA507, 0xCE51, 0xD673, 0xD272, 0xD272, 0xD272, 
        0xD252, 0xD252, 0xD252, 0xD252, 0xCE31, 0xAD49, 0x98A5, 0x9063, 0x0000, 0x0000, 0x0000, 0x0000, 0x0000, 0x0000, 0x0000, 0x0000, 
        0x0000, 0x0000, 0x0000, 0x0000, 0x0000, 0x0000, 0x9063, 0x8842, 0x8421, 0x8421, 0x9CC6, 0xCE31, 0xD673, 0xD252, 0xD252, 0xD252, 
        0xD251, 0xD251, 0xD252, 0xD252, 0xCE31, 0xA0C6, 0x8842, 0x8421, 0x0000, 0x0000, 0x0000, 0x0000, 0x0000, 0x0000, 0x0000, 0x0000, 
        0x0000, 0x0000, 0x0000, 0x0000, 0x0000, 0x0000, 0x8821, 0x8420, 0x8420, 0x8400, 0x8842, 0xB58B, 0xC5EE, 0xC1CE, 0xC1CD, 0xC1AD, 
        0xC1AD, 0xC1CE, 0xC5CE, 0xC1CE, 0xA929, 0x8821, 0x8400, 0x8400, 0x0000, 0x0000, 0x0000, 0x0000, 0x0000, 0x0000, 0x0000, 0x0000, 
        0x0000, 0x0000, 0x0000, 0x0000, 0x0000, 0x0000, 0x8421, 0x8420, 0x8420, 0x8420, 0x8000, 0x8000, 0x8000, 0x8000, 0x8000, 0x8000, 
        0x8000, 0x8000, 0x8000, 0x8400, 0x8000, 0x8000, 0x8421, 0x8400, 0x0000, 0x0000, 0x0000, 0x0000, 0x0000, 0x0000, 0x0000, 0x0000, 
        0x0000, 0x0000, 0x0000, 0x0000, 0x0000, 0x8000, 0x8420, 0x8420, 0x8421, 0x8420, 0x8000, 0x8000, 0x8000, 0x8000, 0x8000, 0x8000, 
        0x8000, 0x8000, 0x8000, 0x8000, 0x8000, 0x8400, 0x8421, 0x8000, 0x0000, 0x0000, 0x0000, 0x0000, 0x0000, 0x0000, 0x0000, 0x0000, 
        0x0000, 0x0000, 0x0000, 0x0000, 0x0000, 0x0000, 0x8421, 0x8421, 0x8400, 0x8420, 0x8000, 0x8000, 0x8000, 0x8000, 0x8000, 0x8000, 
        0x8000, 0x8000, 0x8000, 0x8000, 0x8000, 0x8400, 0x8421, 0x8420, 0x0000, 0x0000, 0x0000, 0x0000, 0x0000, 0x0000, 0x0000, 0x0000, 
        0x0000, 0x0000, 0x0000, 0x0000, 0x0000, 0x0000, 0x8421, 0x8420, 0x8400, 0x8420, 0x8000, 0x8000, 0x8000, 0x8000, 0x8000, 0x8000, 
        0x8000, 0x8000, 0x8000, 0x8000, 0x8000, 0x8400, 0x8421, 0x8421, 0x0000, 0x0000, 0x0000, 0x0000, 0x0000, 0x0000, 0x0000, 0x0000, 
        0x0000, 0x0000, 0x0000, 0x0000, 0x0000, 0x0000, 0x8421, 0x8421, 0x8400, 0x8400, 0x8000, 0x8000, 0x8000, 0x8000, 0x8000, 0x8000, 
        0x8000, 0x8000, 0x8000, 0x8000, 0x8000, 0x8000, 0x8421, 0x8420, 0x0000, 0x0000, 0x0000, 0x0000, 0x0000, 0x0000, 0x0000, 0x0000, 
        0x0000, 0x0000, 0x0000, 0x0000, 0x0000, 0x0000, 0x8821, 0x8421, 0x8400, 0x8420, 0x8000, 0x8000, 0x8000, 0x8000, 0x8000, 0x8000, 
        0x8000, 0x8000, 0x8000, 0x8000, 0x8000, 0x8000, 0x8421, 0x8421, 0x0000, 0x0000, 0x0000, 0x0000, 0x0000, 0x0000, 0x0000, 0x0000, 
        0x0000, 0x0000, 0x0000, 0x0000, 0x0000, 0x0000, 0x8420, 0x8421, 0x8400, 0x8420, 0x8000, 0x8000, 0x8000, 0x8000, 0x8000, 0x8000, 
        0x8000, 0x8000, 0x8000, 0x8000, 0x8000, 0x8000, 0x8421, 0x8400, 0x0000, 0x0000, 0x0000, 0x0000, 0x0000, 0x0000, 0x0000, 0x0000, 
        0x0000, 0x0000, 0x0000, 0x0000, 0x0000, 0x0000, 0x8400, 0x8420, 0x8400, 0x8420, 0x8000, 0x8000, 0x8000, 0x8000, 0x8000, 0x8000, 
        0x8000, 0x8000, 0x8000, 0x8000, 0x8000, 0x8000, 0x8421, 0x8821, 0x0000, 0x0000, 0x0000, 0x0000, 0x0000, 0x0000, 0x0000, 0x0000, 
        0x0000, 0x0000, 0x0000, 0x0000, 0x0000, 0x0000, 0x8400, 0x8421, 0x8400, 0x8400, 0x8000, 0x8000, 0x8000, 0x8000, 0x8000, 0x8000, 
        0x8000, 0x8000, 0x8000, 0x8000, 0x8000, 0x8000, 0x8421, 0x8421, 0x0000, 0x0000, 0x0000, 0x0000, 0x0000, 0x0000, 0x0000, 0x0000, 
        0x0000, 0x0000, 0x0000, 0x0000, 0x0000, 0x0000, 0x8421, 0x8421, 0x8400, 0x8420, 0x8000, 0x8000, 0x8000, 0x8000, 0x8000, 0x8000, 
        0x8000, 0x8000, 0x8000, 0x8000, 0x8000, 0x8000, 0x8421, 0x8421, 0x0000, 0x0000, 0x0000, 0x0000, 0x0000, 0x0000, 0x0000, 0x0000, 
        0x0000, 0x0000, 0x0000, 0x0000, 0x0000, 0x0000, 0x8400, 0x8421, 0x8420, 0x8420, 0x8000, 0x8000, 0x8000, 0x8000, 0x8000, 0x8000, 
        0x8000, 0x8000, 0x8000, 0x8000, 0x8000, 0x8000, 0x8400, 0x8400, 0x0000, 0x0000, 0x0000, 0x0000, 0x0000, 0x0000, 0x0000, 0x0000, 
        0x0000, 0x0000, 0x0000, 0x0000, 0x0000, 0x0000, 0x8400, 0x8421, 0x8400, 0x8400, 0x8000, 0x8000, 0x8000, 0x8000, 0x8000, 0x8000, 
        0x8000, 0x8000, 0x8000, 0x8000, 0x8000, 0x8000, 0x8400, 0x8400, 0x0000, 0x0000, 0x0000, 0x0000, 0x0000, 0x0000, 0x0000, 0x0000, 
        0x0000, 0x0000, 0x0000, 0x0000, 0x0000, 0x0000, 0x8821, 0x8421, 0x8420, 0x8420, 0x8000, 0x8000, 0x8000, 0x8000, 0x8000, 0x8000, 
        0x8000, 0x8000, 0x8000, 0x8000, 0x8000, 0x8000, 0x8400, 0x8420, 0x0000, 0x0000, 0x0000, 0x0000, 0x0000, 0x0000, 0x0000, 0x0000, 
        0x0000, 0x0000, 0x0000, 0x0000, 0x0000, 0x0000, 0x8421, 0x8421, 0x8421, 0x8400, 0x8000, 0x8000, 0x8000, 0x8000, 0x8000, 0x8000, 
        0x8000, 0x8000, 0x8000, 0x8000, 0x8000, 0x8000, 0x8400, 0x8400, 0x0000, 0x0000, 0x0000, 0x0000, 0x0000, 0x0000, 0x0000, 0x0000, 
        0x0000, 0x0000, 0x0000, 0x0000, 0x0000, 0x0000, 0x8421, 0x8400, 0x8420, 0x8420, 0x8000, 0x8000, 0x8000, 0x8000, 0x8000, 0x8000, 
        0x8000, 0x8000, 0x8000, 0x8000, 0x8000, 0x8000, 0x8400, 0x8420, 0x0000, 0x0000, 0x0000, 0x0000, 0x0000, 0x0000, 0x0000, 0x0000, 
        0x0000, 0x0000, 0x0000, 0x0000, 0x0000, 0x0000, 0x8400, 0x8400, 0x8420, 0x8420, 0x8000, 0x8000, 0x8000, 0x8000, 0x8000, 0x8000, 
        0x8000, 0x8000, 0x8000, 0x8000, 0x8000, 0x8000, 0x8000, 0x8000, 0x0000, 0x0000, 0x0000, 0x0000, 0x0000, 0x0000, 0x0000, 0x0000, 
        0x0000, 0x0000, 0x0000, 0x0000, 0x0000, 0x0000, 0x8000, 0x8400, 0x8421, 0x8420, 0x8000, 0x8000, 0x8000, 0x8000, 0x8000, 0x8000, 
        0x8000, 0x8000, 0x8000, 0x8000, 0x8000, 0x8000, 0x8000, 0x8000, 0x0000, 0x0000, 0x0000, 0x0000, 0x0000, 0x0000, 0x0000, 0x0000, 
        },
    // P00_broken_pillar.png
    {
        0x0000, 0x0000, 0x0000, 0x0000, 0x0000, 0x0000, 0x0000, 0x0000, 0x0000, 0x0000, 0x0000, 0x0000, 0x0000, 0x0000, 0x0000, 0x0000, 
        0x0000, 0x0000, 0x0000, 0x0000, 0x0000, 0x0000, 0x0000, 0x0000, 0x0000, 0x0000, 0x0000, 0x0000, 0x0000, 0x0000, 0x0000, 0x0000, 
        0x0000, 0x0000, 0x0000, 0x0000, 0x0000, 0x0000, 0x0000, 0x0000, 0x0000, 0x0000, 0x0000, 0x0000, 0x0000, 0x0000, 0x0000, 0x0000, 
        0x0000, 0x0000, 0x0000, 0x0000, 0x0000, 0x0000, 0x0000, 0x0000, 0x0000, 0x0000, 0x0000, 0x0000, 0x0000, 0x0000, 0x0000, 0x0000, 
        0x0000, 0x0000, 0x0000, 0x0000, 0x0000, 0x0000, 0x0000, 0x0000, 0x0000, 0x0000, 0x0000, 0x0000, 0x0000, 0x0000, 0x0000, 0x0000, 
        0x0000, 0x0000, 0x0000, 0x0000, 0x0000, 0x0000, 0x0000, 0x0000, 0x0000, 0x0000, 0x0000, 0x0000, 0x0000, 0x0000, 0x0000, 0x0000, 
        0x0000, 0x0000, 0x0000, 0x0000, 0x0000, 0x0000, 0x0000, 0x0000, 0x0000, 0x0000, 0x0000, 0x0000, 0x0000, 0x0000, 0x0000, 0x0000, 
        0x0000, 0x0000, 0x0000, 0x0000, 0x0000, 0x0000, 0x0000, 0x0000, 0x0000, 0x0000, 0x0000, 0x0000, 0x0000, 0x0000, 0x0000, 0x0000, 
        0x0000, 0x0000, 0x0000, 0x0000, 0x0000, 0x0000, 0x0000, 0x0000, 0x0000, 0x0000, 0x0000, 0x0000, 0x0000, 0x0000, 0x0000, 0x0000, 
        0x0000, 0x0000, 0x0000, 0x0000, 0x0000, 0x0000, 0x0000, 0x0000, 0x0000, 0x0000, 0x0000, 0x0000, 0x0000, 0x0000, 0x0000, 0x0000, 
        0x0000, 0x0000, 0x0000, 0x0000, 0x0000, 0x0000, 0x0000, 0x0000, 0x0000, 0x0000, 0x0000, 0x0000, 0x0000, 0x0000, 0x0000, 0x0000, 
        0x0000, 0x0000, 0x0000, 0x0000, 0x0000, 0x0000, 0x0000, 0x0000, 0x0000, 0x0000, 0x0000, 0x0000, 0x0000, 0x0000, 0x0000, 0x0000, 
        0x0000, 0x0000, 0x0000, 0x0000, 0x0000, 0x0000, 0x0000, 0x0000, 0x0000, 0x0000, 0x0000, 0x0000, 0x0000, 0x0000, 0x0000, 0x0000, 
        0x0000, 0x0000, 0x0000, 0x0000, 0x0000, 0x0000, 0x0000, 0x0000, 0x0000, 0x0000, 0x0000, 0x0000, 0x0000, 0x0000, 0x0000, 0x0000, 
        0x0000, 0x0000, 0x0000, 0x0000, 0x0000, 0x0000, 0x0000, 0x0000, 0x0000, 0x0000, 0x0000, 0x0000, 0x0000, 0x0000, 0x0000, 0x0000, 
        0x0000, 0x0000, 0x0000, 0x0000, 0x0000, 0x0000, 0x0000, 0x0000, 0x0000, 0x0000, 0x0000, 0x0000, 0x0000, 0x0000, 0x0000, 0x0000, 
        0x0000, 0x0000, 0x0000, 0x0000, 0x0000, 0x0000, 0x0000, 0x0000, 0xA508, 0xAD49, 0x0000, 0x0000, 0xAD6A, 0xB5AC, 0xBDCD, 0xC1EE, 
        0xC1EF, 0xC1EE, 0xBDCD, 0xBDAD, 0x0000, 0x0000, 0xBDCE, 0xB58A, 0x0000, 0x0000, 0x0000, 0x0000, 0x0000, 0x0000, 0x0000, 0x0000, 
        0x0000, 0x0000, 0x0000, 0x0000, 0x0000, 0x0000, 0x0000, 0x0000, 0xCA30, 0xD251, 0xCE51, 0xD252, 0xD673, 0xCE51, 0xD673, 0xD252, 
        0xD252, 0xD252, 0xD252, 0xD251, 0xD251, 0xD673, 0xCE31, 0xD251, 0x0000, 0x0000, 0x0000, 0x0000, 0x0000, 0x0000, 0x0000, 0x0000, 
        0x0000, 0x0000, 0x0000, 0x0000, 0x0000, 0x0000, 0x0000, 0xA929, 0xD252, 0xD272, 0xD673, 0xD673, 0xD252, 0xD252, 0xD252, 0xD272, 
        0xD252, 0xD252, 0xD252, 0xD252, 0xD252, 0xD252, 0xD252, 0xD252, 0xA929, 0x0000, 0x0000, 0x0000, 0x0000, 0x0000, 0x0000, 0x0000, 
        0x0000, 0x0000, 0x0000, 0x0000, 0x0000, 0x0000, 0x0000, 0x0000, 0xCE30, 0xD272, 0xD672, 0xD272, 0xD272, 0xD272, 0xD272, 0xD272, 
        0xD272, 0xD272, 0xD272, 0xD272, 0xD252, 0xD272, 0xD252, 0xD251, 0xAD49, 0x0000, 0x0000, 0x0000, 0x0000, 0x0000, 0x0000, 0x0000, 
        0x0000, 0x0000, 0x0000, 0x0000, 0x0000, 0x0000, 0x0000, 0xA0E7, 0xCE30, 0xD252, 0xD272, 0xD272, 0xD272, 0xD252, 0xD272, 0xD272, 
        0xD272, 0xD272, 0xD272, 0xD252, 0xD252, 0xD252, 0xD252, 0xCE51, 0x0000, 0x0000, 0x0000, 0x0000, 0x0000, 0x0000, 0x0000, 0x0000, 
        0x0000, 0x0000, 0x0000, 0x0000, 0x0000, 0x0000, 0x0000, 0x0000, 0xCE31, 0xCE52, 0xD252, 0xD252, 0xD252, 0xD252, 0xD252, 0xD252, 
        0xD252, 0xD252, 0xD252, 0xD252, 0xD252, 0xD252, 0xD252, 0xCE51, 0xB14A, 0x0000, 0x0000, 0x0000, 0x0000, 0x0000, 0x0000, 0x0000, 
        0x0000, 0x0000, 0x0000, 0x0000, 0x0000, 0x0000, 0x0000, 0x0000, 0xCE31, 0xCE52, 0xD252, 0xD252, 0xD252, 0xD252, 0xD252, 0xD252, 
        0xD252, 0xD252, 0xD252, 0xD252, 0xD252, 0xD272, 0xD272, 0xD251, 0xAD29, 0x0000, 0x0000, 0x0000, 0x0000, 0x0000, 0x0000, 0x0000, 
        0x0000, 0x0000, 0x0000, 0x0000, 0x0000, 0x0000, 0x0000, 0x0000, 0xCA10, 0xD252, 0xD252, 0xD252, 0xD252, 0xD252, 0xD252, 0xD252, 
        0xD252, 0xD252, 0xD252, 0xD252, 0xD252, 0xD252, 0xCE52, 0xCE51, 0x0000, 0x0000, 0x0000, 0x0000, 0x0000, 0x0000, 0x0000, 0x0000, 
        0x0000, 0x0000, 0x0000, 0x0000, 0x0000, 0x0000, 0x0000, 0x0000, 0xCE31, 0xCE52, 0xD252, 0xD252, 0xD252, 0xD252, 0xD252, 0xD252, 
        0xD252, 0xD252, 0xD252, 0xD252, 0xD252, 0xD252, 0xCE52, 0xCE31, 0x0000, 0x0000, 0x0000, 0x0000, 0x0000, 0x0000, 0x0000, 0x0000, 
        0x0000, 0x0000, 0x0000, 0x0000, 0x0000, 0x0000, 0x0000, 0x0000, 0xCE31, 0xCE52, 0xD252, 0xD252, 0xD252, 0xD252, 0xD252, 0xD252, 
        0xD252, 0xD252, 0xD252, 0xD252, 0xD252, 0xD252, 0xCE31, 0xCE31, 0x0000, 0x0000, 0x0000, 0x0000, 0x0000, 0x0000, 0x0000, 0x0000, 
        0x0000, 0x0000, 0x0000, 0x0000, 0x0000, 0x0000, 0x0000, 0xA0E7, 0xCA31, 0xCE52, 0xD252, 0xD252, 0xD252, 0xD251, 0xD252, 0xD252, 
        0xD252, 0xD252, 0xD252, 0xCE52, 0xD252, 0xD252, 0xCE51, 0xCE31, 0x0000, 0x0000, 0x0000, 0x0000, 0x0000, 0x0000, 0x0000, 0x0000, 
        0x0000, 0x0000, 0x0000, 0x0000, 0x0000, 0x0000, 0x0000, 0x0000, 0xC60F, 0xCE52, 0xD252, 0xCE52, 0xD252, 0xD251, 0xD251, 0xD252, 
        0xD252, 0xD252, 0xD252, 0xCE51, 0xD251, 0xD252, 0xCE31, 0xCE31, 0xA0E7, 0x0000, 0x0000, 0x0000, 0x0000, 0x0000, 0x0000, 0x0000, 
        0x0000, 0x0000, 0x0000, 0x0000, 0x0000, 0x0000, 0x0000, 0x0000, 0xCA10, 0xCE31, 0xCE51, 0xD252, 0xD252, 0xD251, 0xD252, 0xD252, 
        0xD252, 0xD252, 0xD252, 0xCE51, 0xD251, 0xD252, 0xCE31, 0xCE51, 0x0000, 0x0000, 0x0000, 0x0000, 0x0000, 0x0000, 0x0000, 0x0000, 
        0x0000, 0x0000, 0x0000, 0x0000, 0x0000, 0x0000, 0x0000, 0xA107, 0xC1EE, 0xCA10, 0xCA30, 0xCE31, 0xCE31, 0xCE30, 0xCE10, 0xCE30, 
        0xCE31, 0xCE31, 0xCE31, 0xCE30, 0xCA30, 0xCA10, 0xC9EF, 0xC1CD, 0x0000, 0x0000, 0x0000, 0x0000, 0x0000, 0x0000, 0x0000, 0x0000, 
        0x0000, 0x0000, 0x0000, 0x0000, 0x0000, 0x0000, 0x0000, 0x0000, 0xB14A, 0xB18B, 0xB5AC, 0xB5AB, 0xB18B, 0xB18B, 0xB18B, 0xB18B, 
        0xB18B, 0xB58C, 0xB9AC, 0xB5AC, 0xB58C, 0xB56B, 0xAD49, 0xAD28, 0x0000, 0x0000, 0x0000, 0x0000, 0x0000, 0x0000, 0x0000, 0x0000, 
        0x0000, 0x0000, 0x0000, 0x0000, 0x0000, 0x0000, 0x0000, 0x0000, 0x8C43, 0x8842, 0x8842, 0x8421, 0x8421, 0x8000, 0x8000, 0x8000, 
        0x8000, 0x8000, 0x8421, 0x8421, 0x8821, 0x8842, 0x8842, 0x9063, 0x0000, 0x0000, 0x0000, 0x0000, 0x0000, 0x0000, 0x0000, 0x0000, 
        0x0000, 0x0000, 0x0000, 0x0000, 0x0000, 0x0000, 0x0000, 0x0000, 0x8000, 0x8000, 0x8000, 0x8000, 0x8000, 0x8000, 0x8000, 0x8000, 
        0x8000, 0x8000, 0x8000, 0x8000, 0x8000, 0x8000, 0x8000, 0x8000, 0x8000, 0x0000, 0x0000, 0x0000, 0x0000, 0x0000, 0x0000, 0x0000, 
        0x0000, 0x0000, 0x0000, 0x0000, 0x0000, 0x0000, 0x0000, 0x0000, 0x8000, 0x8000, 0x8000, 0x8000, 0x8000, 0x8000, 0x8000, 0x8000, 
        0x8000, 0x8000, 0x8000, 0x8000, 0x8000, 0x8000, 0x8000, 0x8000, 0x8000, 0x0000, 0x0000, 0x0000, 0x0000, 0x0000, 0x0000, 0x0000, 
        0x0000, 0x0000, 0x0000, 0x0000, 0x0000, 0x0000, 0x0000, 0x0000, 0x8000, 0x8000, 0x8000, 0x8000, 0x8000, 0x8000, 0x8000, 0x8000, 
        0x8000, 0x8000, 0x8000, 0x8000, 0x8000, 0x8000, 0x8000, 0x8000, 0x0000, 0x0000, 0x0000, 0x0000, 0x0000, 0x0000, 0x0000, 0x0000, 
        0x0000, 0x0000, 0x0000, 0x0000, 0x0000, 0x0000, 0x0000, 0x0000, 0x8000, 0x8000, 0x8000, 0x8000, 0x8000, 0x8000, 0x8000, 0x8000, 
        0x8000, 0x8000, 0x8000, 0x8000, 0x8000, 0x8000, 0x8000, 0x8000, 0x0000, 0x0000, 0x0000, 0x0000, 0x0000, 0x0000, 0x0000, 0x0000, 
        0x0000, 0x0000, 0x0000, 0x0000, 0x0000, 0x0000, 0x0000, 0x0000, 0x8000, 0x8000, 0x8000, 0x8000, 0x8000, 0x8000, 0x8000, 0x8000, 
        0x8000, 0x8000, 0x8000, 0x8000, 0x8000, 0x8000, 0x8000, 0x8000, 0x0000, 0x0000, 0x0000, 0x0000, 0x0000, 0x0000, 0x0000, 0x0000, 
        0x0000, 0x0000, 0x0000, 0x0000, 0x0000, 0x0000, 0x0000, 0x8000, 0x8000, 0x8000, 0x8000, 0x8000, 0x8000, 0x8000, 0x8000, 0x8000, 
        0x8000, 0x8000, 0x8000, 0x8000, 0x8000, 0x8000, 0x8000, 0x8000, 0x0000, 0x0000, 0x0000, 0x0000, 0x0000, 0x0000, 0x0000, 0x0000, 
        0x0000, 0x0000, 0x0000, 0x0000, 0x0000, 0x0000, 0x0000, 0x0000, 0x8000, 0x8000, 0x8000, 0x8000, 0x8000, 0x8000, 0x8000, 0x8000, 
        0x8000, 0x8000, 0x8000, 0x8000, 0x8000, 0x8000, 0x8000, 0x8000, 0x8000, 0x0000, 0x0000, 0x0000, 0x0000, 0x0000, 0x0000, 0x0000, 
        0x0000, 0x0000, 0x0000, 0x0000, 0x0000, 0x0000, 0x0000, 0x8000, 0x8000, 0x8000, 0x8000, 0x8000, 0x8000, 0x8000, 0x8000, 0x8000, 
        0x8000, 0x8000, 0x8000, 0x8000, 0x8000, 0x8000, 0x8000, 0x8000, 0x0000, 0x0000, 0x0000, 0x0000, 0x0000, 0x0000, 0x0000, 0x0000, 
        0x0000, 0x0000, 0x0000, 0x0000, 0x0000, 0x0000, 0x0000, 0x8000, 0x8000, 0x8000, 0x8000, 0x8000, 0x8000, 0x8000, 0x8000, 0x8000, 
        0x8000, 0x8000, 0x8000, 0x8000, 0x8000, 0x8000, 0x8000, 0x8000, 0x0000, 0x0000, 0x0000, 0x0000, 0x0000, 0x0000, 0x0000, 0x0000, 
        0x0000, 0x0000, 0x0000, 0x0000, 0x0000, 0x0000, 0x0000, 0x0000, 0x8000, 0x8000, 0x8000, 0x8000, 0x8000, 0x8000, 0x8000, 0x8000, 
        0x8000, 0x8000, 0x8000, 0x8000, 0x8000, 0x8000, 0x8000, 0x8000, 0x0000, 0x0000, 0x0000, 0x0000, 0x0000, 0x0000, 0x0000, 0x0000, 
        0x0000, 0x0000, 0x0000, 0x0000, 0x0000, 0x0000, 0x0000, 0x0000, 0x8000, 0x8000, 0x8000, 0x8000, 0x8000, 0x8000, 0x8000, 0x8000, 
        0x8000, 0x8000, 0x8000, 0x8000, 0x8000, 0x8000, 0x8000, 0x8000, 0x8000, 0x0000, 0x0000, 0x0000, 0x0000, 0x0000, 0x0000, 0x0000, 
        0x0000, 0x0000, 0x0000, 0x0000, 0x0000, 0x0000, 0x0000, 0x8000, 0x8000, 0x8000, 0x8000, 0x8000, 0x8000, 0x8000, 0x8000, 0x8000, 
        0x8000, 0x8000, 0x8000, 0x8000, 0x8000, 0x8000, 0x8000, 0x8000, 0x0000, 0x0000, 0x0000, 0x0000, 0x0000, 0x0000, 0x0000, 0x0000, 
        0x0000, 0x0000, 0x0000, 0x0000, 0x0000, 0x0000, 0x0000, 0x0000, 0x8000, 0x8000, 0x8000, 0x8000, 0x8000, 0x8000, 0x8000, 0x8000, 
        0x8000, 0x8000, 0x8000, 0x8000, 0x8000, 0x8000, 0x8000, 0x8000, 0x0000, 0x0000, 0x0000, 0x0000, 0x0000, 0x0000, 0x0000, 0x0000, 
        0x0000, 0x0000, 0x0000, 0x0000, 0x0000, 0x0000, 0x0000, 0x0000, 0x8000, 0x8000, 0x8000, 0x8000, 0x8000, 0x8000, 0x8000, 0x8000, 
        0x8000, 0x8000, 0x8000, 0x8000, 0x8000, 0x8000, 0x8000, 0x8000, 0x0000, 0x0000, 0x0000, 0x0000, 0x0000, 0x0000, 0x0000, 0x0000, 
        0x0000, 0x0000, 0x0000, 0x0000, 0x0000, 0x0000, 0x0000, 0x0000, 0x8000, 0x8000, 0x8000, 0x8000, 0x8000, 0x8000, 0x8000, 0x8000, 
        0x8000, 0x8000, 0x8000, 0x8000, 0x8000, 0x8000, 0x8000, 0x8421, 0x0000, 0x0000, 0x0000, 0x0000, 0x0000, 0x0000, 0x0000, 0x0000, 
        0x0000, 0x0000, 0x0000, 0x0000, 0x0000, 0x0000, 0x0000, 0x0000, 0x8000, 0x0000, 0x0000, 0x0000, 0x0000, 0x0000, 0x0000, 0x8000, 
        0x0000, 0x0000, 0x0000, 0x0000, 0x0000, 0x0000, 0x0000, 0x8000, 0x0000, 0x0000, 0x0000, 0x0000, 0x0000, 0x0000, 0x0000, 0x0000, 
        0x0000, 0x0000, 0x0000, 0x0000, 0x0000, 0x0000, 0x0000, 0x0000, 0x0000, 0x0000, 0x0000, 0x0000, 0x0000, 0x0000, 0x0000, 0x0000, 
        0x0000, 0x0000, 0x0000, 0x0000, 0x0000, 0x0000, 0x0000, 0x0000, 0x0000, 0x0000, 0x0000, 0x0000, 0x0000, 0x0000, 0x0000, 0x0000, 
        0x0000, 0x0000, 0x0000, 0x0000, 0x0000, 0x0000, 0x0000, 0x0000, 0x0000, 0x0000, 0x0000, 0x0000, 0x0000, 0x0000, 0x0000, 0x0000, 
        0x0000, 0x0000, 0x0000, 0x0000, 0x0000, 0x0000, 0x0000, 0x0000, 0x0000, 0x0000, 0x0000, 0x0000, 0x0000, 0x0000, 0x0000, 0x0000, 
        0x0000, 0x0000, 0x0000, 0x0000, 0x0000, 0x0000, 0x0000, 0x0000, 0x0000, 0x0000, 0x0000, 0x0000, 0x0000, 0x0000, 0x0000, 0x0000, 
        0x0000, 0x0000, 0x0000, 0x0000, 0x0000, 0x0000, 0x0000, 0x0000, 0x0000, 0x0000, 0x0000, 0x0000, 0x0000, 0x0000, 0x0000, 0x0000, 
        0x0000, 0x0000, 0x0000, 0x0000, 0x0000, 0x0000, 0x0000, 0x0000, 0x0000, 0x0000, 0x0000, 0x0000, 0x0000, 0x0000, 0x0000, 0x0000, 
        0x0000, 0x0000, 0x0000, 0x0000, 0x0000, 0x0000, 0x0000, 0x0000, 0x0000, 0x0000, 0x0000, 0x0000, 0x0000, 0x0000, 0x0000, 0x0000, 
        0x0000, 0x0000, 0x0000, 0x0000, 0x0000, 0x0000, 0x0000, 0x0000, 0x0000, 0x0000, 0x0000, 0x0000, 0x0000, 0x0000, 0x0000, 0x0000, 
        0x0000, 0x0000, 0x0000, 0x0000, 0x0000, 0x0000, 0x0000, 0x0000, 0x0000, 0x0000, 0x0000, 0x0000, 0x0000, 0x0000, 0x0000, 0x0000, 
        0x0000, 0x0000, 0x0000, 0x0000, 0x0000, 0x0000, 0x0000, 0x0000, 0x0000, 0x0000, 0x0000, 0x0000, 0x0000, 0x0000, 0x0000, 0x0000, 
        0x0000, 0x0000, 0x0000, 0x0000, 0x0000, 0x0000, 0x0000, 0x0000, 0x0000, 0x0000, 0x0000, 0x0000, 0x0000, 0x0000, 0x0000, 0x0000, 
        0x0000, 0x0000, 0x0000, 0x0000, 0x0000, 0x0000, 0x0000, 0x0000, 0x0000, 0x0000, 0x0000, 0x0000, 0x0000, 0x0000, 0x0000, 0x0000, 
        0x0000, 0x0000, 0x0000, 0x0000, 0x0000, 0x0000, 0x0000, 0x0000, 0x0000, 0x0000, 0x0000, 0x0000, 0x0000, 0x0000, 0x0000, 0x0000, 
        0x0000, 0x0000, 0x0000, 0x0000, 0x0000, 0x0000, 0x0000, 0x0000, 0x0000, 0x0000, 0x0000, 0x0000, 0x0000, 0x0000, 0x0000, 0x0000, 
        0x0000, 0x0000, 0x0000, 0x0000, 0x0000, 0x0000, 0x0000, 0x0000, 0x0000, 0x0000, 0x0000, 0x0000, 0x0000, 0x0000, 0x0000, 0x0000, 
        },
    // P01_soul_pillar.png
    {
        0x0000, 0x0000, 0x0000, 0x0000, 0x0000, 0x0000, 0x0000, 0x0000, 0xCE30, 0xCA31, 0xBDCD, 0xC5EE, 0xC60F, 0xB58B, 0x0000, 0xB9AC, 
        0xBDCD, 0xC5EF, 0xBDCD, 0xC1CE, 0xCE52, 0xCE30, 0x0000, 0x0000, 0x0000, 0x0000, 0x0000, 0x0000, 0x0000, 0x0000, 0x0000, 0x0000, 
        0x0000, 0x0000, 0x0000, 0x0000, 0x0000, 0x0000, 0x0000, 0x9484, 0xD252, 0xD272, 0xD251, 0xD252, 0xD251, 0xCE31, 0xD252, 0xD251, 
        0xCE31, 0xD252, 0xCE31, 0xCE51, 0xCE51, 0xD252, 0xD272, 0xC1ED, 0x0000, 0x0000, 0x0000, 0x0000, 0x0000, 0x0000, 0x0000, 0x0000, 
        0x0000, 0x0000, 0x0000, 0x0000, 0x0000, 0x0000, 0x0000, 0x98A5, 0xD252, 0xD672, 0xD672, 0xD252, 0xD252, 0xD672, 0xD272, 0xD272, 
        0xD272, 0xD272, 0xD272, 0xD252, 0xD272, 0xD672, 0xD252, 0xCE10, 0x9484, 0x0000, 0x0000, 0x0000, 0x0000, 0x0000, 0x0000, 0x0000, 
        0x0000, 0x0000, 0x0000, 0x0000, 0x0000, 0x0000, 0x0000, 0x0000, 0xCE51, 0xD272, 0xD672, 0xD272, 0xD252, 0xD272, 0xD272, 0xD272, 
        0xD272, 0xD272, 0xD272, 0xD272, 0xD272, 0xD252, 0xD252, 0xCE10, 0x0000, 0x0000, 0x0000, 0x0000, 0x0000, 0x0000, 0x0000, 0x0000, 
        0x0000, 0x0000, 0x0000, 0x0000, 0x0000, 0x0000, 0x0000, 0x0000, 0xCE31, 0xD252, 0xD272, 0xD272, 0xD272, 0xD252, 0xD252, 0xD252, 
        0xD252, 0xD272, 0xD272, 0xD272, 0xD272, 0xD252, 0xD252, 0xCA0F, 0x0000, 0x0000, 0x0000, 0x0000, 0x0000, 0x0000, 0x0000, 0x0000, 
        0x0000, 0x0000, 0x0000, 0x0000, 0x0000, 0x0000, 0x0000, 0x0000, 0xCA10, 0xD252, 0xD252, 0xD252, 0xD252, 0xD252, 0xD252, 0xD252, 
        0xD252, 0xD252, 0xD252, 0xD272, 0xD272, 0xD252, 0xD252, 0xCE10, 0x0000, 0x0000, 0x0000, 0x0000, 0x0000, 0x0000, 0x0000, 0x0000, 
        0x0000, 0x0000, 0x0000, 0x0000, 0x0000, 0x0000, 0x0000, 0x0000, 0xCE31, 0xCE52, 0xD252, 0xD252, 0xD252, 0xD252, 0xD252, 0xD252, 
        0xD252, 0xD252, 0xD252, 0xD272, 0xD272, 0xD252, 0xD252, 0xCA10, 0x9083, 0x0000, 0x0000, 0x0000, 0x0000, 0x0000, 0x0000, 0x0000, 
        0x0000, 0x0000, 0x0000, 0x0000, 0x0000, 0x0000, 0x0000, 0x0000, 0xCE31, 0xD252, 0xD252, 0xD252, 0xD252, 0xD252, 0xD252, 0xD252, 
        0xD252, 0xD252, 0xD252, 0xD252, 0xD272, 0xD252, 0xD252, 0xCE30, 0x0000, 0x0000, 0x0000, 0x0000, 0x0000, 0x0000, 0x0000, 0x0000, 
        0x0000, 0x0000, 0x0000, 0x0000, 0x0000, 0x0000, 0x0000, 0xA0E7, 0xCE31, 0xD252, 0xD252, 0xD252, 0xD252, 0xD252, 0xD252, 0xD252, 
        0xD252, 0xD252, 0xD252, 0xD252, 0xD252, 0xD252, 0xD252, 0xCE30, 0x0000, 0x0000, 0x0000, 0x0000, 0x0000, 0x0000, 0x0000, 0x0000, 
        0x0000, 0x0000, 0x0000, 0x0000, 0x0000, 0x0000, 0x0000, 0x0000, 0xCA10, 0xD252, 0xD252, 0xD252, 0xD252, 0xD252, 0xD252, 0xD252, 
        0xD252, 0xD252, 0xD252, 0xD252, 0xD252, 0xD252, 0xD252, 0xCE30, 0x0000, 0x0000, 0x0000, 0x0000, 0x0000, 0x0000, 0x0000, 0x0000, 
        0x0000, 0x0000, 0x0000, 0x0000, 0x0000, 0x0000, 0x0000, 0xA508, 0xCE31, 0xD252, 0xD252, 0xD252, 0xD252, 0xD252, 0xD252, 0xD252, 
        0xD252, 0xD252, 0xD252, 0xD252, 0xD252, 0xD252, 0xD252, 0xCE31, 0x9CC5, 0x0000, 0x0000, 0x0000, 0x0000, 0x0000, 0x0000, 0x0000, 
        0x0000, 0x0000, 0x0000, 0x0000, 0x0000, 0x0000, 0x0000, 0x0000, 0xC5EF, 0xCE51, 0xD252, 0xD252, 0xD252, 0xD252, 0xD252, 0xD252, 
        0xD252, 0xD252, 0xD252, 0xD252, 0xD252, 0xD252, 0xD252, 0xCE31, 0xA0E7, 0x0000, 0x0000, 0x0000, 0x0000, 0x0000, 0x0000, 0x0000, 
        0x0000, 0x0000, 0x0000, 0x0000, 0x0000, 0x0000, 0x0000, 0xA509, 0xC610, 0xCE52, 0xD252, 0xD252, 0xD252, 0xD252, 0xD252, 0xD252, 
        0xD252, 0xD252, 0xD252, 0xD252, 0xD252, 0xD252, 0xCE51, 0xC60F, 0x0000, 0x0000, 0x0000, 0x0000, 0x0000, 0x0000, 0x0000, 0x0000, 
        0x0000, 0x0000, 0x0000, 0x0000, 0x0000, 0x0000, 0x0000, 0x0000, 0xC1CF, 0xCA10, 0xCA10, 0xCA30, 0xCA30, 0xCA10, 0xCE30, 0xCE30, 
        0xCE30, 0xCE30, 0xCE31, 0xCE31, 0xCE31, 0xCA30, 0xCA10, 0xC5CE, 0xA908, 0x0000, 0x0000, 0x0000, 0x0000, 0x0000, 0x0000, 0x0000, 
        0x0000, 0x0000, 0x0000, 0x0000, 0x0000, 0x0000, 0x0000, 0x0000, 0x9CC6, 0xA908, 0xA508, 0xA507, 0xA0E7, 0xA0E6, 0xA0E7, 0xA4E7, 
        0xA4E7, 0xA908, 0xAD28, 0xAD29, 0xAD29, 0xAD29, 0xA929, 0xA908, 0x98A5, 0x0000, 0x0000, 0x0000, 0x0000, 0x0000, 0x0000, 0x0000, 
        0x0000, 0x0000, 0x0000, 0x0000, 0x0000, 0x0000, 0x0000, 0x0000, 0x8421, 0x8842, 0x8C42, 0x8421, 0x8000, 0x8000, 0x8000, 0x8000, 
        0x8000, 0x8000, 0x8000, 0x8400, 0x8421, 0x8841, 0x8C62, 0x8C63, 0x0000, 0x0000, 0x0000, 0x0000, 0x0000, 0x0000, 0x0000, 0x0000, 
        0x0000, 0x0000, 0x0000, 0x0000, 0x0000, 0x0000, 0x0000, 0x0000, 0x0000, 0x0000, 0x0000, 0x8000, 0x8000, 0x8000, 0x8000, 0x8000, 
        0x8000, 0x8000, 0x8000, 0x8000, 0x8000, 0x0000, 0x0000, 0x0000, 0x0000, 0x0000, 0x0000, 0x0000, 0x0000, 0x0000, 0x0000, 0x0000, 
        0x0000, 0x0000, 0x0000, 0x0000, 0x0000, 0x0000, 0x0000, 0x0000, 0x0000, 0x0000, 0x0000, 0x8000, 0x8000, 0x8000, 0x8000, 0x8000, 
        0x8000, 0x8000, 0x8000, 0x8000, 0x8000, 0x0000, 0x0000, 0x0000, 0x0000, 0x0000, 0x0000, 0x0000, 0x0000, 0x0000, 0x0000, 0x0000, 
        0x0000, 0x0000, 0x0000, 0x0000, 0x0000, 0x0000, 0x0000, 0x0000, 0x0000, 0x0000, 0x0000, 0x8000, 0x8000, 0x8000, 0x8000, 0x8000, 
        0x8000, 0x8000, 0x8000, 0x8000, 0x8000, 0x0000, 0x0000, 0x0000, 0x0000, 0x0000, 0x0000, 0x0000, 0x0000, 0x0000, 0x0000, 0x0000, 
        0x0000, 0x0000, 0x0000, 0x0000, 0x0000, 0x0000, 0x0000, 0x0000, 0x0000, 0x0000, 0x0000, 0x8000, 0x8000, 0x8000, 0x8000, 0x8000, 
        0x8000, 0x8000, 0x8000, 0x8000, 0x8420, 0x0000, 0x0000, 0x0000, 0x0000, 0x0000, 0x0000, 0x0000, 0x0000, 0x0000, 0x0000, 0x0000, 
        0x0000, 0x0000, 0x0000, 0x0000, 0x0000, 0x0000, 0x0000, 0x0000, 0x0000, 0x0000, 0x0000, 0x8000, 0x8000, 0x8000, 0x8000, 0x8000, 
        0x8000, 0x8000, 0x8000, 0x8000, 0x8400, 0x0000, 0x0000, 0x0000, 0x0000, 0x0000, 0x0000, 0x0000, 0x0000, 0x0000, 0x0000, 0x0000, 
        0x0000, 0x0000, 0x0000, 0x0000, 0x0000, 0x0000, 0x0000, 0x0000, 0x0000, 0x0000, 0x0000, 0x8000, 0x8020, 0x8000, 0x8420, 0x8841, 
        0x8841, 0x8420, 0x8000, 0x8420, 0x8420, 0x0000, 0x0000, 0x0000, 0x0000, 0x0000, 0x0000, 0x0000, 0x0000, 0x0000, 0x0000, 0x0000, 
        0x0000, 0x0000, 0x0000, 0x0000, 0x0000, 0x0000, 0x0000, 0x0000, 0x0000, 0x0000, 0x0000, 0x8000, 0x8420, 0x8841, 0xA546, 0xC24C, 
        0xC64D, 0xA105, 0x8841, 0x8420, 0x8420, 0x0000, 0x0000, 0x0000, 0x0000, 0x0000, 0x0000, 0x0000, 0x0000, 0x0000, 0x0000, 0x0000, 
        0x0000, 0x0000, 0x0000, 0x0000, 0x0000, 0x0000, 0x0000, 0x0000, 0x0000, 0x0000, 0x0000, 0x8420, 0x8C61, 0xB5C9, 0xDF14, 0xDF14, 
        0xDF14, 0xD6D1, 0xAD87, 0x8841, 0x8840, 0x0000, 0x0000, 0x0000, 0x0000, 0x0000, 0x0000, 0x0000, 0x0000, 0x0000, 0x0000, 0x0000, 
        0x0000, 0x0000, 0x0000, 0x0000, 0x0000, 0x0000, 0x0000, 0x0000, 0x0000, 0x0000, 0x0000, 0x8420, 0x98E4, 0xD6F2, 0xDF14, 0xDF14, 
        0xDF14, 0xE314, 0xDAF2, 0xA525, 0x8C61, 0x0000, 0x0000, 0x0000, 0x0000, 0x0000, 0x0000, 0x0000, 0x0000, 0x0000, 0x0000, 0x0000, 
        0x0000, 0x0000, 0x0000, 0x0000, 0x0000, 0x0000, 0x0000, 0x0000, 0x0000, 0x0000, 0x0000, 0x8841, 0xA546, 0xDAF2, 0xDAF3, 0xDF14, 
        0xDF14, 0xDF14, 0xE314, 0xCA6D, 0x9082, 0x0000, 0x0000, 0x0000, 0x0000, 0x0000, 0x0000, 0x0000, 0x0000, 0x0000, 0x0000, 0x0000, 
        0x0000, 0x0000, 0x0000, 0x0000, 0x0000, 0x0000, 0x0000, 0x0000, 0x0000, 0x0000, 0x0000, 0x8841, 0xAD68, 0xDAF2, 0xDEF4, 0xDF14, 
        0xDF14, 0xDF14, 0xDF14, 0xDAF2, 0xA126, 0x0000, 0x0000, 0x0000, 0x0000, 0x0000, 0x0000, 0x0000, 0x0000, 0x0000, 0x0000, 0x0000, 
        0x0000, 0x0000, 0x0000, 0x0000, 0x0000, 0x0000, 0x0000, 0x0000, 0x8421, 0x8000, 0x8000, 0x8421, 0xAD88, 0xDAF3, 0xDF14, 0xDF14, 
        0xDF14, 0xDF14, 0xDEF4, 0xDAF3, 0xA125, 0x8000, 0x8000, 0x8000, 0x0000, 0x0000, 0x0000, 0x0000, 0x0000, 0x0000, 0x0000, 0x0000, 
        0x0000, 0x0000, 0x0000, 0x0000, 0x0000, 0x0000, 0x0000, 0x0000, 0x8000, 0x8000, 0x8000, 0x8000, 0xB5C9, 0xDF14, 0xDF14, 0xDF14, 
        0xDF15, 0xDF15, 0xDF14, 0xDAF3, 0x94C3, 0x8000, 0x8000, 0x8000, 0x0000, 0x0000, 0x0000, 0x0000, 0x0000, 0x0000, 0x0000, 0x0000, 
        0x0000, 0x0000, 0x0000, 0x0000, 0x0000, 0x0000, 0x0000, 0x8000, 0x8000, 0x8000, 0x8000, 0x8000, 0xBE2B, 0xDAF3, 0xDF14, 0xDF14, 
        0xDF14, 0xE315, 0xDF14, 0xD6D1, 0x8C62, 0x8000, 0x8000, 0x8000, 0x0000, 0x0000, 0x0000, 0x0000, 0x0000, 0x0000, 0x0000, 0x0000, 
        0x0000, 0x0000, 0x0000, 0x0000, 0x0000, 0x0000, 0x0000, 0x0000, 0x8000, 0x8000, 0x8000, 0x8000, 0xBE2B, 0xDAF3, 0xDF14, 0xDF15, 
        0xDF15, 0xDF15, 0xDAF3, 0xB5C9, 0x8000, 0x8000, 0x8000, 0x8000, 0x8000, 0x0000, 0x0000, 0x0000, 0x0000, 0x0000, 0x0000, 0x0000, 
        0x0000, 0x0000, 0x0000, 0x0000, 0x0000, 0x0000, 0x0000, 0x8000, 0x8000, 0x8000, 0x8000, 0x8000, 0xA125, 0xCA6D, 0xDAF3, 0xDF14, 
        0xE315, 0xDF14, 0xC62C, 0x9082, 0x8000, 0x8000, 0x8000, 0x8000, 0x0000, 0x0000, 0x0000, 0x0000, 0x0000, 0x0000, 0x0000, 0x0000, 
        0x0000, 0x0000, 0x0000, 0x0000, 0x0000, 0x0000, 0x0000, 0x8000, 0x8000, 0x8000, 0x8000, 0x8000, 0x8420, 0x90A3, 0xA125, 0xAD87, 
        0xB5C8, 0xA946, 0x8C62, 0x8000, 0x8000, 0x8000, 0x8000, 0x8000, 0x0000, 0x0000, 0x0000, 0x0000, 0x0000, 0x0000, 0x0000, 0x0000, 
        0x0000, 0x0000, 0x0000, 0x0000, 0x0000, 0x0000, 0x0000, 0x0000, 0x8000, 0x8000, 0x8000, 0x8000, 0x8000, 0x8000, 0x8000, 0x8000, 
        0x8000, 0x8000, 0x8000, 0x8000, 0x8000, 0x8000, 0x8000, 0x8000, 0x0000, 0x0000, 0x0000, 0x0000, 0x0000, 0x0000, 0x0000, 0x0000, 
        0x0000, 0x0000, 0x0000, 0x0000, 0x0000, 0x0000, 0x0000, 0x0000, 0x8000, 0x8000, 0x8000, 0x8000, 0x8000, 0x8000, 0x8000, 0x8000, 
        0x8000, 0x8000, 0x8000, 0x8000, 0x8000, 0x8000, 0x8000, 0x8000, 0x8000, 0x0000, 0x0000, 0x0000, 0x0000, 0x0000, 0x0000, 0x0000, 
        0x0000, 0x0000, 0x0000, 0x0000, 0x0000, 0x0000, 0x0000, 0x8000, 0x8000, 0x8000, 0x8000, 0x8000, 0x8000, 0x8000, 0x8000, 0x8000, 
        0x8000, 0x8000, 0x8000, 0x8000, 0x8000, 0x8000, 0x8000, 0x8000, 0x0000, 0x0000, 0x0000, 0x0000, 0x0000, 0x0000, 0x0000, 0x0000, 
        0x0000, 0x0000, 0x0000, 0x0000, 0x0000, 0x0000, 0x0000, 0x0000, 0x8000, 0x8000, 0x8000, 0x8000, 0x8000, 0x8000, 0x8000, 0x8000, 
        0x8000, 0x8000, 0x8000, 0x8000, 0x8000, 0x8000, 0x8000, 0x8000, 0x0000, 0x0000, 0x0000, 0x0000, 0x0000, 0x0000, 0x0000, 0x0000, 
        0x0000, 0x0000, 0x0000, 0x0000, 0x0000, 0x0000, 0x0000, 0x0000, 0x8000, 0x8000, 0x8000, 0x8000, 0x8000, 0x8000, 0x8000, 0x8000, 
        0x8000, 0x8000, 0x8000, 0x8000, 0x8000, 0x8000, 0x8000, 0x8000, 0x0000, 0x0000, 0x0000, 0x0000, 0x0000, 0x0000, 0x0000, 0x0000, 
        0x0000, 0x0000, 0x0000, 0x0000, 0x0000, 0x0000, 0x0000, 0x8000, 0x8000, 0x8000, 0x8000, 0x8000, 0x8000, 0x8000, 0x8000, 0x8000, 
        0x8000, 0x8000, 0x8000, 0x8000, 0x8000, 0x8000, 0x8000, 0x8000, 0x0000, 0x0000, 0x0000, 0x0000, 0x0000, 0x0000, 0x0000, 0x0000, 
        0x0000, 0x0000, 0x0000, 0x0000, 0x0000, 0x0000, 0x0000, 0x8000, 0x8000, 0x8000, 0x8000, 0x8000, 0x8000, 0x8000, 0x8000, 0x8000, 
        0x8000, 0x8000, 0x8000, 0x8000, 0x8000, 0x8000, 0x8000, 0x8000, 0x0000, 0x0000, 0x0000, 0x0000, 0x0000, 0x0000, 0x0000, 0x0000, 
        0x0000, 0x0000, 0x0000, 0x0000, 0x0000, 0x0000, 0x0000, 0x0000, 0x8000, 0x8000, 0x8000, 0x8000, 0x8000, 0x8000, 0x8000, 0x8000, 
        0x8000, 0x8000, 0x8000, 0x8000, 0x8000, 0x8000, 0x8000, 0x8000, 0x0000, 0x0000, 0x0000, 0x0000, 0x0000, 0x0000, 0x0000, 0x0000, 
        0x0000, 0x0000, 0x0000, 0x0000, 0x0000, 0x0000, 0x0000, 0x8000, 0x8000, 0x8000, 0x8000, 0x8000, 0x8000, 0x8000, 0x8000, 0x8000, 
        0x8000, 0x8000, 0x8000, 0x8000, 0x8000, 0x8000, 0x8000, 0x8000, 0x8000, 0x0000, 0x0000, 0x0000, 0x0000, 0x0000, 0x0000, 0x0000, 
        0x0000, 0x0000, 0x0000, 0x0000, 0x0000, 0x0000, 0x0000, 0x0000, 0x8000, 0x8000, 0x8000, 0x8000, 0x8000, 0x8000, 0x8000, 0x8000, 
        0x8000, 0x8000, 0x8000, 0x8000, 0x8000, 0x8000, 0x8000, 0x8000, 0x0000, 0x0000, 0x0000, 0x0000, 0x0000, 0x0000, 0x0000, 0x0000, 
        0x0000, 0x0000, 0x0000, 0x0000, 0x0000, 0x0000, 0x0000, 0x0000, 0x0000, 0x0000, 0x0000, 0x0000, 0x0000, 0x0000, 0x0000, 0x0000, 
        0x0000, 0x0000, 0x0000, 0x0000, 0x0000, 0x0000, 0x0000, 0x0000, 0x0000, 0x0000, 0x0000, 0x0000, 0x0000, 0x0000, 0x0000, 0x0000, 
        0x0000, 0x0000, 0x0000, 0x0000, 0x0000, 0x0000, 0x0000, 0x0000, 0x0000, 0x0000, 0x0000, 0x0000, 0x0000, 0x0000, 0x0000, 0x0000, 
        0x0000, 0x0000, 0x0000, 0x0000, 0x0000, 0x0000, 0x0000, 0x0000, 0x0000, 0x0000, 0x0000, 0x0000, 0x0000, 0x0000, 0x0000, 0x0000, 
        0x0000, 0x0000, 0x0000, 0x0000, 0x0000, 0x0000, 0x0000, 0x0000, 0x0000, 0x0000, 0x0000, 0x0000, 0x0000, 0x0000, 0x0000, 0x0000, 
        0x0000, 0x0000, 0x0000, 0x0000, 0x0000, 0x0000, 0x0000, 0x0000, 0x0000, 0x0000, 0x0000, 0x0000, 0x0000, 0x0000, 0x0000, 0x0000, 
        0x0000, 0x0000, 0x0000, 0x0000, 0x0000, 0x0000, 0x0000, 0x0000, 0x0000, 0x0000, 0x0000, 0x0000, 0x0000, 0x0000, 0x0000, 0x0000, 
        0x0000, 0x0000, 0x0000, 0x0000, 0x0000, 0x0000, 0x0000, 0x0000, 0x0000, 0x0000, 0x0000, 0x0000, 0x0000, 0x0000, 0x0000, 0x0000, 
        0x0000, 0x0000, 0x0000, 0x0000, 0x0000, 0x0000, 0x0000, 0x0000, 0x0000, 0x0000, 0x0000, 0x0000, 0x0000, 0x0000, 0x0000, 0x0000, 
        0x0000, 0x0000, 0x0000, 0x0000, 0x0000, 0x0000, 0x0000, 0x0000, 0x0000, 0x0000, 0x0000, 0x0000, 0x0000, 0x0000, 0x0000, 0x0000, 
        },
};

// World Floor Map (16 cols x 32 rows)
const uint8_t g_world_floor_map[WORLD_ROWS][WORLD_COLS] = {
    { 1, 1, 1, 1, 1, 1, 1, 1, 1, 1, 1, 1, 1, 1, 1, 1 },
    { 1, 4, 0, 4, 1, 4, 0, 4, 1, 4, 0, 4, 1, 4, 0, 4 },
    { 1, 0, 4, 0, 1, 0, 4, 0, 1, 0, 4, 0, 1, 0, 4, 0 },
    { 1, 4, 0, 4, 1, 4, 0, 4, 1, 4, 0, 4, 1, 4, 0, 4 },
    { 1, 1, 1, 1, 1, 1, 1, 1, 1, 1, 1, 1, 1, 1, 1, 1 },
    { 1, 4, 0, 4, 1, 4, 0, 4, 1, 4, 0, 4, 1, 4, 0, 4 },
    { 1, 0, 4, 0, 1, 0, 4, 0, 1, 0, 4, 0, 1, 0, 4, 0 },
    { 1, 4, 0, 4, 1, 4, 0, 4, 1, 4, 0, 4, 1, 4, 0, 4 },
    { 1, 1, 1, 1, 1, 1, 1, 1, 1, 1, 1, 1, 1, 1, 1, 1 },
    { 1, 4, 0, 4, 1, 4, 0, 4, 1, 4, 0, 4, 1, 4, 0, 4 },
    { 1, 0, 4, 0, 1, 0, 4, 0, 1, 0, 4, 0, 1, 0, 4, 0 },
    { 1, 4, 0, 4, 1, 4, 0, 4, 1, 4, 0, 4, 1, 4, 0, 4 },
    { 1, 1, 1, 1, 2, 2, 2, 2, 2, 2, 2, 2, 2, 1, 1, 1 },
    { 1, 4, 0, 4, 2, 2, 2, 2, 2, 2, 2, 2, 2, 4, 0, 4 },
    { 1, 0, 4, 0, 2, 2, 3, 3, 3, 3, 3, 2, 2, 0, 4, 0 },
    { 1, 4, 0, 4, 2, 2, 3, 3, 3, 3, 3, 2, 2, 4, 0, 4 },
    { 1, 1, 1, 1, 2, 2, 3, 3, 3, 3, 3, 2, 2, 1, 1, 1 },
    { 1, 4, 0, 4, 2, 2, 3, 3, 3, 3, 3, 2, 2, 4, 0, 4 },
    { 1, 0, 4, 0, 2, 2, 3, 3, 3, 3, 3, 2, 2, 0, 4, 0 },
    { 1, 4, 0, 4, 2, 2, 2, 2, 2, 2, 2, 2, 2, 4, 0, 4 },
    { 1, 1, 1, 1, 2, 2, 2, 2, 2, 2, 2, 2, 2, 1, 1, 1 },
    { 1, 4, 0, 4, 1, 4, 0, 4, 1, 4, 0, 4, 1, 4, 0, 4 },
    { 1, 0, 4, 0, 1, 0, 4, 0, 1, 0, 4, 0, 1, 0, 4, 0 },
    { 1, 4, 0, 4, 1, 4, 0, 4, 1, 4, 0, 4, 1, 4, 0, 4 },
    { 1, 1, 1, 1, 1, 1, 1, 1, 1, 1, 1, 1, 1, 1, 1, 1 },
    { 1, 4, 0, 4, 1, 4, 0, 4, 1, 4, 0, 4, 1, 4, 0, 4 },
    { 1, 0, 4, 0, 1, 0, 4, 0, 1, 0, 4, 0, 1, 0, 4, 0 },
    { 1, 4, 0, 4, 1, 4, 0, 4, 1, 4, 0, 4, 1, 4, 0, 4 },
    { 1, 1, 1, 1, 1, 1, 1, 1, 1, 1, 1, 1, 1, 1, 1, 1 },
    { 1, 4, 0, 4, 1, 4, 0, 4, 1, 4, 0, 4, 1, 4, 0, 4 },
    { 1, 0, 4, 0, 1, 0, 4, 0, 1, 0, 4, 0, 1, 0, 4, 0 },
    { 1, 4, 0, 4, 1, 4, 0, 4, 1, 4, 0, 4, 1, 4, 0, 4 },
};

const int g_dungeon_prop_count = 54;
const DungeonProp g_dungeon_props[MAX_DUNGEON_PROPS] = {
    { 80, 64, 1, 14 },
    { 112, 64, 0, 14 },
    { 144, 64, 2, 14 },
    { 176, 64, 0, 14 },
    { 208, 64, 0, 14 },
    { 240, 64, 0, 14 },
    { 272, 64, 2, 14 },
    { 304, 64, 0, 14 },
    { 336, 64, 0, 14 },
    { 368, 64, 2, 14 },
    { 400, 64, 0, 14 },
    { 432, 64, 1, 14 },
    { 256, 64, 3, 14 },
    { 80, 80, 4, 12 },
    { 80, 112, 4, 12 },
    { 80, 144, 4, 12 },
    { 80, 176, 4, 12 },
    { 80, 208, 4, 12 },
    { 80, 240, 4, 12 },
    { 80, 272, 4, 12 },
    { 80, 304, 4, 12 },
    { 80, 336, 4, 12 },
    { 80, 368, 4, 12 },
    { 80, 400, 4, 12 },
    { 80, 432, 4, 12 },
    { 432, 80, 4, 12 },
    { 432, 112, 4, 12 },
    { 432, 144, 4, 12 },
    { 432, 176, 4, 12 },
    { 432, 208, 4, 12 },
    { 432, 240, 4, 12 },
    { 432, 272, 4, 12 },
    { 432, 304, 4, 12 },
    { 432, 336, 4, 12 },
    { 432, 368, 4, 12 },
    { 432, 400, 4, 12 },
    { 432, 432, 4, 12 },
    { 80, 448, 1, 14 },
    { 112, 448, 0, 14 },
    { 144, 448, 2, 14 },
    { 176, 448, 0, 14 },
    { 208, 448, 0, 14 },
    { 304, 448, 0, 14 },
    { 336, 448, 0, 14 },
    { 368, 448, 2, 14 },
    { 400, 448, 0, 14 },
    { 432, 448, 1, 14 },
    { 256, 448, 3, 14 },
    { 160, 160, 7, 10 },
    { 352, 160, 7, 10 },
    { 160, 256, 6, 10 },
    { 352, 256, 6, 10 },
    { 160, 352, 7, 10 },
    { 352, 352, 7, 10 },
};
